Date,Open,High,Low,Close,Adj Close,Volume,Dividends,Stock Splits
2004-08-19,2.490664005279541,2.591784954071045,2.3900420665740967,2.4991331100463867,2.496292352676392,897427216,0.0,0.0
2004-08-20,2.515820026397705,2.7168169021606445,2.5031180381774902,2.697638988494873,2.694572687149048,458857488,0.0,0.0
2004-08-23,2.758410930633545,2.8264060020446777,2.71606993675232,2.7247869968414307,2.7216899394989014,366857939,0.0,0.0
2004-08-24,2.770615100860596,2.779581069946289,2.579581022262573,2.611959934234619,2.6089909076690674,306396159,0.0,0.0
2004-08-25,2.614201068878174,2.689918041229248,2.5873019695281982,2.640104055404663,2.637103080749512,184645512,0.0,0.0
2004-08-26,2.6139519214630127,2.6886720657348637,2.606729030609131,2.687675952911377,2.6846210956573486,142572401,0.0,0.0
2004-08-27,2.6924080848693848,2.705359935760498,2.632383108139038,2.643840074539185,2.6408348083496094,124826132,0.0,0.0
2004-08-30,2.622170925140381,2.627402067184448,2.540726900100708,2.540726900100708,2.537838935852051,104429967,0.0,0.0
2004-08-31,2.547950029373169,2.5830678939819336,2.544462919235229,2.5496931076049805,2.546794891357422,98825037,0.0,0.0
2004-09-01,2.5579121112823486,2.5646369457244877,2.482445001602173,2.496891021728516,2.49405288696289,183633734,0.0,0.0
2004-09-02,2.470489978790283,2.5496931076049805,2.4642629623413086,2.528273105621338,2.525399208068848,303810504,0.0,0.0
2004-09-03,2.5143260955810547,2.5340020656585693,2.473727941513061,2.490912914276123,2.488081693649292,103538639,0.0,0.0
2004-09-07,2.515820026397705,2.540477991104126,2.4809510707855225,2.5300168991088867,2.527141094207764,117506800,0.0,0.0
2004-09-08,2.5090949535369877,2.566132068634033,2.5031180381774902,2.547950029373169,2.5450539588928223,100186120,0.0,0.0
2004-09-09,2.553678035736084,2.5581610202789307,2.515571117401123,2.548198938369751,2.545302391052246,81620792,0.0,0.0
2004-09-10,2.53051495552063,2.6540520191192627,2.523042917251587,2.6234169006347656,2.6204349994659424,174804764,0.0,0.0
2004-09-13,2.655795097351074,2.7001290321350098,2.6515610218048096,2.677464008331299,2.6744205951690674,157628624,0.0,0.0
2004-09-14,2.6762189865112305,2.789544105529785,2.6597800254821777,2.7768421173095703,2.7736856937408447,217608605,0.0,0.0
2004-09-15,2.753679037094116,2.845086097717285,2.7447121143341064,2.789544105529785,2.786373376846313,215279909,0.0,0.0
2004-09-16,2.798012018203736,2.8841888904571533,2.780827045440674,2.8386099338531494,2.835383415222168,186207345,0.0,0.0
2004-09-17,2.849817991256714,2.9262819290161133,2.8281490802764893,2.9262819290161133,2.9229557514190674,190350817,0.0,0.0
2004-09-20,2.912832021713257,3.028647899627685,2.90834903717041,2.9728569984436035,2.969477891921997,213585582,0.0,0.0
2004-09-21,2.984065055847168,2.999258041381836,2.9267799854278564,2.9349989891052246,2.9316627979278564,145262446,0.0,0.0
2004-09-22,2.9240400791168213,2.9805779457092285,2.9093449115753174,2.9484479427337646,2.945096492767334,152344894,0.0,0.0
2004-09-23,2.959906101226806,3.0543019771575928,2.9145750999450684,3.009221076965332,3.005800724029541,171524515,0.0,0.0
2004-09-24,3.012208938598633,3.090914011001587,2.9828200340271,2.984563112258911,2.981170654296875,183336625,0.0,0.0
2004-09-27,2.9778380393981934,3.0107150077819824,2.9340031147003174,2.945460081100464,2.94211220741272,141994242,0.0,0.0
2004-09-28,3.0211760997772217,3.1731059551239014,2.994028091430664,3.1596570014953613,3.1560654640197754,340190355,0.0,0.0
2004-09-29,3.155672073364258,3.3628950119018555,3.14396595954895,3.264763116836548,3.261052131652832,613229953,0.0,0.0
2004-09-30,3.235373020172119,3.295149087905884,3.2129569053649902,3.227900981903076,3.2242319583892822,276468402,0.0,0.0
2004-10-01,3.257788896560669,3.343467950820923,3.210465908050537,3.302123069763184,3.298369646072388,303934969,0.0,0.0
2004-10-04,3.368623971939087,3.4089720249176025,3.3382370471954346,3.3638908863067627,3.360067367553711,261693228,0.0,0.0
2004-10-05,3.353929042816162,3.450316905975342,3.2936549186706543,3.4463319778442383,3.4424147605896,300887589,0.0,0.0
2004-10-06,3.4259090423583984,3.448324918746948,3.3873040676116943,3.414202928543091,3.4103221893310547,268900140,0.0,0.0
2004-10-07,3.4102180004119877,3.483941078186035,3.4010019302368164,3.458287000656128,3.4543561935424805,283643194,0.0,0.0
2004-10-08,3.455049991607666,3.4789600372314453,3.412708044052124,3.430392026901245,3.426492929458618,222442656,0.0,0.0
2004-10-11,3.412209987640381,3.458537101745605,3.333754062652588,3.368872880935669,3.3650436401367188,210437827,0.0,0.0
2004-10-12,3.3484489917755127,3.427402973175049,3.3225460052490234,3.422173023223877,3.418283224105835,234419380,0.0,0.0
2004-10-13,3.56961989402771,3.5753490924835205,3.4889230728149414,3.509346008300781,3.505357027053833,397203256,0.0,0.0
2004-10-14,3.5120859146118164,3.546207904815674,3.4510650634765625,3.536742925643921,3.532722949981689,209835578,0.0,0.0
2004-10-15,3.60971999168396,3.6239171028137207,3.5354979038238525,3.589296102523804,3.5852162837982178,265150137,0.0,0.0
2004-10-18,3.5666310787200928,3.716070890426636,3.5170669555664062,3.715075016021729,3.7108521461486816,282061287,0.0,0.0
2004-10-19,3.7484500408172607,3.7957730293273926,3.669994115829468,3.6846890449523926,3.680500745773315,363918964,0.0,0.0
2004-10-20,3.686929941177368,3.710840940475464,3.476967096328736,3.499134063720703,3.495156764984131,456613107,0.0,0.0
2004-10-21,3.596518993377685,3.73923397064209,3.5272789001464844,3.7205541133880615,3.716325044631958,585767401,0.0,0.0
2004-10-22,4.247579097747803,4.487430095672607,4.086681842803955,4.294652938842773,4.289771556854248,1481207196,0.0,0.0
2004-10-25,4.393531799316406,4.842598915100098,4.297640800476074,4.667504787445068,4.6621994972229,1315480331,0.0,0.0
2004-10-26,4.641104221343994,4.79801607131958,4.483195781707764,4.5280280113220215,4.522881031036377,895628499,0.0,0.0
2004-10-27,4.5509419441223145,4.720306873321533,4.527280807495117,4.6318888664245605,4.62662410736084,536262538,0.0,0.0
2004-10-28,4.649571895599365,4.841601848602295,4.622673034667969,4.814454078674316,4.808981895446777,596097978,0.0,0.0
2004-10-29,4.953681945800781,4.980082988739014,4.747206211090088,4.748202800750732,4.742805480957031,849672890,0.0,0.0
2004-11-01,4.820681095123291,4.923295974731445,4.763894081115723,4.882449150085449,4.876899242401123,490828877,0.0,0.0
2004-11-02,4.950942993164063,4.962648868560791,4.815451145172119,4.85355806350708,4.84804105758667,455553149,0.0,0.0
2004-11-03,4.935998916625977,5.02117919921875,4.750942230224609,4.773856163024902,4.768429756164551,557630330,0.0,0.0
2004-11-04,4.693408012390137,4.742225170135498,4.566633224487305,4.60025691986084,4.595027923583984,578544429,0.0,0.0
2004-11-05,4.532511234283447,4.540481090545654,4.198015213012695,4.217939853668213,4.2131452560424805,796297573,0.0,0.0
2004-11-08,4.257293224334717,4.369622230529785,4.219184875488281,4.297640800476074,4.292755603790283,449349985,0.0,0.0
2004-11-09,4.336246967315674,4.363644123077393,4.116321086883545,4.201751232147217,4.196975231170654,444226854,0.0,0.0
2004-11-10,4.250816822052002,4.296894073486328,4.142722129821777,4.180829048156738,4.176076889038086,427355853,0.0,0.0
2004-11-11,4.212460994720459,4.576595783233643,4.173605918884277,4.558413982391357,4.553232669830322,601666773,0.0,0.0
2004-11-12,4.613458156585693,4.727281093597412,4.418438911437988,4.533009052276611,4.527856349945068,672354740,0.0,0.0
2004-11-15,4.494403839111328,4.69041919708252,4.452063083648682,4.604491233825684,4.599257469177246,477844390,0.0,0.0
2004-11-16,4.420928955078125,4.469995021820068,4.254802227020264,4.297391891479492,4.292507171630859,839832142,0.0,0.0
2004-11-17,4.209721088409424,4.420928955078125,4.209222793579102,4.296395778656006,4.2915120124816895,728034662,0.0,0.0
2004-11-18,4.241352081298828,4.344216823577881,4.127778053283691,4.172859191894531,4.168116092681885,667677273,0.0,0.0
2004-11-19,4.211712837219238,4.233631134033203,4.147453784942627,4.219184875488281,4.214389324188232,352086780,0.0,0.0
2004-11-22,4.096395969390869,4.221675872802734,4.017691135406494,4.112086772918701,4.107412815093994,496582362,0.0,0.0
2004-11-23,4.183568954467773,4.254802227020264,4.146955966949463,4.172360897064209,4.167618274688721,498393124,0.0,0.0
2004-11-24,4.3541789054870605,4.413705825805664,4.296645164489746,4.35268497467041,4.347737312316895,613531078,0.0,0.0
2004-11-26,4.378588199615479,4.483942985534668,4.36663293838501,4.468002796173096,4.462924003601074,260175560,0.0,0.0
2004-11-29,4.492162227630615,4.556670188903809,4.421177864074707,4.509347915649414,4.504222393035889,428263241,0.0,0.0
2004-11-30,4.500879764556885,4.557916164398193,4.489422798156738,4.532511234283447,4.527359485626221,309154460,0.0,0.0
2004-12-01,4.531764030456543,4.545462131500244,4.471988201141357,4.482200145721436,4.477105617523193,315743063,0.0,0.0
2004-12-02,4.480704784393311,4.5208048820495605,4.447081089019775,4.468252182006836,4.463173389434815,251374696,0.0,0.0
2004-12-03,4.4819512367248535,4.509596824645996,4.423419952392578,4.49315881729126,4.488051414489746,235647968,0.0,0.0
2004-12-06,4.461526870727539,4.500630855560303,4.384067058563232,4.390791893005371,4.385800838470459,251097661,0.0,0.0
2004-12-07,4.38356876373291,4.388551235198975,4.247828006744385,4.269745826721191,4.264892578,275866153,0.0,0.0
2004-12-08,4.242846965789795,4.325786113739014,4.202497959136963,4.233631134033203,4.228818893432617,302802741,0.0,0.0
2004-12-09,4.240355968475342,4.321302890777588,4.196022033691406,4.319559097290039,4.3146491050720215,307307563,0.0,0.0
2004-12-10,4.319559097290039,4.355673789978027,4.26625919342041,4.275225162506104,4.270365715026856,173335277,0.0,0.0
2004-12-13,4.288177013397217,4.313333034515381,4.220430850982666,4.245337009429932,4.240511417388916,193466452,0.0,0.0
2004-12-14,4.259036064147949,4.453805923461914,4.224166870117188,4.450568199157715,4.445509433746338,445198482,0.0,0.0
2004-12-15,4.433134078979492,4.500380992889404,4.400008201599121,4.477715969085693,4.472626209259033,460559845,0.0,0.0
2004-12-16,4.407230854034424,4.495399951934815,4.382324219,4.395275115966797,4.390279293060303,344197318,0.0,0.0
2004-12-17,4.4024977684021,4.4956488609313965,4.397267818450928,4.485188007354736,4.4800896644592285,296555412,0.0,0.0
2004-12-20,4.533009052276611,4.693905830383301,4.529770851135254,4.608226776123047,4.6029887199401855,394854485,0.0,0.0
2004-12-21,4.64035701751709,4.679460048675537,4.567877769470215,4.576595783233643,4.571393966674805,221479058,0.0,0.0
2004-12-22,4.580331802368164,4.653806209564209,4.558165073394775,4.640108108520508,4.634833812713623,156865776,0.0,0.0
2004-12-23,4.668749809265137,4.69739294052124,4.632636070251465,4.679957866668701,4.674638271331787,145125936,0.0,0.0
2004-12-27,4.711091995239258,4.814454078674316,4.709846019744873,4.779833793640137,4.77440071105957,245079187,0.0,0.0
2004-12-28,4.784814834594727,4.820681095123291,4.757418155670166,4.801004886627197,4.795547962188721,166453579,0.0,0.0
2004-12-29,4.7765960693359375,4.819933891296387,4.7765960693359375,4.804491996765137,4.799030780792236,107525527,0.0,0.0
2004-12-30,4.806234836578369,4.937243938446045,4.778339862823486,4.921553134918213,4.915958881378174,237057231,0.0,0.0
2004-12-31,4.962151050567627,4.978340148925781,4.796022891998291,4.801752090454102,4.796294212341309,307889737,0.0,0.0
2005-01-03,4.916571140289307,5.071989059448242,4.868253231048584,5.048826217651367,5.043087482452393,636143518,0.0,0.0
2005-01-04,5.01619815826416,5.054305076599121,4.818936824798584,4.844342231750488,4.838835716247559,552298420,0.0,0.0
2005-01-05,4.818190097808838,4.904118061065674,4.787804126739502,4.819684982299805,4.814206600189209,330698912,0.0,0.0
2005-01-06,4.858788013458252,4.879211902618408,4.675475120544434,4.696147918701172,4.690810203552246,417041336,0.0,0.0
2005-01-07,4.748202800750732,4.83811616897583,4.701876163482666,4.828153133392334,4.822665214538574,387964757,0.0,0.0
2005-01-10,4.844342231750488,4.934006214141846,4.777841091156006,4.858290195465088,4.8527679443359375,302714411,0.0,0.0
2005-01-11,4.872238159179688,4.924293041229248,4.811464786529541,4.820432186126709,4.814952850341797,279391317,0.0,0.0
2005-01-12,4.8401079177856445,4.8799591064453125,4.744716167449951,4.866260051727295,4.860728740692139,328338096,0.0,0.0
2005-01-13,4.866260051727295,4.916322231292725,4.833134174346924,4.865015029907227,4.859485149383545,275002929,0.0,0.0
2005-01-14,4.881701946258545,4.9815778732299805,4.835126876831055,4.980582237243652,4.974921226501465,387057368,0.0,0.0
2005-01-18,5.00548791885376,5.106359958648682,4.947954177856445,5.078464984893799,5.072692394256592,528878966,0.0,0.0
2005-01-19,5.097145080566406,5.1133341789245605,4.899385929107666,4.91408109664917,4.9084954261779785,451995865,0.0,0.0
2005-01-20,4.794528961181641,4.88792896270752,4.782075881958008,4.829895973205566,4.824406147003174,361413608,0.0,0.0
2005-01-21,4.845337867736816,4.865762233734131,4.68543815612793,4.689423084259033,4.684092998504639,371724110,0.0,0.0
2005-01-24,4.699635028839111,4.715575218200684,4.491166114807129,4.501129150390625,4.4960126876831055,563010421,0.0,0.0
2005-01-25,4.531515121459961,4.538987159729004,4.390791893005371,4.411465167999268,4.406450748443604,427966132,0.0,0.0
2005-01-26,4.465013980865479,4.717566967010498,4.462025165557861,4.7133331298828125,4.7079758644104,494161321,0.0,0.0
2005-01-27,4.701377868652344,4.703868865966797,4.612709999084473,4.684442043304443,4.679117202758789,266089645,0.0,0.0
2005-01-28,4.732759952545166,4.8493242263793945,4.641104221343994,4.7407307624816895,4.735342025756836,490158373,0.0,0.0
2005-01-31,4.824168205261231,4.890668869018555,4.775102138519287,4.872238159179688,4.866700172424316,385306832,0.0,0.0
2005-02-01,4.841352939605713,4.898140907287598,4.74795389175415,4.779584884643555,4.7741522789001465,756384528,0.0,0.0
2005-02-02,5.368627071380615,5.399759769439697,5.072486877441406,5.129772186279297,5.123941421508789,1316889593,0.0,0.0
2005-02-03,5.130519866943359,5.3143310546875,5.126036167144775,5.251814842224121,5.245845317840576,521471303,0.0,0.0
2005-02-04,5.142475128173828,5.174355030059815,5.046085834503174,5.089921951293945,5.084136486053467,594993855,0.0,0.0
2005-02-07,5.112338066101074,5.140730857849121,4.869497776031494,4.882449150085449,4.876899242401123,520359150,0.0,0.0
2005-02-08,4.905612945556641,4.9818267822265625,4.845088958740234,4.947455883026123,4.941832542419434,460921194,0.0,0.0
2005-02-09,5.000257968902588,5.02117919921875,4.718812942504883,4.771615028381348,4.766191482543945,689434520,0.0,0.0
2005-02-10,4.781328201293945,4.78730583190918,4.613955974578857,4.68195104598999,4.676629066467285,762154073,0.0,0.0
2005-02-11,4.649074077606201,4.790046215057373,4.634378910064697,4.667504787445068,4.6621994972229,526606480,0.0,0.0
2005-02-14,4.554180145263672,4.8089752197265625,4.508102893829346,4.806733131408691,4.801269531,1548269624,0.0,0.0
2005-02-15,4.821926116943359,4.977344036102295,4.8089752197265625,4.862524032592773,4.856997013092041,1035177611,0.0,0.0
2005-02-16,4.8493242263793945,4.964641094207764,4.839361190795898,4.941727161407471,4.936110019683838,663770685,0.0,0.0
2005-02-17,4.927280902862549,4.975101947784424,4.901876926422119,4.929025173187256,4.923422336578369,418137429,0.0,0.0
2005-02-18,4.944218158721924,4.952436923980713,4.898140907287598,4.930270195007324,4.924665927886963,340708289,0.0,0.0
2005-02-22,4.894155979156494,4.953930854797363,4.741975784301758,4.766384124755859,4.760966300964356,541369609,0.0,0.0
2005-02-23,4.814454078674316,4.843843936920166,4.698886871337891,4.830644130706787,4.825153350830078,625776806,0.0,0.0
2005-02-24,4.567131042480469,4.7285261154174805,4.538737773895264,4.704616069793701,4.699268341064453,1036442333,0.0,0.0
2005-02-25,4.711091995239258,4.730269908905029,4.620430946350098,4.629397869110107,4.624135971069336,400435325,0.0,0.0
2005-02-28,4.632636070251465,4.7290239334106445,4.628900051116943,4.682199954986572,4.676877975463867,313908211,0.0,0.0
2005-03-01,4.714579105377197,4.726036071777344,4.533009052276611,4.634130001068115,4.628862380981445,373844027,0.0,0.0
2005-03-02,4.63139009475708,4.674230098724365,4.591788768768311,4.612212181091309,4.606969833374023,292512314,0.0,0.0
2005-03-03,4.635873794555664,4.67622184753418,4.5905442237854,4.6577911376953125,4.652496814727783,305484756,0.0,0.0
2005-03-04,4.650070190429688,4.663768768310547,4.60947322845459,4.630145072937012,4.624882221221924,271979640,0.0,0.0
2005-03-07,4.6769700050354,4.722300052642822,4.658289909362793,4.702622890472412,4.697277545928955,347995502,0.0,0.0
2005-03-08,4.709846019744873,4.7285261154174805,4.606982231140137,4.612709999084473,4.607466697692871,323050350,0.0,0.0
2005-03-09,4.588053226470947,4.599011898040772,4.487181186676025,4.516819953918457,4.511685848236084,456119263,0.0,0.0
2005-03-10,4.508351802825928,4.513083934783936,4.418438911437988,4.4826979637146,4.477602481842041,440063306,0.0,0.0
2005-03-11,4.494154930114746,4.506856918334961,4.412211894989014,4.428400993347168,4.423367500305176,322335682,0.0,0.0
2005-03-14,4.4416022300720215,4.443345069885254,4.298140048980713,4.358414173126221,4.353460311889648,447535208,0.0,0.0
2005-03-15,4.366135120391846,4.483195781707764,4.338985919952393,4.448575973510742,4.443519592285156,418446584,0.0,0.0
2005-03-16,4.401003837585449,4.448575973510742,4.358911991119385,4.373607158660889,4.368635654449463,285317446,0.0,0.0
2005-03-17,4.41171407699585,4.474228858947754,4.378588199615479,4.465511798858643,4.46043586730957,331662510,0.0,0.0
2005-03-18,4.453557014465332,4.49315881729126,4.441103935241699,4.48419189453125,4.479094982147217,284663002,0.0,0.0
2005-03-21,4.465013980865479,4.537242889404297,4.414702892303467,4.5051140785217285,4.499993324279785,300470030,0.0,0.0
2005-03-22,4.512586116790772,4.531515121459961,4.429646968841553,4.44832706451416,4.443270683288574,226112360,0.0,0.0
2005-03-23,4.4326348304748535,4.48917293548584,4.4326348304748535,4.457790851593018,4.452723979949951,194526410,0.0,0.0
2005-03-24,4.500630855560303,4.504615783691406,4.463271141052246,4.4645161628723145,4.459441661834717,148763520,0.0,0.0
2005-03-28,4.525039196014404,4.602747917175293,4.506856918334961,4.5185627937316895,4.513426780700684,350830087,0.0,0.0
2005-03-29,4.509347915649414,4.564889907836914,4.435125827789307,4.4724860191345215,4.467402458190918,259890496,0.0,0.0
2005-03-30,4.499135971069336,4.51931095123291,4.473233222961426,4.494403839111328,4.48929500579834,250378977,0.0,0.0
2005-03-31,4.4321370124816895,4.517816066741943,4.4244160652160645,4.4958977699279785,4.490787506103516,271758815,0.0,0.0
2005-04-01,4.527031898498535,4.556670188903809,4.482946872711182,4.48419189453125,4.479094982147217,248206866,0.0,0.0
2005-04-04,4.4819512367248535,4.61569881439209,4.47921085357666,4.614952087402344,4.609706401824951,324266893,0.0,0.0
2005-04-05,4.675724029541016,4.738738059997559,4.671739101409912,4.696646213531494,4.691307544708252,350777892,0.0,0.0
2005-04-06,4.7133331298828125,4.723545074462891,4.671988010406494,4.71283483505249,4.707478046417236,210891521,0.0,0.0
2005-04-07,4.701876163482666,4.8473310470581055,4.698389053344727,4.825911045074463,4.820425510406494,389141150,0.0,0.0
2005-04-08,4.824168205261231,4.859285831451416,4.76837682723999,4.783320903778076,4.777884006500244,205431131,0.0,0.0
2005-04-11,4.8092241287231445,4.851813793182373,4.790046215057373,4.812710762023926,4.80724048614502,217231195,0.0,0.0
2005-04-12,4.806982040405273,4.842350006103516,4.717566967010498,4.830893039703369,4.825401782989502,293881426,0.0,0.0
2005-04-13,4.818687915802002,4.839859008789063,4.7255377769470215,4.805239200592041,4.799777507781982,263214910,0.0,0.0
2005-04-14,4.813706874847412,4.840855121612549,4.734753131866455,4.76837682723999,4.762956619262695,247030473,0.0,0.0
2005-04-15,4.734753131866455,4.7407307624816895,4.5992608070373535,4.607728958129883,4.60249137878418,464831797,0.0,0.0
2005-04-18,4.597268104553223,4.679460048675537,4.570119857788086,4.656795024871826,4.651501655578613,262994085,0.0,0.0
2005-04-19,4.715575218200684,4.782075881958008,4.683196067810059,4.767131805419922,4.761713027954102,338463908,0.0,0.0
2005-04-20,4.945960998535156,4.993782043457031,4.87946081161499,4.934006214141846,4.928398132324219,620376641,0.0,0.0
2005-04-21,4.991789817810059,5.105862140655518,4.964392185211182,5.086434841156006,5.080653190612793,712737539,0.0,0.0
2005-04-22,5.551691055297852,5.57908821105957,5.336496829986572,5.375102996826172,5.368993282318115,1333182435,0.0,0.0
2005-04-25,5.425165176391602,5.5975189208984375,5.417693138122559,5.567381858825684,5.56105375289917,796574608,0.0,0.0
2005-04-26,5.484941005706787,5.529274940490723,5.43687105178833,5.448328018188477,5.442135334014893,693469588,0.0,0.0
2005-04-27,5.429399013519287,5.500631809234619,5.398265838623047,5.473981857299805,5.467759609222412,412131000,0.0,0.0
2005-04-28,5.467008113861084,5.531267166137695,5.422424793243408,5.465763092041016,5.459550380706787,348613811,0.0,0.0
2005-04-29,5.527032852172852,5.535501956939697,5.425165176391602,5.479462146759033,5.473233699798584,368182886,0.0,0.0
2005-05-02,5.530519962310791,5.571616172790527,5.484692096710205,5.536498069763184,5.530204772949219,392160425,0.0,0.0
2005-05-03,5.525538921356201,5.682450771331787,5.512338161468506,5.633634090423584,5.627230644226074,713873782,0.0,0.0
2005-05-04,5.659536838531494,5.725539207458496,5.653808116912842,5.691167831420898,5.684699058532715,485151677,0.0,0.0
2005-05-05,5.694157123565674,5.694157123565674,5.625913143157959,5.65330982208252,5.646883964538574,301509913,0.0,0.0
2005-05-06,5.688676834106445,5.709847927093506,5.640607833862305,5.679213047027588,5.672757625579834,271570110,0.0,0.0
2005-05-09,5.678715229034424,5.691167831420898,5.6147050857543945,5.62939977645874,5.6230010986328125,222302131,0.0,0.0
2005-05-10,5.615701198577881,5.673733234405518,5.597021102905273,5.673733234405518,5.66728401184082,254783425,0.0,0.0
2005-05-11,5.702874183654785,5.777842998504639,5.676970958709717,5.760657787322998,5.754109859466553,460873014,0.0,0.0
2005-05-12,5.748702049255371,5.784070014953613,5.683695793151856,5.696648120880127,5.690173149108887,359269602,0.0,0.0
2005-05-13,5.708105087280273,5.755675792694092,5.661777973175049,5.709599018096924,5.703109264373779,297731805,0.0,0.0
2005-05-16,5.720558166503906,5.768877029418945,5.6929121017456055,5.754680156707764,5.748138904571533,228107811,0.0,0.0
2005-05-17,5.742475986480713,5.814455986022949,5.733509063720703,5.806486129760742,5.799886226654053,313526787,0.0,0.0
2005-05-18,5.818440914154053,5.976847171783447,5.816198825836182,5.9566731452941895,5.949902534484863,494325936,0.0,0.0
2005-05-19,5.986063003540039,6.006734848022461,5.934505939483643,5.9571709632873535,5.950399875640869,390116793,0.0,0.0
2005-05-20,6.007731914520264,6.01918888092041,5.968876838684082,6.017693996429443,6.01085376739502,327763952,0.0,0.0
2005-05-23,6.056300163269043,6.428404808044434,6.045092105865479,6.362401962280273,6.355170249938965,858738744,0.0,0.0
2005-05-24,6.40001106262207,6.611219882965088,6.313834190368652,6.376101016998291,6.368853569030762,1166078427,0.0,0.0
2005-05-25,6.294655799865723,6.500135898590088,6.24235200881958,6.495902061462402,6.488518238067627,725023418,0.0,0.0
2005-05-26,6.499638080596924,6.569375991821289,6.433385848999023,6.455801963806152,6.4484639167785645,543895039,0.0,0.0
2005-05-27,6.487184047698975,6.626412868499756,6.457046985626221,6.625166893005371,6.617636203765869,489190760,0.0,0.0
2005-05-31,6.710597038269043,6.934010028839111,6.709103107452393,6.90586519241333,6.89801549911499,892805959,0.0,0.0
2005-06-01,7.053562164306641,7.294907093048096,7.024171829223633,7.173112869262695,7.16495943069458,1412944285,0.0,0.0
2005-06-02,7.191295146942139,7.217446804046631,7.088430881500244,7.170622825622559,7.162472248077393,721658854,0.0,0.0
2005-06-03,7.142975807189941,7.20549201965332,6.909351825714111,6.98033618927002,6.972402095794678,754108027,0.0,0.0
2005-06-06,7.033387184143066,7.316327095031738,7.019439220428467,7.246338844299316,7.238102436065674,904413304,0.0,0.0
2005-06-07,7.399764060974121,7.461781024932861,7.230399131774902,7.300634860992432,7.292336463928223,976566743,0.0,0.0
2005-06-08,7.293910980224609,7.302379131317139,6.924046993255615,6.9629011154174805,6.954986572265625,1031889331,0.0,0.0
2005-06-09,7.09142017364502,7.1855669021606445,6.987808227539063,7.131021022796631,7.122915267944336,660109011,0.0,0.0
2005-06-10,7.147957801818848,7.155180931091309,6.974358081817627,7.036127090454102,7.028129577636719,509767599,0.0,0.0
2005-06-13,6.969377040863037,7.078218936920166,6.887185096740723,7.042354106903076,7.03434944152832,514047581,0.0,0.0
2005-06-14,6.938742160797119,7.004744052886963,6.917819976806641,6.932764053344727,6.924883842468262,405189077,0.0,0.0
2005-06-15,6.849327087402344,6.906611919403076,6.660783767700195,6.844346046447754,6.83656644821167,838454999,0.0,0.0
2005-06-16,6.830895900726318,6.931519031524658,6.801257133483887,6.910099029541016,6.902244567871094,500364485,0.0,0.0
2005-06-17,6.948954105377197,6.981331825256348,6.871743202209473,6.981331825256348,6.973396301269531,418940428,0.0,0.0
2005-06-20,6.876474857330322,7.164894104003906,6.767881870269775,7.140735149383545,7.132618427276611,844140229,0.0,0.0
2005-06-21,7.174857139587402,7.230399131774902,7.097646236419678,7.169127941131592,7.160979270935059,607560783,0.0,0.0
2005-06-22,7.214707851409912,7.280710220336914,7.189801216125488,7.20549201965332,7.197301864624023,420530365,0.0,0.0
2005-06-23,7.173112869262695,7.342728137969971,7.135753154754639,7.215703964233398,7.207502365112305,564363474,0.0,0.0
2005-06-24,7.245343208312988,7.42218017578125,7.212465763092041,7.403500080108643,7.395084857940674,713512433,0.0,0.0
2005-06-27,7.444595813751221,7.5833258628845215,7.319066047668457,7.57411003112793,7.565500736236572,714785186,0.0,0.0
2005-06-28,7.628407001495361,7.702380180358887,7.521805763244629,7.521805763244629,7.513256072998047,764314139,0.0,0.0
2005-06-29,7.534259796142578,7.58108377456665,7.27647590637207,7.290672779083252,7.28238582611084,734691521,0.0,0.0
2005-06-30,7.331021785736084,7.445343017578125,7.2488298416137695,7.326289176940918,7.317961692810059,606039101,0.0,0.0
2005-07-01,7.348455905914307,7.3783440589904785,7.203499794006348,7.254059791564941,7.245814323425293,370487492,0.0,0.0
2005-07-05,7.275230884552002,7.371868133544922,7.228654861450195,7.365143775939941,7.356771945953369,300883574,0.0,0.0
2005-07-06,7.404745101928711,7.412217140197754,7.257297992706299,7.260785102844238,7.252532005310059,321211484,0.0,0.0
2005-07-07,7.207734107971191,7.367384910583496,7.185815811157227,7.360909938812256,7.352542877197266,428484066,0.0,0.0
2005-07-08,7.378592967987059,7.409727096557617,7.323799133300781,7.378095149993896,7.36970853805542,299422117,0.0,0.0
2005-07-11,7.382328987121582,7.387310981750488,7.248331069946289,7.306364059448242,7.298058986663818,336869956,0.0,0.0
2005-07-12,7.307360172271728,7.332516193389893,7.246089935302734,7.267261028289795,7.259000778198242,235475323,0.0,0.0
2005-07-13,7.285441875457764,7.45306396484375,7.275230884552002,7.443600177764893,7.435139179229736,459230882,0.0,0.0
2005-07-14,7.604994773864746,7.64011287689209,7.473736763000488,7.494160175323486,7.485641956329346,428307406,0.0,0.0
2005-07-15,7.502877235412598,7.556675910949707,7.4665141105651855,7.501632213592529,7.493105411529541,338801168,0.0,0.0
2005-07-18,7.4719929695129395,7.51931619644165,7.415953159332275,7.460536003112793,7.452055931091309,249242734,0.0,0.0
2005-07-19,7.52429723739624,7.729776859283447,7.516825199127197,7.718568801879883,7.709795475006103,506748324,0.0,0.0
2005-07-20,7.61072301864624,7.786066055297852,7.516825199127197,7.770873069763184,7.762040138244629,574561556,0.0,0.0
2005-07-21,7.821930885314941,7.91533088684082,7.75119686126709,7.819191932678223,7.810304164886475,794543021,0.0,0.0
2005-07-22,7.630648136138916,7.702380180358887,7.38058614730835,7.531768798828125,7.523207664489746,938978379,0.0,0.0
2005-07-25,7.531519889831543,7.553936004638672,7.346464157104492,7.368630886077881,7.360255241394043,387800142,0.0,0.0
2005-07-26,7.34770917892456,7.42218017578125,7.27498197555542,7.374608039855957,7.366225719451904,394147846,0.0,0.0
2005-07-27,7.415703773498535,7.427907943725586,7.282702922821045,7.3955302238464355,7.387124061584473,289798178,0.0,0.0
2005-07-28,7.407485008239746,7.407485008239746,7.304619789123535,7.310100078582764,7.301791191101074,237912424,0.0,0.0
2005-07-29,7.276226997375488,7.293662071228027,7.147957801818848,7.167136192321777,7.158989429473877,335785908,0.0,0.0
2005-08-01,7.176102161407471,7.285192966461182,7.175603866577148,7.263026237487793,7.254770755767822,227344963,0.0,0.0
2005-08-02,7.262776851654053,7.460038185119629,7.250822067260742,7.451818943023682,7.443348884582519,292701018,0.0,0.0
2005-08-03,7.42218017578125,7.465019226074219,7.362403869628906,7.404745101928711,7.396328449249268,238113174,0.0,0.0
2005-08-04,7.361158847808838,7.447085857391357,7.353686809539795,7.415454864501953,7.4070258140563965,210245108,0.0,0.0
2005-08-05,7.409727096557617,7.434882164001465,7.25555419921875,7.28145694732666,7.273180484771728,238478538,0.0,0.0
2005-08-08,7.312591075897217,7.363648891448975,7.235130786895752,7.254059791564941,7.245814323425293,179943955,0.0,0.0
2005-08-09,7.2717437744140625,7.289677143096924,7.185815811157227,7.262030124664307,7.253775596618652,232038489,0.0,0.0
2005-08-10,7.25530481338501,7.280959129333496,7.095405101776123,7.115330219268799,7.107242584228516,276191367,0.0,0.0
2005-08-11,7.120560169219971,7.1377458572387695,6.989302158355713,7.074731826782227,7.066690444946289,301722708,0.0,0.0
2005-08-12,7.057547092437744,7.227908134460449,7.014707088470459,7.2159528732299805,7.207750797271728,264423423,0.0,0.0
2005-08-15,7.217945098876953,7.29191780090332,7.067758083343506,7.073486804962158,7.065446853637695,328213631,0.0,0.0
2005-08-16,7.095405101776123,7.167882919311523,7.0570478439331055,7.114583015441895,7.106496334075928,285433881,0.0,0.0
2005-08-17,7.111095905303955,7.137496948242188,7.073486804962158,7.100883960723877,7.092812538146973,155914222,0.0,0.0
2005-08-18,6.871992111206055,6.986313819885254,6.849327087402344,6.973610877990723,6.965684413909912,476692087,0.0,0.0
2005-08-19,6.998517990112305,7.009974956512451,6.964395999908447,6.973859786987305,6.965932846069336,222547046,0.0,0.0
2005-08-22,7.004744052886963,7.010472774505615,6.808230876922607,6.824668884277344,6.816911697387695,273541472,0.0,0.0
2005-08-23,6.878219127655029,6.9673848152160645,6.827408790588379,6.9633989334106445,6.955483913421631,233740846,0.0,0.0
2005-08-24,6.913337230682373,7.092166900634766,6.885441780090332,7.037869930267334,7.02987003326416,345012362,0.0,0.0
2005-08-25,7.03737211227417,7.073486804962158,6.973113059997559,7.038368225097656,7.030367851257324,175720183,0.0,0.0
2005-08-26,7.060534954071045,7.098892211914063,7.040112018585205,7.063025951385498,7.05499792098999,150775031,0.0,0.0
2005-08-29,7.029651165008545,7.201008796691895,7.029651165008545,7.18432092666626,7.176154613494873,237005036,0.0,0.0
2005-08-30,7.157919883728027,7.210721969604492,7.120310783386231,7.154932022094727,7.146799087524414,192398464,0.0,0.0
2005-08-31,7.178842067718506,7.1855669021606445,7.082452774047852,7.123300075531006,7.115203380584717,202114747,0.0,0.0
2005-09-01,7.121058940887451,7.160659790039063,7.098392963409424,7.1295270919799805,7.121423244476318,110095123,0.0,0.0
2005-09-02,7.136003017425537,7.222678184509277,7.134259223937988,7.18432092666626,7.176154613494873,137894934,0.0,0.0
2005-09-06,7.198019981384277,7.207734107971191,7.143225193023682,7.150946140289307,7.142817974090576,169123549,0.0,0.0
2005-09-07,7.120560169219971,7.359912872314453,7.105367183685303,7.344222068786621,7.335874080657959,301104399,0.0,0.0
2005-09-08,7.343225955963135,7.454060077667236,7.306612968444824,7.357173919677734,7.348811149597168,265523531,0.0,0.0
2005-09-09,7.404246807098389,7.44957685470581,7.386313915252685,7.4493279457092285,7.440860748291016,176278267,0.0,0.0
2005-09-12,7.515580177307129,7.756426811218262,7.4969000816345215,7.714583873748779,7.705814838409424,417017246,0.0,0.0
2005-09-13,7.696153163909912,7.858792781829834,7.625667095184326,7.762903213500977,7.754079341888428,413540262,0.0,0.0
2005-09-14,7.689427852630615,7.80275297164917,7.479465007781982,7.546712875366211,7.538135051727295,452722579,0.0,0.0
2005-09-15,7.460038185119629,7.64011287689209,7.419938087463379,7.5372490882873535,7.528681755065918,620966845,0.0,0.0
2005-09-16,7.572117805480957,7.584073066711426,7.468754768371582,7.476974010467529,7.468475341796875,304328438,0.0,0.0
2005-09-19,7.4969000816345215,7.621432781219482,7.4896769523620605,7.566389083862305,7.557788848876953,231339881,0.0,0.0
2005-09-20,7.625168800354004,7.753437995910644,7.602254867553711,7.669004917144775,7.660287857055664,375441994,0.0,0.0
2005-09-21,7.681457996368408,7.814709186553955,7.620437145233154,7.76838207244873,7.759552001953125,406305245,0.0,0.0
2005-09-22,7.758419990539551,7.9506988525390625,7.72529411315918,7.755181789398193,7.74636697769165,522206047,0.0,0.0
2005-09-23,7.795780181884766,7.900636196136475,7.785568237304687,7.854558944702148,7.845631122589111,340623975,0.0,0.0
2005-09-26,7.957673072814941,7.993786811828613,7.784821033477783,7.827660083770752,7.81876277923584,397259466,0.0,0.0
2005-09-27,7.84434700012207,7.930523872375488,7.805243968963623,7.819191932678223,7.810304164886475,275954483,0.0,0.0
2005-09-28,7.826166152954102,7.848083019256592,7.611470222473144,7.621432781219482,7.612769603729248,321095049,0.0,0.0
2005-09-29,7.638370037078857,7.738992214202881,7.6234259605407715,7.711595058441162,7.702829360961914,225393676,0.0,0.0
2005-09-30,7.826166152954102,7.907858848571777,7.7780961990356445,7.881956100463867,7.872996807098389,367424053,0.0,0.0
2005-10-03,7.811470985412598,7.972866058349609,7.790548801422119,7.937249183654785,7.928227424621582,367785402,0.0,0.0
2005-10-04,7.968881130218506,8.002006530761719,7.739490032196045,7.745965957641602,7.737161636352539,367143003,0.0,0.0
2005-10-05,7.788057804107666,7.843101978302002,7.67124605178833,7.738742828369141,7.729946613311768,334384676,0.0,0.0
2005-10-06,7.8241729736328125,7.832641124725342,7.723300933837891,7.789553165435791,7.780699253082275,320950509,0.0,0.0
2005-10-07,7.840362071990967,7.8871870040893555,7.734508991241455,7.795529842376709,7.78666877746582,271827070,0.0,0.0
2005-10-10,7.803501129150391,7.8411102294921875,7.699889183044434,7.73724889755249,7.728454113006592,223723439,0.0,0.0
2005-10-11,7.736252784729004,7.787062168121338,7.593039035797119,7.623923778533935,7.615257740020752,342984790,0.0,0.0
2005-10-12,7.601508140563965,7.651072025299072,7.447085857391357,7.496152877807617,7.487632274627685,373643277,0.0,0.0
2005-10-13,7.521805763244629,7.521805763244629,7.23986291885376,7.40823221206665,7.399811744689941,424292413,0.0,0.0
2005-10-14,7.469501972198486,7.47772216796875,7.286190032958984,7.375853061676025,7.367469310760498,342041267,0.0,0.0
2005-10-17,7.409727096557617,7.601508140563965,7.336501121520996,7.596526145935059,7.587891578674316,303802474,0.0,0.0
2005-10-18,7.595530033111572,7.670249938964844,7.540236949920654,7.55368709564209,7.545101165771484,284173173,0.0,0.0
2005-10-19,7.571619987487793,7.717822074890137,7.57062292098999,7.688681125640869,7.679941654205322,281479113,0.0,0.0
2005-10-20,7.720810890197754,7.749204158782959,7.502130031585693,7.551693916320801,7.543110370635986,558553779,0.0,0.0
2005-10-21,8.612716674804688,8.628409385681152,8.293911933898926,8.465767860412598,8.456145286560059,919128253,0.0,0.0
2005-10-24,8.552193641662598,8.699891090393066,8.522804260253906,8.683700561523438,8.673830032348633,378682093,0.0,0.0
2005-10-25,8.612218856811523,8.652567863464355,8.539491653442383,8.640363693237305,8.630542755126953,276163262,0.0,0.0
2005-10-26,8.624672889709473,8.866765022277832,8.622430801391602,8.852816581726074,8.842754364013672,357635500,0.0,0.0
2005-10-27,8.881709098815918,8.893913269042969,8.759167671203613,8.793540000915527,8.783544540405273,206145800,0.0,0.0
2005-10-28,8.848583221435547,8.940239906311035,8.84235668182373,8.920812606811523,8.910673141479492,237025111,0.0,0.0
2005-10-31,8.972369194030762,9.333765029907228,8.954188346862793,9.268757820129396,9.258222579956056,575866428,0.0,0.0
2005-11-01,9.261784553527832,9.561660766601562,9.190800666809082,9.44908332824707,9.438343048095703,656696267,0.0,0.0
2005-11-02,9.506866455078123,9.58905792236328,9.394039154052734,9.456555366516112,9.445806503295898,424200069,0.0,0.0
2005-11-03,9.524550437927246,9.628410339355469,9.498895645141602,9.61271858215332,9.601792335510254,299052737,0.0,0.0
2005-11-04,9.713092803955078,9.758173942565918,9.600266456604004,9.7243013381958,9.713248252868652,354319116,0.0,0.0
2005-11-07,9.840615272521973,9.899643898010254,9.76714038848877,9.838871002197266,9.82768726348877,385098052,0.0,0.0
2005-11-08,9.819443702697754,9.852819442749023,9.678223609924316,9.711099624633787,9.700061798095703,317084071,0.0,0.0
2005-11-09,9.63065242767334,9.671001434326172,9.41545867919922,9.443353652954102,9.43262004852295,420245300,0.0,0.0
2005-11-10,9.423678398132324,9.747215270996094,9.400514602661133,9.74098777770996,9.729915618896484,366516664,0.0,0.0
2005-11-11,9.841113090515137,9.885446548461914,9.684947967529297,9.723553657531738,9.712501525878906,283615089,0.0,0.0
2005-11-14,9.766392707824709,9.91832447052002,9.751697540283203,9.887189865112305,9.875951766967772,313486637,0.0,0.0
2005-11-15,9.82268238067627,9.887937545776367,9.737252235412598,9.783329963684082,9.772209167480469,346289130,0.0,0.0
2005-11-16,9.868012428283691,9.934015274047852,9.815957069396973,9.916580200195312,9.905308723449709,349111670,0.0,0.0
2005-11-17,10.007489204406738,10.057552337646484,9.950950622558594,10.048584938049316,10.03716278076172,369869183,0.0,0.0
2005-11-18,10.04958152770996,10.074736595153809,9.958922386169434,9.967887878417969,9.956558227539062,282077347,0.0,0.0
2005-11-21,9.94198513031006,10.211226463317873,9.800515174865724,10.195783615112305,10.184194564819336,414953540,0.0,0.0
2005-11-22,10.178099632263184,10.393792152404783,10.117826461791992,10.372870445251465,10.361080169677734,385278727,0.0,0.0
2005-11-23,10.387066841125488,10.578350067138672,10.355684280395508,10.532023429870604,10.520051956176758,404912042,0.0,0.0
2005-11-25,10.604750633239746,10.67872428894043,10.592796325683594,10.675485610961914,10.66335105895996,194329675,0.0,0.0
2005-11-28,10.705373764038086,10.740740776062012,10.521562576293944,10.547466278076172,10.535477638244627,441986487,0.0,0.0
2005-11-29,10.571873664855955,10.620192527770996,10.015957832336426,10.050827026367188,10.039402961730955,863054861,0.0,0.0
2005-11-30,10.06875991821289,10.173118591308594,9.85207176208496,10.084948539733888,10.073485374450684,626202395,0.0,0.0
2005-12-01,10.19179916381836,10.34721565246582,10.169134140014648,10.313591957092283,10.301868438720703,391257051,0.0,0.0
2005-12-02,10.384575843811035,10.449084281921388,10.30786418914795,10.403505325317385,10.391679763793944,302870996,0.0,0.0
2005-12-05,10.386070251464844,10.398524284362791,10.069257736206056,10.10836124420166,10.096871376037598,413118688,0.0,0.0
2005-12-06,10.17934513092041,10.371376037597656,10.004999160766602,10.07573413848877,10.064281463623049,607279734,0.0,0.0
2005-12-07,10.116082191467283,10.129531860351562,9.937999725341797,10.067764282226562,10.056320190429688,468385066,0.0,0.0
2005-12-08,10.0946626663208,10.227912902832031,10.02841091156006,10.227912902832031,10.21628761291504,357735875,0.0,0.0
2005-12-09,10.336256980895996,10.355684280395508,10.175857543945312,10.19179916381836,10.180214881896973,306881974,0.0,0.0
2005-12-12,10.327041625976562,10.341487884521484,10.210478782653809,10.276729583740234,10.265048027038574,279046027,0.0,0.0
2005-12-13,10.273990631103516,10.410977363586426,10.252571105957031,10.398275375366213,10.386456489562988,327775997,0.0,0.0
2005-12-14,10.387066841125488,10.454066276550291,10.348461151123049,10.434886932373049,10.423026084899902,266210095,0.0,0.0
2005-12-15,10.438623428344728,10.538996696472168,10.373617172241213,10.524301528930664,10.512338638305664,242738446,0.0,0.0
2005-12-16,10.593791961669922,10.772123336791992,10.52928352355957,10.713592529296877,10.701415061950684,655668429,0.0,0.0
2005-12-19,10.76465129852295,11.11359405517578,10.463529586791992,10.575361251831056,10.563340187072754,880760980,0.0,0.0
2005-12-20,10.656557083129885,10.76465129852295,10.577103614807127,10.703380584716797,10.691214561462402,404899997,0.0,0.0
2005-12-21,10.798274993896484,10.88071632385254,10.478473663330078,10.618449211120604,10.606379508972168,450558497,0.0,0.0
2005-12-22,10.753941535949709,10.781089782714844,10.608487129211426,10.760665893554688,10.748435020446776,302995460,0.0,0.0
2005-12-23,10.763405799865724,10.772123336791992,10.679471015930176,10.733019828796388,10.720820426940918,184492943,0.0,0.0
2005-12-27,10.756182670593262,10.756182670593262,10.529533386230469,10.576356887817385,10.564334869384766,269116950,0.0,0.0
2005-12-28,10.56888484954834,10.654563903808594,10.492173194885254,10.627415657043455,10.61533546447754,285783185,0.0,0.0
2005-12-29,10.659544944763184,10.678224563598633,10.440117835998535,10.464526176452637,10.452631950378418,278873383,0.0,0.0
2005-12-30,10.392794609069824,10.416207313537598,10.304875373840332,10.332770347595217,10.321025848388672,304621533,0.0,0.0
2006-01-03,10.523554801940918,10.85107707977295,10.416457176208496,10.84011936187744,10.827797889709473,526815259,0.0,0.0
2006-01-04,11.056058883666992,11.182086944580078,10.952696800231934,11.089433670043944,11.076828956604004,613747887,0.0,0.0
2006-01-05,11.108363151550291,11.24659538269043,10.996282577514648,11.238874435424805,11.226099967956545,433952486,0.0,0.0
2006-01-06,11.379097938537598,11.718576431274414,11.288686752319336,11.598028182983398,11.584845542907717,712938289,0.0,0.0
2006-01-09,11.616707801818848,11.790804862976074,11.480467796325684,11.628911972045898,11.615694046020508,513593887,0.0,0.0
2006-01-10,11.567144393920898,11.71234893798828,11.50786590576172,11.70014476776123,11.686845779418944,365247927,0.0,0.0
2006-01-11,11.737753868103027,11.833395957946776,11.685699462890623,11.74672031402588,11.733367919921877,361646478,0.0,0.0
2006-01-12,11.79877471923828,11.83040714263916,11.49441623687744,11.547467231750488,11.534341812133787,406530084,0.0,0.0
2006-01-13,11.564403533935549,11.628663063049316,11.497156143188477,11.612723350524902,11.599523544311523,307411953,0.0,0.0
2006-01-17,11.533269882202148,11.703632354736328,11.52007007598877,11.63414192199707,11.62091827392578,332051965,0.0,0.0
2006-01-18,11.140742301940918,11.391303062438965,11.039870262145996,11.081214904785156,11.06861972808838,822499417,0.0,0.0
2006-01-19,11.237130165100098,11.294914245605469,10.78457736968994,10.870505332946776,10.858149528503418,583671575,0.0,0.0
2006-01-20,10.92654514312744,10.959670066833496,9.83164882659912,9.94920825958252,9.937899589538574,1650832619,0.0,0.0
2006-01-23,10.146469116210938,10.669756889343262,10.10537338256836,10.647589683532717,10.635486602783203,913065614,0.0,0.0
2006-01-24,10.8600435256958,11.082210540771484,10.821438789367676,11.034390449523926,11.02184772491455,620902605,0.0,0.0
2006-01-25,11.239372253417969,11.313344955444336,10.69042969,10.78457736968994,10.772318840026855,752401655,0.0,0.0
2006-01-26,10.947465896606444,10.958674430847168,10.549457550048828,10.816207885742188,10.803913116455078,518982008,0.0,0.0
2006-01-27,10.834389686584473,10.914588928222656,10.684452056884766,10.796780586242676,10.78450870513916,339355237,0.0,0.0
2006-01-30,10.690678596496582,10.791550636291504,10.58532428741455,10.630654335021973,10.618571281433104,344843732,0.0,0.0
2006-01-31,10.724054336547852,10.94896125793457,10.559670448303224,10.776107788085938,10.763858795166016,885948351,0.0,0.0
2006-02-01,9.68943214416504,10.012471199035645,9.651823043823242,10.006991386413574,9.995616912841797,1088966472,0.0,0.0
2006-02-02,10.057801246643066,10.124550819396973,9.86253261566162,9.86402702331543,9.85281467437744,474078326,0.0,0.0
2006-02-03,9.803752899169922,9.8107271194458,9.279467582702637,9.503129959106444,9.492327690124512,734012987,0.0,0.0
2006-02-06,9.596778869628906,9.711099624633787,9.45356559753418,9.591548919677734,9.580646514892578,358956433,0.0,0.0
2006-02-07,9.538995742797852,9.556678771972656,9.04982852935791,9.163652420043944,9.153236389160156,667701363,0.0,0.0
2006-02-08,9.177599906921388,9.232644081115724,8.833639144897461,9.192543983459473,9.182095527648926,835283155,0.0,0.0
2006-02-09,9.245346069335938,9.32504653930664,8.869504928588867,8.93575668334961,8.925600051879883,478282024,0.0,0.0
2006-02-10,9.014960289001465,9.078472137451172,8.7955322265625,9.031397819519045,9.021132469177246,611222457,0.0,0.0
2006-02-13,8.633639335632324,8.732269287109375,8.515332221984863,8.61022663116455,8.60044002532959,791668286,0.0,0.0
2006-02-14,8.601011276245117,8.759417533874512,8.528035163879395,8.550949096679688,8.541229248046875,588357072,0.0,0.0
2006-02-15,8.499890327453613,8.617698669433594,8.41421127319336,8.52753734588623,8.517844200134277,519821141,0.0,0.0
2006-02-16,8.609479904174805,9.140737533569336,8.580089569091797,9.127288818359377,9.116913795471191,855815829,0.0,0.0
2006-02-17,9.211971282958984,9.268757820129396,9.056553840637209,9.184325218200684,9.173885345458984,574955025,0.0,0.0
2006-02-21,9.126791000366213,9.303627967834473,9.09366512298584,9.130526542663574,9.12014865875244,348742290,0.0,0.0
2006-02-22,9.144474029541016,9.189306259155272,9.06253147125244,9.103129386901855,9.092782020568848,260018976,0.0,0.0
2006-02-23,9.106118202209473,9.49540901184082,9.10063934326172,9.416455268859863,9.405752182006836,503945859,0.0,0.0
2006-02-24,9.397276878356934,9.466267585754396,9.302382469177246,9.39976692199707,9.389082908630373,260344190,0.0,0.0
2006-02-27,9.496155738830566,9.755931854248049,9.471497535705566,9.723055839538574,9.712003707885742,410019113,0.0,0.0
2006-02-28,9.793292045593262,9.901387214660645,8.431147575378418,9.031646728515623,9.021380424499512,1583416872,0.0,0.0
2006-03-01,9.179593086242676,9.201760292053224,8.998769760131836,9.085944175720217,9.075616836547852,484256334,0.0,0.0
2006-03-02,9.072992324829102,9.49192237854004,9.021185874938965,9.376106262207031,9.365448951721191,735960259,0.0,0.0
2006-03-03,9.571622848510742,9.644848823547363,9.358920097351074,9.419195175170898,9.408488273620604,480273461,0.0,0.0
2006-03-06,9.487190246582031,9.549206733703612,9.144225120544434,9.168135643005373,9.157714844,358928328,0.0,0.0
2006-03-07,9.091423034667969,9.17685317993164,8.920313835144043,9.077225685119627,9.06690788269043,416708092,0.0,0.0
2006-03-08,8.815208435058594,8.96713924407959,8.730774879455566,8.813962936401367,8.80394458770752,471585016,0.0,0.0
2006-03-09,8.851572036743164,8.929779052734375,8.505619049072266,8.54297924041748,8.533268928527832,558501584,0.0,0.0
2006-03-10,8.555432319641113,8.580339431762695,8.257798194885254,8.405991554260254,8.39643669128418,775921484,0.0,0.0
2006-03-13,8.491421699523926,8.62018871307373,8.354933738708496,8.39503288269043,8.385490417480469,547741403,0.0,0.0
2006-03-14,8.397026062011719,8.77635383605957,8.28444766998291,8.746216773986816,8.736275672912598,740794310,0.0,0.0
2006-03-15,8.736502647399902,8.774611473083496,8.48145866394043,8.580339431762695,8.570586204528809,512666424,0.0,0.0
2006-03-16,8.68270492553711,8.68619155883789,8.41595458984375,8.437623977661133,8.428032875061035,402169802,0.0,0.0
2006-03-17,8.438370704650879,8.512593269348145,8.341981887817383,8.463027954101562,8.453408241271973,343350155,0.0,0.0
2006-03-20,8.52653980255127,8.71956729888916,8.506614685058594,8.67224407196045,8.662386894226074,417864410,0.0,0.0
2006-03-21,8.717574119567871,8.75866985321045,8.445344924926758,8.466265678405762,8.456642150878906,394717975,0.0,0.0
2006-03-22,8.462032318115234,8.5703763961792,8.405991554260254,8.473737716674805,8.464105606079102,304978867,0.0,0.0
2006-03-23,8.526788711547852,8.611472129821777,8.47323989868164,8.515332221984863,8.505653381347656,298502683,0.0,0.0
2006-03-24,9.181086540222168,9.217700004577637,9.02890682220459,9.11085033416748,9.100494384765623,609500025,0.0,0.0
2006-03-27,9.142979621887209,9.258049011230469,9.090925216674805,9.20773696899414,9.197271347045898,282001062,0.0,0.0
2006-03-28,9.258049011230469,9.411224365234377,9.244599342346191,9.39478588104248,9.38410758972168,359173242,0.0,0.0
2006-03-29,9.463029861450195,9.937750816345217,9.452320098876951,9.837626457214355,9.826444625854492,763952790,0.0,0.0
2006-03-30,9.693416595458984,9.800764083862305,9.554437637329102,9.674736976623535,9.663740158081056,590673723,0.0,0.0
2006-03-31,9.682209014892578,9.76016616821289,9.564897537231444,9.713590621948242,9.702549934387209,1466331647,0.0,0.0
2006-04-03,9.701885223388672,9.775110244750977,9.662034034729004,9.7061185836792,9.695086479187012,326125835,0.0,0.0
2006-04-04,9.711099624633787,10.084699630737305,9.667264938354492,10.070752143859863,10.05930519104004,630984252,0.0,0.0
2006-04-05,10.166892051696776,10.325547218322754,10.032894134521484,10.161662101745604,10.15011215209961,538430634,0.0,0.0
2006-04-06,10.12430191040039,10.308610916137695,10.097901344299316,10.241113662719728,10.229473114013672,345229172,0.0,0.0
2006-04-07,10.271748542785645,10.282708168029783,10.062782287597656,10.116082191467283,10.104583740234377,282089392,0.0,0.0
2006-04-10,10.138997077941896,10.390304565429688,10.093417167663574,10.370628356933594,10.358840942382812,374201361,0.0,0.0
2006-04-11,10.371624946594238,10.438373565673828,10.117576599121094,10.203255653381348,10.191658020019531,445953300,0.0,0.0
2006-04-12,10.186817169189451,10.244850158691406,10.091922760009766,10.185571670532228,10.173994064331056,241582128,0.0,0.0
2006-04-13,10.17760181427002,10.205745697021484,9.97511100769043,10.01645565032959,10.005070686340332,263098475,0.0,0.0
2006-04-17,10.048584938049316,10.273990631103516,9.9835786819458,10.13252067565918,10.12100315093994,331618345,0.0,0.0
2006-04-18,10.16016674041748,10.207489967346191,10.000017166137695,10.068262100219728,10.056818008422852,326724069,0.0,0.0
2006-04-19,10.275733947753906,10.30238437652588,10.130278587341309,10.224177360534668,10.21255588531494,272284779,0.0,0.0
2006-04-20,10.2368803024292,10.361164093017578,10.166892051696776,10.336256980895996,10.324507713317873,492699864,0.0,0.0
2006-04-21,11.180591583251951,11.225921630859377,10.863531112670898,10.886693954467772,10.874319076538086,905433112,0.0,0.0
2006-04-24,10.943979263305664,11.075984001159668,10.872247695922852,10.9713773727417,10.958906173706056,354780840,0.0,0.0
2006-04-25,10.949707984924316,10.98482608795166,10.610230445861816,10.639122009277344,10.627028465270996,384194678,0.0,0.0
2006-04-26,10.653568267822266,10.71085262298584,10.548710823059082,10.609482765197754,10.597423553466797,292203159,0.0,0.0
2006-04-27,10.533268928527832,10.632895469665527,10.445596694946287,10.461538314819336,10.449646949768066,334766100,0.0,0.0
2006-04-28,10.426668167114258,10.60350513458252,10.36863613128662,10.409482955932615,10.397650718688965,297964674,0.0,0.0
2006-05-01,10.422682762145996,10.446843147277832,9.926543235778809,9.935259819030762,9.92396640777588,416001453,0.0,0.0
2006-05-02,9.989557266235352,10.024675369262695,9.67374038696289,9.83314323425293,9.821966171264648,526136725,0.0,0.0
2006-05-03,9.871747970581056,10.000017166137695,9.735508918762209,9.817452430725098,9.806293487548828,324098263,0.0,0.0
2006-05-04,9.838871002197266,9.934513092041016,9.768634796142578,9.831897735595703,9.820722579956056,186777474,0.0,0.0
2006-05-05,9.902881622314451,9.979594230651855,9.757925033569336,9.820690155029297,9.809527397155762,243509324,0.0,0.0
2006-05-08,9.840864181518556,9.890926361083984,9.714836120605469,9.832645416259766,9.8214693069458,205511431,0.0,0.0
2006-05-09,9.85555934906006,10.186817169189451,9.80699062347412,10.181836128234863,10.170263290405272,366994449,0.0,0.0
2006-05-10,10.169631958007812,10.254314422607422,10.008983612060549,10.03687858581543,10.025469779968262,248415646,0.0,0.0
2006-05-11,10.04783821105957,10.079968452453612,9.588560104370115,9.638871192932127,9.627915382385254,357045296,0.0,0.0
2006-05-12,9.552694320678713,9.585820198059082,9.303876876831056,9.318323135375977,9.307731628417969,405016432,0.0,0.0
2006-05-15,9.363155364990234,9.468260765075684,9.17187213897705,9.369878768920898,9.359228134155272,344891912,0.0,0.0
2006-05-16,9.364648818969728,9.38631820678711,9.21271800994873,9.24783706665039,9.23732566833496,260617209,0.0,0.0
2006-05-17,9.230650901794434,9.46053981781006,9.220937728881836,9.327537536621094,9.316935539245604,427347823,0.0,0.0
2006-05-18,9.434139251708984,9.50960636138916,9.233141899108888,9.240116119384766,9.229613304138184,234274840,0.0,0.0
2006-05-19,9.297151565551758,9.327537536621094,8.980588912963867,9.21595573425293,9.205480575561523,457636930,0.0,0.0
2006-05-22,9.161909103393556,9.29092502593994,9.09715175628662,9.23911952972412,9.228617668151855,345466056,0.0,0.0
2006-05-23,9.32031536102295,9.561161994934082,9.304125785827637,9.354436874389648,9.343804359436035,360666820,0.0,0.0
2006-05-24,9.39852237701416,9.550203323364258,9.255558013916016,9.495657920837402,9.484864234924316,383584400,0.0,0.0
2006-05-25,9.441611289978027,9.539244651794434,9.272993087768556,9.538995742797852,9.528153419494627,329012615,0.0,0.0
2006-05-26,9.577850341796877,9.610976219177246,9.465271949768066,9.498148918151855,9.48735237121582,147229793,0.0,0.0
2006-05-30,9.421685218811035,9.489431381225586,9.251572608947754,9.263776779174805,9.253247261047363,173287097,0.0,0.0
2006-05-31,9.310103416442873,9.420937538146973,9.135258674621582,9.260787963867188,9.250261306762695,320448635,0.0,0.0
2006-06-01,9.303627967834473,9.538995742797852,9.255309104919434,9.529780387878418,9.518948554992676,252061259,0.0,0.0
2006-06-02,9.634885787963867,9.640864372253418,9.401013374328612,9.450576782226562,9.439834594726562,256413512,0.0,0.0
2006-06-05,9.369380950927734,9.500638961791992,9.31882095336914,9.326044082641602,9.315443992614746,223173385,0.0,0.0
2006-06-06,9.37934398651123,9.713590621948242,9.372369766235352,9.71334171295166,9.702301025390623,411930250,0.0,0.0
2006-06-07,9.794288635253906,9.834636688232422,9.626418113708496,9.626667022705078,9.615724563598633,357788070,0.0,0.0
2006-06-08,9.657550811767578,9.819942474365234,9.42940616607666,9.795783042907717,9.784648895263672,415933198,0.0,0.0
2006-06-09,9.768136978149414,9.848834037780762,9.59777545928955,9.628161430358888,9.617217063903809,247223193,0.0,0.0
2006-06-12,9.672245979309082,9.725794792175291,9.489431381225586,9.502881050109863,9.492079734802246,201516513,0.0,0.0
2006-06-13,9.48694133758545,9.638871192932127,9.417699813842772,9.62691593170166,9.615973472595217,307512327,0.0,0.0
2006-06-14,9.709357261657717,9.74098777770996,9.42766284942627,9.573864936828612,9.562982559204102,312045255,0.0,0.0
2006-06-15,9.629406929016112,9.769631385803224,9.539244651794434,9.738497734069824,9.727428436279297,272445379,0.0,0.0
2006-06-16,9.69117546081543,9.736754417419434,9.663778305053713,9.73102569580078,9.719964981079102,212979318,0.0,0.0
2006-06-19,9.73476219177246,9.83314323425293,9.638373374938965,9.667264938354492,9.65627670288086,306468429,0.0,0.0
2006-06-20,9.664525032043455,9.76016616821289,9.626667022705078,9.643104553222656,9.6321439743042,162201701,0.0,0.0
2006-06-21,9.739992141723633,10.062284469604492,9.707364082336426,10.015708923339844,10.004324913024902,351087046,0.0,0.0
2006-06-22,10.002010345458984,10.112096786499023,9.663778305053713,9.96141242980957,9.95008945465088,237362370,0.0,0.0
2006-06-23,10.031399726867676,10.205496788024902,9.981087684631348,10.083703994750977,10.07224178314209,213388847,0.0,0.0
2006-06-26,10.130777359008787,10.16938304901123,10.043603897094728,10.067764282226562,10.056320190429688,142580431,0.0,0.0
2006-06-27,10.104873657226562,10.161911010742188,9.987812995910645,10.020441055297852,10.009051322937012,164899777,0.0,0.0
2006-06-28,10.062533378601074,10.124053001403809,9.990801811218262,10.11483669281006,10.103339195251465,148976315,0.0,0.0
2006-06-29,10.161662101745604,10.415958404541016,10.107613563537598,10.406245231628418,10.394416809082031,267326263,0.0,0.0
2006-06-30,10.351201057434082,10.444103240966797,10.269756317138672,10.444103240966797,10.432231903076172,251258261,0.0,0.0
2006-07-03,10.461787223815918,10.554688453674316,10.447092056274414,10.540492057800291,10.52851104736328,86591354,0.0,0.0
2006-07-05,10.498647689819336,10.530529022216797,10.35219669342041,10.497154235839844,10.485222816467283,200171490,0.0,0.0
2006-07-06,10.54497528076172,10.59478759765625,10.510106086730955,10.540243148803713,10.5282621383667,148036806,0.0,0.0
2006-07-07,10.611475944519045,10.657303810119627,10.35817527770996,10.47199821472168,10.460095405578612,242581861,0.0,0.0
2006-07-10,10.546468734741213,10.591052055358888,10.370628356933594,10.415958404541016,10.404118537902832,178121149,0.0,0.0
2006-07-11,10.42367935180664,10.58656883239746,10.287191390991213,10.57436466217041,10.562345504760742,239747276,0.0,0.0
2006-07-12,10.512845039367676,10.529034614562988,10.379345893859863,10.39229679107666,10.380484580993652,197003661,0.0,0.0
2006-07-13,10.31135082244873,10.419445037841797,10.132769584655762,10.18258285522461,10.171009063720703,278018189,0.0,0.0
2006-07-14,10.219943046569824,10.248834609985352,9.9280366897583,10.04983139038086,10.038408279418944,303216285,0.0,0.0
2006-07-17,10.077975273132324,10.236631393432615,10.055310249328612,10.159171104431152,10.147624015808104,233347377,0.0,0.0
2006-07-18,10.205496788024902,10.22592067718506,9.906368255615234,10.038622856140137,10.027212142944336,342751921,0.0,0.0
2006-07-19,9.838373184204102,9.991050720214844,9.829655647277832,9.937750816345217,9.926454544067385,342017177,0.0,0.0
2006-07-20,10.069257736206056,10.073243141174316,9.605496406555176,9.641860008239746,9.630900382995604,503427925,0.0,0.0
2006-07-21,9.617450714111328,9.75717830657959,9.406990051269531,9.716330528259276,9.705286026000977,471946365,0.0,0.0
2006-07-24,9.783827781677246,9.81047821044922,9.494662284851074,9.736006736755373,9.724940299987791,324656348,0.0,0.0
2006-07-25,9.589555740356444,9.74621868133545,9.55916976928711,9.697650909423828,9.686628341674805,231307761,0.0,0.0
2006-07-26,9.6687593460083,9.761162757873535,9.539244651794434,9.601511001586914,9.59059715270996,222105397,0.0,0.0
2006-07-27,9.648086547851562,9.65107536315918,9.413466453552246,9.524300575256348,9.513474464416504,226489769,0.0,0.0
2006-07-28,9.514337539672852,9.702631950378418,9.507613182067873,9.666767120361328,9.655778884887695,163956253,0.0,0.0
2006-07-31,9.663778305053713,9.69291877746582,9.54696559906006,9.628908157348633,9.617963790893556,184500973,0.0,0.0
2006-08-01,9.591797828674316,9.608236312866213,9.352693557739258,9.352693557739258,9.342062950134276,219347097,0.0,0.0
2006-08-02,9.354934692382812,9.394039154052734,9.095906257629396,9.146467208862305,9.13607120513916,284976172,0.0,0.0
2006-08-03,9.09042739868164,9.412469863891602,9.050078392028809,9.34970474243164,9.33907699584961,254028606,0.0,0.0
2006-08-04,9.45356559753418,9.481460571289062,9.259044647216797,9.311348915100098,9.30076503753662,204571922,0.0,0.0
2006-08-07,9.25281810760498,9.457799911499023,9.244100570678713,9.413466453552246,9.402766227722168,158467758,0.0,0.0
2006-08-08,9.534761428833008,9.576604843139648,9.44186019897461,9.489431381225586,9.478645324707031,230589077,0.0,0.0
2006-08-09,9.534262657165527,9.581088066101074,9.37386417388916,9.388310432434082,9.377638816833496,173086347,0.0,0.0
2006-08-10,9.312095642089844,9.406492233276367,9.276728630065918,9.320066452026367,9.309473037719728,171114986,0.0,0.0
2006-08-11,9.32504653930664,9.346964836120604,9.165644645690918,9.17809772491455,9.167665481567385,151224711,0.0,0.0
2006-08-14,9.25281810760498,9.343229293823242,9.182332038879396,9.201260566711426,9.190801620483398,199476896,0.0,0.0
2006-08-15,9.317825317382812,9.506118774414062,9.2802152633667,9.488683700561523,9.477898597717283,268932260,0.0,0.0
2006-08-16,9.551199913024902,9.674985885620115,9.517327308654783,9.656804084777832,9.645827293395996,235005569,0.0,0.0
2006-08-17,9.62367820739746,9.713590621948242,9.562158584594728,9.608983039855955,9.598060607910156,203969673,0.0,0.0
2006-08-18,9.621685981750488,9.641113281,9.48320484161377,9.548211097717283,9.537358283996582,198830482,0.0,0.0
2006-08-21,9.41720199584961,9.439618110656738,9.345471382141112,9.397276878356934,9.386595726013184,161535213,0.0,0.0
2006-08-22,9.407986640930176,9.446093559265137,9.33600616455078,9.421934127807615,9.411224365234377,167188323,0.0,0.0
2006-08-23,9.405744552612305,9.421436309814451,9.281709671020508,9.300888061523438,9.290316581726074,146238089,0.0,0.0
2006-08-24,9.326044082641602,9.374860763549805,9.271746635437012,9.30836009979248,9.29778003692627,139822131,0.0,0.0
2006-08-25,9.292170524597168,9.347962379455566,9.277725219726562,9.296653747558594,9.286087036132812,99037832,0.0,0.0
2006-08-28,9.355183601379396,9.48818588256836,9.339990615844728,9.48818588256836,9.47740077972412,167184308,0.0,0.0
2006-08-29,9.483951568603516,9.522308349609377,9.39478588104248,9.438372611999512,9.427644729614258,179068687,0.0,0.0
2006-08-30,9.44484806060791,9.580341339111328,9.427413940429688,9.48320484161377,9.47242546081543,162382376,0.0,0.0
2006-08-31,9.501635551452637,9.518074035644531,9.419692993164062,9.427911758422852,9.417195320129396,118839777,0.0,0.0
2006-09-01,9.489182472229004,9.496404647827148,9.394536972045898,9.429655075073242,9.418936729431152,107316747,0.0,0.0
2006-09-05,9.461286544799805,9.599020957946776,9.400764465332031,9.573118209838867,9.562236785888672,163582859,0.0,0.0
2006-09-06,9.516828536987305,9.54397678375244,9.456055641174316,9.468011856079102,9.457249641418455,149522354,0.0,0.0
2006-09-07,9.449332237243652,9.508111000061035,9.39976692199707,9.426916122436523,9.416200637817385,154256030,0.0,0.0
2006-09-08,9.382830619812012,9.484201431274414,9.382830619812012,9.410975456237791,9.400278091430664,123798294,0.0,0.0
2006-09-11,9.421187400817873,9.581336975097656,9.40898323059082,9.56639289855957,9.555519104003906,181847062,0.0,0.0
2006-09-12,9.58905792236328,9.781585693359377,9.586069107055664,9.760913848876951,9.749818801879885,218503948,0.0,0.0
2006-09-13,9.841859817504885,10.131026268005373,9.840615272521973,10.126294136047363,10.114784240722656,392192544,0.0,0.0
2006-09-14,10.06975555419922,10.119071006774902,10.010726928710938,10.061785697937012,10.050349235534668,215448538,0.0,0.0
2006-09-15,10.148959159851074,10.212968826293944,10.130528450012209,10.208735466003418,10.197131156921388,314703180,0.0,0.0
2006-09-18,10.211724281311035,10.428162574768066,10.198522567749023,10.328536033630373,10.31679630279541,285333506,0.0,0.0
2006-09-19,10.3477144241333,10.348461151123049,9.781834602355955,10.057552337646484,10.046120643615724,573858932,0.0,0.0
2006-09-20,10.13949489593506,10.14671802520752,9.828660011291504,9.887937545776367,9.87669849395752,367283528,0.0,0.0
2006-09-21,9.97012996673584,10.173118591308594,9.959171295166016,10.133268356323242,10.121749877929688,429287065,0.0,0.0
2006-09-22,10.086692810058594,10.148212432861328,9.996530532836914,10.056804656982422,10.045373916625977,186681114,0.0,0.0
2006-09-25,10.10163688659668,10.19802474975586,10.024924278259276,10.061785697937012,10.050349235534668,230352192,0.0,0.0
2006-09-26,10.09964370727539,10.15394115447998,10.006741523742676,10.133766174316406,10.122247695922852,212369039,0.0,0.0
2006-09-27,10.119568824768066,10.242110252380373,10.021685600280762,10.035385131835938,10.023978233337402,235949093,0.0,0.0
2006-09-28,10.064276695251465,10.13650608062744,9.976106643676758,10.051822662353516,10.040396690368652,205061752,0.0,0.0
2006-09-29,10.090429306030272,10.102633476257324,9.99777603149414,10.009980201721191,9.998601913452148,132932403,0.0,0.0
2006-10-02,10.009980201721191,10.112096786499023,9.982583045959473,9.998522758483888,9.987157821655272,146623529,0.0,0.0
2006-10-03,9.994787216186523,10.123554229736328,9.91757583618164,10.06328010559082,10.051841735839844,219407321,0.0,0.0
2006-10-04,10.086443901062012,10.355435371398926,10.038622856140137,10.353692054748535,10.341923713684082,267470802,0.0,0.0
2006-10-05,10.328784942626951,10.41695499420166,10.23314380645752,10.256805419921877,10.245146751403809,232460064,0.0,0.0
2006-10-06,10.217203140258787,10.50836181640625,10.205496788024902,10.473243713378906,10.461338996887209,294559960,0.0,0.0
2006-10-09,10.580342292785645,10.758424758911133,10.545970916748049,10.68494987487793,10.672804832458496,304468963,0.0,0.0
2006-10-10,10.74871063232422,10.905373573303224,10.52031707763672,10.626420021057127,10.614341735839844,393011603,0.0,0.0
2006-10-11,10.585822105407717,10.70761489868164,10.554438591003418,10.62268352508545,10.61060905456543,226260915,0.0,0.0
2006-10-12,10.673991203308104,10.701887130737305,10.560417175292969,10.646096229553224,10.633995056152344,194486260,0.0,0.0
2006-10-13,10.65406608581543,10.69740390777588,10.599270820617676,10.642608642578123,10.630511283874512,145443121,0.0,0.0
2006-10-16,10.65257167816162,10.689931869506836,10.494165420532228,10.504377365112305,10.492437362670898,173423607,0.0,0.0
2006-10-17,10.46826172,10.554189682006836,10.3785982131958,10.476731300354004,10.46482276916504,209221284,0.0,0.0
2006-10-18,10.535261154174805,10.579096794128418,10.398524284362791,10.443605422973633,10.431735038757324,241594173,0.0,0.0
2006-10-19,10.466519355773926,10.69740390777588,10.450080871582031,10.611724853515623,10.59966278076172,461864718,0.0,0.0
2006-10-20,11.431900024414062,11.45954704284668,11.297405242919922,11.448837280273438,11.435823440551758,467662368,0.0,0.0
2006-10-23,11.513842582702637,12.070755958557127,11.466272354125977,11.974616050720217,11.961005210876465,606444615,0.0,0.0
2006-10-24,11.862536430358888,11.901888847351074,11.741241455078123,11.78856372833252,11.775164604187012,347706422,0.0,0.0
2006-10-25,11.892672538757324,12.166894912719728,11.833395957946776,12.119572639465332,12.105796813964844,368877480,0.0,0.0
2006-10-26,12.146471977233888,12.253071784973145,12.059797286987305,12.082213401794434,12.068480491638184,282322262,0.0,0.0
2006-10-27,12.052325248718262,12.085700035095217,11.768139839172363,11.835637092590332,11.822183609008787,265150137,0.0,0.0
2006-10-30,11.826172828674316,11.966646194458008,11.706372261047363,11.869758605957031,11.856266975402832,263508004,0.0,0.0
2006-10-31,11.906869888305664,12.008987426757812,11.801763534545898,11.865276336669922,11.851789474487305,252358369,0.0,0.0
2006-11-01,11.924304962158203,11.933520317077637,11.588065147399902,11.643856048583984,11.630620956420898,217865564,0.0,0.0
2006-11-02,11.643856048583984,11.799023628234863,11.615961074829102,11.70388126373291,11.690577507019045,210253137,0.0,0.0
2006-11-03,11.761664390563965,11.799522399902344,11.583084106445312,11.750954627990724,11.737597465515137,197043811,0.0,0.0
2006-11-06,11.800021171569824,11.946721076965332,11.764155387878418,11.879223823547363,11.865720748901367,200408375,0.0,0.0
2006-11-07,11.879223823547363,11.930781364440918,11.75020694732666,11.770133018493652,11.756753921508787,196618221,0.0,0.0
2006-11-08,11.714839935302734,11.998526573181152,11.671253204345703,11.830656051635742,11.817208290100098,319794191,0.0,0.0
2006-11-09,11.868016242980955,11.942486763000488,11.752449035644531,11.77162742614746,11.75824737548828,195899538,0.0,0.0
2006-11-10,11.800270080566406,11.823681831359863,11.713345527648926,11.794541358947754,11.781134605407717,112287309,0.0,0.0
2006-11-13,11.828165054321287,11.984330177307127,11.80923557281494,11.980842590332031,11.96722412109375,174326980,0.0,0.0
2006-11-14,11.972623825073242,12.203009605407717,11.967641830444336,12.18682098388672,12.172968864440918,290019003,0.0,0.0
2006-11-15,12.289685249328612,12.449585914611816,12.252325057983398,12.252325057983398,12.238398551940918,336083018,0.0,0.0
2006-11-16,12.32878875732422,12.395538330078123,12.26801586151123,12.351204872131348,12.337165832519531,204467533,0.0,0.0
2006-11-17,12.285202026367188,12.444853782653809,12.278974533081056,12.423185348510742,12.409064292907717,221266263,0.0,0.0
2006-11-20,12.413471221923828,12.413471221923828,12.270257949829102,12.330034255981444,12.31601905822754,205748315,0.0,0.0
2006-11-21,12.367144584655762,12.702387809753418,12.34946060180664,12.693671226501465,12.679243087768556,338363534,0.0,0.0
2006-11-22,12.726548194885254,12.777108192443848,12.597282409667969,12.652824401855469,12.638442039489746,180702789,0.0,0.0
2006-11-24,12.565402030944824,12.640122413635254,12.552947998046877,12.577855110168455,12.563558578491213,69567783,0.0,0.0
2006-11-27,12.487443923950195,12.497655868530272,12.073495864868164,12.073495864868164,12.059772491455078,294086191,0.0,0.0
2006-11-28,11.983333587646484,12.200769424438477,11.881216049194336,12.191802024841309,12.17794418334961,313073093,0.0,0.0
2006-11-29,12.309860229492188,12.32231330871582,12.011228561401367,12.071004867553713,12.057284355163574,253558852,0.0,0.0
2006-11-30,12.059548377990724,12.214218139648438,11.993794441223145,12.074990272521973,12.061264991760254,223936234,0.0,0.0
2006-12-01,12.104130744934082,12.164155960083008,11.917828559875488,11.97511386871338,11.961502075195312,226100315,0.0,0.0
2006-12-04,12.029909133911133,12.14024543762207,11.939000129699709,12.0759859085083,12.062259674072266,196730641,0.0,0.0
2006-12-05,12.139497756958008,12.1903076171875,12.076983451843262,12.129535675048828,12.115748405456545,164735162,0.0,0.0
2006-12-06,12.128539085388184,12.264031410217283,12.067767143249512,12.172125816345217,12.158289909362791,178679233,0.0,0.0
2006-12-07,12.209983825683594,12.2490873336792,12.015462875366213,12.02094268798828,12.007279396057127,187271318,0.0,0.0
2006-12-08,12.003507614135742,12.16938591003418,11.955188751220703,12.057555198669434,12.04384994506836,159591956,0.0,0.0
2006-12-11,12.077730178833008,12.176857948303224,12.049834251403809,12.053071975708008,12.039371490478516,131025281,0.0,0.0
2006-12-12,12.051079750061035,12.113595008850098,11.962162971496582,11.999523162841797,11.985883712768556,167866857,0.0,0.0
2006-12-13,12.072001457214355,12.09217643737793,11.880967140197754,11.93003273010254,11.91647243499756,187182988,0.0,0.0
2006-12-14,11.961416244506836,12.048588752746582,11.886944770812988,12.007990837097168,11.994341850280762,190668002,0.0,0.0
2006-12-15,12.02094268798828,12.057555198669434,11.951204299926758,11.962660789489746,11.949063301086426,208410256,0.0,0.0
2006-12-18,12.017704963684082,12.023432731628418,11.47498893737793,11.526795387268066,11.513693809509276,321865927,0.0,0.0
2006-12-19,11.499896049499512,11.688937187194824,11.419695854187012,11.67199993133545,11.658732414245604,264467588,0.0,0.0
2006-12-20,11.70612335205078,11.74348258972168,11.51508903503418,11.529285430908203,11.516180992126465,175366863,0.0,0.0
2006-12-21,11.561165809631348,11.58781623840332,11.266270637512209,11.36241054534912,11.349494934082031,279174507,0.0,0.0
2006-12-22,11.394789695739746,11.42318344116211,11.27598476409912,11.346968650817873,11.334071159362791,160129965,0.0,0.0
2006-12-26,11.370381355285645,11.443856239318848,11.322311401367188,11.395537376403809,11.38258457183838,83282999,0.0,0.0
2006-12-27,11.457056045532228,11.658302307128906,11.434639930725098,11.657055854797363,11.643805503845217,169894428,0.0,0.0
2006-12-28,11.634390830993652,11.67075538635254,11.51309585571289,11.520816802978516,11.50772190093994,125115211,0.0,0.0
2006-12-29,11.509360313415527,11.568388938903809,11.453569412231444,11.469011306762695,11.455974578857422,102751700,0.0,0.0
2007-01-03,11.60649585723877,11.872000694274902,11.484703063964844,11.646098136901855,11.63286018371582,309415434,0.0,0.0
2007-01-04,11.6812162399292,12.053569793701172,11.665026664733888,12.036384582519531,12.022703170776367,316686586,0.0,0.0
2007-01-05,12.0174560546875,12.14198875427246,11.90811538696289,12.134267807006836,12.120474815368652,275914333,0.0,0.0
2007-01-08,12.146720886230469,12.20101833343506,12.009984016418455,12.044355392456056,12.030665397644045,190888826,0.0,0.0
2007-01-09,12.090929985046388,12.160669326782228,11.985076904296877,12.09217643737793,12.078432083129885,216062832,0.0,0.0
2007-01-10,12.06552505493164,12.29267406463623,12.005998611450195,12.19080638885498,12.176949501037598,239634856,0.0,0.0
2007-01-11,12.383583068847656,12.496909141540527,12.358179092407228,12.446348190307615,12.432201385498049,289408724,0.0,0.0
2007-01-12,12.502885818481444,12.577855110168455,12.453322410583496,12.577855110168455,12.563558578491213,179618741,0.0,0.0
2007-01-16,12.641366958618164,12.777108192443848,12.535513877868652,12.559922218322754,12.545645713806152,303890804,0.0,0.0
2007-01-17,12.537755012512209,12.646846771240234,12.313346862792969,12.385576248168944,12.371498107910156,268968395,0.0,0.0
2007-01-18,12.316832542419434,12.36565113067627,12.14024543762207,12.150208473205566,12.136397361755373,238169384,0.0,0.0
2007-01-19,12.15394401550293,12.223184585571287,12.12306022644043,12.198028564453123,12.184163093566896,199878396,0.0,0.0
2007-01-22,12.266522407531738,12.270257949829102,11.917828559875488,11.97611141204834,11.962498664855955,216982266,0.0,0.0
2007-01-23,11.974864959716797,12.073495864868164,11.88769245147705,11.931528091430664,11.91796588897705,187319498,0.0,0.0
2007-01-24,12.06602382659912,12.441864967346191,12.037132263183594,12.430158615112305,12.416029930114746,243280470,0.0,0.0
2007-01-25,12.478228569030762,12.565402030944824,12.096160888671877,12.156683921813965,12.142866134643556,255694828,0.0,0.0
2007-01-26,12.227418899536133,12.401018142700195,12.13028335571289,12.34971046447754,12.335673332214355,220684089,0.0,0.0
2007-01-29,12.403509140014648,12.422188758850098,12.21670913696289,12.265774726867676,12.251832962036133,191744020,0.0,0.0
2007-01-30,12.303881645202637,12.403509140014648,12.234642028808594,12.31185245513916,12.297858238220217,167846782,0.0,0.0
2007-01-31,12.365900039672852,12.577855110168455,12.341490745544434,12.490681648254396,12.476484298706056,490074058,0.0,0.0
2007-02-01,12.60276222229004,12.60301113128662,11.993295669555664,11.99877643585205,11.985137939453123,628695706,0.0,0.0
2007-02-02,12.02019500732422,12.07972240447998,11.900643348693848,11.992548942565918,11.978917121887209,252402534,0.0,0.0
2007-02-05,11.892922401428224,11.905376434326172,11.611227989196776,11.635388374328612,11.622162818908691,289356529,0.0,0.0
2007-02-06,11.65880012512207,11.788314819335938,11.63787841796875,11.7429838180542,11.729636192321776,213673912,0.0,0.0
2007-02-07,11.801265716552734,11.81446647644043,11.675736427307127,11.706372261047363,11.693065643310549,165409681,0.0,0.0
2007-02-08,11.657554626464844,11.799522399902344,11.585325241088867,11.731776237487791,11.718441009521484,163679219,0.0,0.0
2007-02-09,11.74721908569336,11.772871971130373,11.49441623687744,11.504130363464355,11.49105453491211,195072449,0.0,0.0
2007-02-12,11.473993301391602,11.516583442687988,11.33302116394043,11.41446590423584,11.401491165161133,231042771,0.0,0.0
2007-02-13,11.435885429382324,11.526296615600586,11.388812065124512,11.434639930725098,11.421642303466797,163113105,0.0,0.0
2007-02-14,11.457056045532228,11.684453964233398,11.437628746032717,11.60475254058838,11.591562271118164,228806420,0.0,0.0
2007-02-15,11.60649585723877,11.609733581542969,11.47498893737793,11.49366855621338,11.48060417175293,162302076,0.0,0.0
2007-02-16,11.526795387268066,11.709858894348145,11.508363723754885,11.704627990722656,11.691324234008787,248006116,0.0,0.0
2007-02-20,11.668014526367188,11.774616241455078,11.574365615844728,11.758426666259766,11.745060920715332,163313855,0.0,0.0
2007-02-21,11.70213794708252,11.922311782836914,11.64983367919922,11.852075576782228,11.838603973388672,226469694,0.0,0.0
2007-02-22,11.922560691833496,12.060792922973633,11.815463066101074,11.851825714111328,11.838354110717772,230617182,0.0,0.0
2007-02-23,11.849335670471191,11.879223823547363,11.651328086853027,11.721565246582031,11.70824146270752,155886118,0.0,0.0
2007-02-26,11.77660846710205,11.836881637573242,11.550456047058104,11.579846382141112,11.566683769226074,159391206,0.0,0.0
2007-02-27,11.332523345947266,11.452075004577637,11.137503623962402,11.17735481262207,11.164649963378906,373908266,0.0,0.0
2007-02-28,11.21820068359375,11.299397468566896,11.034639358520508,11.194291114807127,11.181567192077637,322496281,0.0,0.0
2007-03-01,11.025424003601074,11.268263816833496,10.95892333984375,11.163905143737791,11.151215553283691,348710170,0.0,0.0
2007-03-02,11.086195945739746,11.175610542297363,10.92604637145996,10.92604637145996,10.91362762451172,264331078,0.0,0.0
2007-03-05,10.884700775146484,11.09591007232666,10.88420295715332,10.982584953308104,10.970101356506348,255156819,0.0,0.0
2007-03-06,11.144975662231444,11.432148933410645,11.142733573913574,11.396035194396973,11.383081436157228,302477526,0.0,0.0
2007-03-07,11.524054527282717,11.535263061523438,11.314839363098145,11.34846305847168,11.335563659667969,262343656,0.0,0.0
2007-03-08,11.437628746032717,11.594042778015137,11.310107231140137,11.325549125671388,11.31267547607422,215316044,0.0,0.0
2007-03-09,11.40724277496338,11.417205810546877,11.210479736328123,11.281712532043455,11.26888942718506,199854306,0.0,0.0
2007-03-12,11.272000312805176,11.338749885559082,11.235635757446287,11.326295852661133,11.313421249389648,139135567,0.0,0.0
2007-03-13,11.210728645324709,11.256059646606444,11.029409408569336,11.034390449523926,11.02184772491455,256048147,0.0,0.0
2007-03-14,11.039372444152832,11.174614906311035,10.934017181396484,11.15817642211914,11.145493507385254,321877972,0.0,0.0
2007-03-15,11.154688835144045,11.20350742340088,11.057055473327637,11.1130952835083,11.1004638671875,158359353,0.0,0.0
2007-03-16,11.099645614624023,11.125798225402832,10.956184387207031,10.980093955993652,10.967613220214844,227212468,0.0,0.0
2007-03-19,11.039870262145996,11.17063045501709,10.974614143371582,11.138998031616213,11.126337051391602,208687290,0.0,0.0
2007-03-20,11.10313320159912,11.14821434020996,11.04858684539795,11.09043025970459,11.077824592590332,137372985,0.0,0.0
2007-03-21,11.090928077697754,11.371625900268556,11.0886869430542,11.37112808227539,11.358202934265137,232801338,0.0,0.0
2007-03-22,11.347716331481934,11.511103630065918,11.271003723144531,11.50786590576172,11.49478530883789,228079706,0.0,0.0
2007-03-23,11.493170738220217,11.541489601135254,11.384328842163086,11.50263500213623,11.4895601272583,165068406,0.0,0.0
2007-03-26,11.470754623413086,11.581588745117188,11.347965240478516,11.581588745117188,11.568424224853516,189118214,0.0,0.0
2007-03-27,11.545475006103516,11.587318420410156,11.465523719787598,11.547218322753906,11.534092903137209,150208917,0.0,0.0
2007-03-28,11.503631591796877,11.592548370361328,11.46079158782959,11.503881454467772,11.490805625915527,184352418,0.0,0.0
2007-03-29,11.57038116455078,11.60649585723877,11.332523345947266,11.47996997833252,11.466920852661133,160137995,0.0,0.0
2007-03-30,11.509360313415527,11.541739463806152,11.360916137695312,11.41122817993164,11.3982572555542,135714793,0.0,0.0
2007-04-02,11.401265144348145,11.420442581176758,11.260791778564451,11.420442581176758,11.407461166381836,138457033,0.0,0.0
2007-04-03,11.557928085327148,11.811976432800291,11.556682586669922,11.770879745483398,11.757500648498535,261046814,0.0,0.0
2007-04-04,11.75942325592041,11.780842781066896,11.695661544799805,11.731527328491213,11.718192100524902,151718555,0.0,0.0
2007-04-05,11.738500595092772,11.758176803588867,11.69665813446045,11.743732452392578,11.73038387298584,109039179,0.0,0.0
2007-04-09,11.780344009399414,11.780842781066896,11.596283912658691,11.661540031433104,11.648284912109377,122943100,0.0,0.0
2007-04-10,11.633644104003906,11.72579860687256,11.58557415008545,11.618948936462402,11.605742454528809,119618686,0.0,0.0
2007-04-11,11.607990264892578,11.691179275512695,11.522062301635742,11.569883346557615,11.556732177734377,153051532,0.0,0.0
2007-04-12,11.556682586669922,11.656309127807615,11.512846946716309,11.64111614227295,11.627883911132812,108721995,0.0,0.0
2007-04-13,11.667516708374023,11.67548656463623,11.540741920471191,11.61371898651123,11.600518226623535,112211024,0.0,0.0
2007-04-16,11.667765617370604,11.880220413208008,11.66004467010498,11.812474250793455,11.799047470092772,203877329,0.0,0.0
2007-04-17,11.80076789855957,11.865276336669922,11.745972633361816,11.775860786437988,11.762475967407228,128885290,0.0,0.0
2007-04-18,11.737504959106444,11.95269775390625,11.694416046142578,11.855812072753906,11.84233570098877,227670177,0.0,0.0
2007-04-19,11.818202018737791,12.00375747680664,11.695911407470703,11.74721908569336,11.733866691589355,442034667,0.0,0.0
2007-04-20,12.217206954956056,12.266522407531738,12.005499839782717,12.01695728302002,12.003297805786133,488283372,0.0,0.0
2007-04-23,11.957679748535156,12.07972240447998,11.911850929260254,11.93227481842041,11.91871166229248,227834792,0.0,0.0
2007-04-24,11.92056941986084,11.95469093322754,11.844353675842283,11.893670082092283,11.88015079498291,148341946,0.0,0.0
2007-04-25,11.955188751220703,11.98931121826172,11.858302116394045,11.905126571655272,11.891594886779783,159266742,0.0,0.0
2007-04-26,11.907865524291992,12.06602382659912,11.883209228515623,11.984579086303713,11.970956802368164,165614446,0.0,0.0
2007-04-27,11.956932067871094,12.014965057373049,11.91359519958496,11.930530548095703,11.916969299316406,117466650,0.0,0.0
2007-04-30,11.9340181350708,11.988813400268556,11.740493774414062,11.740493774414062,11.72714900970459,146193924,0.0,0.0
2007-05-01,11.76066780090332,11.77610969543457,11.560916900634766,11.6812162399292,11.667938232421877,146876473,0.0,0.0
2007-05-02,11.67249870300293,11.73302173614502,11.599770545959473,11.601016998291016,11.587830543518066,122967190,0.0,0.0
2007-05-03,11.611974716186523,11.807493209838867,11.588811874389648,11.78657054901123,11.773173332214355,144306878,0.0,0.0
2007-05-04,11.709111213684082,11.82667064666748,11.603507041931152,11.734018325805664,11.720681190490724,158592223,0.0,0.0
2007-05-07,11.75942325592041,11.776358604431152,11.618202209472656,11.638127326965332,11.62489891052246,121256803,0.0,0.0
2007-05-08,11.609733581542969,11.66054344177246,11.574865341186523,11.626669883728027,11.61345386505127,116639561,0.0,0.0
2007-05-09,11.61023235321045,11.749211311340332,11.553693771362305,11.687442779541016,11.674158096313477,156179212,0.0,0.0
2007-05-10,11.63239860534668,11.69342041015625,11.482460975646973,11.49366855621338,11.48060417175293,148004686,0.0,0.0
2007-05-11,11.50263500213623,11.631402969360352,11.481963157653809,11.624926567077637,11.611713409423828,118205408,0.0,0.0
2007-05-14,11.593544960021973,11.644104957580566,11.457056045532228,11.50139045715332,11.488317489624023,155488633,0.0,0.0
2007-05-15,11.50587272644043,11.520318984985352,11.392547607421877,11.40724277496338,11.39427661895752,165377561,0.0,0.0
2007-05-16,11.506869316101074,11.784329414367676,11.432647705078123,11.77112865447998,11.7577486038208,263150670,0.0,0.0
2007-05-17,11.767393112182615,11.836134910583496,11.72629737854004,11.730032920837402,11.716699600219728,187122763,0.0,0.0
2007-05-18,11.756683349609377,11.773370742797852,11.699895858764648,11.714093208312988,11.700778007507324,148390126,0.0,0.0
2007-05-21,11.694416046142578,11.935263633728027,11.624428749084473,11.721067428588867,11.707744598388672,247295463,0.0,0.0
2007-05-22,11.780842781066896,11.930530548095703,11.780842781066896,11.852075576782228,11.838603973388672,154135581,0.0,0.0
2007-05-23,11.975611686706545,12.040121078491213,11.799522399902344,11.805002212524414,11.791584014892578,203166675,0.0,0.0
2007-05-24,11.834391593933104,11.935263633728027,11.74348258972168,11.81396770477295,11.800539016723633,167569747,0.0,0.0
2007-05-25,11.94771671295166,12.078476905822754,11.88719367980957,12.04286003112793,12.029170989990234,214741900,0.0,0.0
2007-05-29,12.07972240447998,12.2490873336792,12.054816246032717,12.132274627685549,12.118484497070312,209502334,0.0,0.0
2007-05-30,12.067269325256348,12.424429893493652,12.029909133911133,12.418453216552734,12.404337882995604,290918361,0.0,0.0
2007-05-31,12.467269897460938,12.672001838684082,12.380096435546877,12.401267051696776,12.387170791625977,358310019,0.0,0.0
2007-06-01,12.478228569030762,12.57835292816162,12.40176486968994,12.463285446166992,12.449118614196776,192679513,0.0,0.0
2007-06-04,12.401267051696776,12.71509075164795,12.39329719543457,12.629411697387695,12.615056037902832,285104652,0.0,0.0
2007-06-05,12.696162223815918,12.92654800415039,12.617955207824709,12.922562599182127,12.90787410736084,419450332,0.0,0.0
2007-06-06,12.870508193969728,12.970882415771484,12.833396911621094,12.90786838531494,12.893196105957031,316650452,0.0,0.0
2007-06-07,12.94522762298584,13.113348007202148,12.764904022216797,12.828415870666504,12.813834190368652,426813829,0.0,0.0
2007-06-08,12.856809616088867,12.942487716674805,12.688939094543455,12.839125633239746,12.82453155517578,255281284,0.0,0.0
2007-06-11,12.802513122558594,12.90786838531494,12.702387809753418,12.735762596130373,12.72128677368164,186604829,0.0,0.0
2007-06-12,12.670259475708008,12.743982315063477,12.532276153564451,12.57212734222412,12.55783748626709,257742474,0.0,0.0
2007-06-13,12.629910469055176,12.666025161743164,12.420694351196287,12.583832740783691,12.56952953338623,282414606,0.0,0.0
2007-06-14,12.587320327758787,12.599773406982422,12.495662689208984,12.524057388305664,12.509821891784668,185540856,0.0,0.0
2007-06-15,12.657306671142578,12.677481651306152,12.483957290649414,12.600022315979004,12.585700035095217,247889682,0.0,0.0
2007-06-18,12.607245445251465,12.85182762145996,12.55892562866211,12.831903457641602,12.817317962646484,194161046,0.0,0.0
2007-06-19,12.802264213562012,12.88296127319336,12.740744590759276,12.809736251831056,12.795175552368164,174864989,0.0,0.0
2007-06-20,12.875739097595217,12.920321464538574,12.67897605895996,12.701641082763672,12.687203407287598,174178426,0.0,0.0
2007-06-21,12.726797103881836,12.83414363861084,12.609736442565918,12.804755210876465,12.790200233459473,177049146,0.0,0.0
2007-06-22,12.862289428710938,13.075738906860352,12.854318618774414,13.07548999786377,13.060627937316896,289228049,0.0,0.0
2007-06-25,13.175115585327148,13.32480525970459,13.035638809204102,13.13626194000244,13.121330261230469,318188194,0.0,0.0
2007-06-26,13.268515586853027,13.280221939086914,13.106871604919434,13.20699691772461,13.19198513031006,228433026,0.0,0.0
2007-06-27,13.075987815856934,13.15045928955078,12.940496444702148,13.108118057250977,13.093218803405762,245842035,0.0,0.0
2007-06-28,13.072999000549316,13.188068389892578,13.046099662780762,13.076236724853516,13.061373710632324,167360967,0.0,0.0
2007-06-29,13.10139274597168,13.135764122009276,12.938005447387695,13.01870346069336,13.003905296325684,155805818,0.0,0.0
2007-07-02,13.088191986083984,13.24659824371338,13.056062698364258,13.209985733032228,13.19497013092041,140026895,0.0,0.0
2007-07-03,13.226922035217283,13.310110092163086,13.13825511932373,13.308615684509276,13.29348850250244,75152639,0.0,0.0
2007-07-05,13.339001655578612,13.55917739868164,13.254070281982422,13.490184783935549,13.47485065460205,198457088,0.0,0.0
2007-07-06,13.480721473693848,13.545975685119627,13.417956352233888,13.434643745422363,13.419373512268066,110291857,0.0,0.0
2007-07-09,13.52430820465088,13.667271614074709,13.456063270568848,13.513348579406738,13.4979887008667,149751208,0.0,0.0
2007-07-10,13.543984413146973,13.623933792114258,13.490683555603027,13.53277587890625,13.517394065856934,154818129,0.0,0.0
2007-07-11,13.539501190185549,13.611480712890623,13.449836730957031,13.560919761657717,13.54550552368164,132868163,0.0,0.0
2007-07-12,13.595541000366213,13.631903648376465,13.455066680908203,13.582340240478516,13.566902160644531,138179998,0.0,0.0
2007-07-13,13.646598815917969,13.765154838562012,13.63016128540039,13.75245189666748,13.736820220947266,210269197,0.0,0.0
2007-07-16,13.70612621307373,13.912352561950684,13.68146800994873,13.77312469482422,13.757469177246094,264969462,0.0,0.0
2007-07-17,13.82418441772461,13.89118194580078,13.75793170928955,13.823186874389648,13.80747413635254,173792986,0.0,0.0
2007-07-18,13.795540809631348,13.810733795166016,13.544482231140137,13.686201095581056,13.670644760131836,244111573,0.0,0.0
2007-07-19,13.784831047058104,13.786325454711914,13.505378723144531,13.663536071777344,13.648005485534668,446756299,0.0,0.0
2007-07-20,12.749711036682127,13.030657768249512,12.689934730529783,12.95444393157959,12.939719200134276,713556598,0.0,0.0
2007-07-23,12.926796913146973,12.951455116271973,12.755937576293944,12.764904022216797,12.750394821166992,255221059,0.0,0.0
2007-07-24,12.684953689575195,12.918827056884766,12.63040828704834,12.80201530456543,12.787464141845703,223719424,0.0,0.0
2007-07-25,12.87623691558838,12.877232551574709,12.591802597045898,12.6964111328125,12.681979179382324,222631361,0.0,0.0
2007-07-26,12.671006202697754,12.766897201538086,12.42542552947998,12.65257453918457,12.638193130493164,276368027,0.0,0.0
2007-07-27,12.665776252746582,12.867270469665527,12.59030818939209,12.749462127685549,12.734970092773438,221189978,0.0,0.0
2007-07-30,12.775115966796877,12.935015678405762,12.714841842651367,12.854567527770996,12.839956283569336,159126217,0.0,0.0
2007-07-31,12.957182884216309,12.962413787841797,12.702387809753418,12.702387809753418,12.687949180603027,171460275,0.0,0.0
2007-08-01,12.714841842651367,12.864530563354492,12.656062126159668,12.77561378479004,12.76109218597412,177791919,0.0,0.0
2007-08-02,12.79504108428955,12.826671600341797,12.677481651306152,12.727543830871582,12.7130765914917,126669014,0.0,0.0
2007-08-03,12.70363426208496,12.782090187072754,12.52804183959961,12.52804183959961,12.513801574707031,127524207,0.0,0.0
2007-08-06,12.52804183959961,12.706124305725098,12.515588760375977,12.702387809753418,12.687949180603027,146607469,0.0,0.0
2007-08-07,12.696162223815918,12.948466300964355,12.678478240966797,12.85232639312744,12.83771800994873,171211346,0.0,0.0
2007-08-08,12.935015678405762,13.095415115356444,12.878975868225098,13.095415115356444,13.080530166625977,163362034,0.0,0.0
2007-08-09,12.971380233764648,13.121317863464355,12.817706108093262,12.820197105407717,12.805624961853027,194586635,0.0,0.0
2007-08-10,12.70687198638916,12.919573783874512,12.593545913696287,12.84560203552246,12.83100128173828,235888868,0.0,0.0
2007-08-13,12.939997673034668,12.94522762298584,12.777854919433594,12.839374542236328,12.824780464172363,127648672,0.0,0.0
2007-08-14,12.844854354858398,12.886696815490724,12.65257453918457,12.667518615722656,12.653120040893556,145892800,0.0,0.0
2007-08-15,12.677481651306152,12.744481086730955,12.371378898620604,12.392300605773926,12.378214836120604,217191045,0.0,0.0
2007-08-16,12.25456714630127,12.364404678344728,11.966646194458008,12.242114067077637,12.228199005126951,347120233,0.0,0.0
2007-08-17,12.38956069946289,12.478228569030762,12.24535083770752,12.454318046569824,12.44016170501709,219997525,0.0,0.0
2007-08-20,12.514592170715332,12.517083168029783,12.353694915771484,12.40151596069336,12.38741970062256,108296406,0.0,0.0
2007-08-21,12.426920890808104,12.656559944152832,12.397780418395996,12.617955207824709,12.603612899780272,144965337,0.0,0.0
2007-08-22,12.70139217376709,12.858055114746094,12.683708190917969,12.770881652832031,12.756365776062012,130595677,0.0,0.0
2007-08-23,12.85182762145996,12.855066299438477,12.627668380737305,12.75693416595459,12.742433547973633,123529289,0.0,0.0
2007-08-24,12.76739501953125,12.840620040893556,12.665027618408203,12.826922416687012,12.812342643737791,99278731,0.0,0.0
2007-08-27,12.812725067138672,12.887943267822266,12.737257957458496,12.783583641052246,12.76905345916748,93352602,0.0,0.0
2007-08-28,12.74049472808838,12.826422691345217,12.59753131866455,12.61272430419922,12.598387718200684,131446855,0.0,0.0
2007-08-29,12.648590087890623,12.78458023071289,12.633397102355955,12.77411937713623,12.759599685668944,102354216,0.0,0.0
2007-08-30,12.761167526245115,12.836883544921877,12.71683406829834,12.737257957458496,12.722780227661133,106465569,0.0,0.0
2007-08-31,12.7795991897583,12.86428165435791,12.739001274108888,12.833148002624512,12.818560600280762,119550431,0.0,0.0
2007-09-04,12.827420234680176,13.150708198547363,12.81745719909668,13.079724311828612,13.064857482910156,148301796,0.0,0.0
2007-09-05,13.036136627197266,13.187569618225098,13.007494926452637,13.145727157592772,13.13078498840332,133012703,0.0,0.0
2007-09-06,13.18458080291748,13.196287155151367,12.90761947631836,13.0391263961792,13.02430534362793,145579631,0.0,0.0
2007-09-07,12.898155212402344,12.982338905334473,12.871753692626951,12.935264587402344,12.920561790466309,147093283,0.0,0.0
2007-09-10,12.9833345413208,13.003011703491213,12.724306106567385,12.813969612121582,12.79940414428711,129515644,0.0,0.0
2007-09-11,12.87648582458496,12.99255084991455,12.84510326385498,12.984580993652344,12.96982192993164,108549350,0.0,0.0
2007-09-12,12.964654922485352,13.1502103805542,12.92654800415039,13.017457008361816,13.002660751342772,119887690,0.0,0.0
2007-09-13,13.052576065063477,13.13103199005127,13.031654357910156,13.07050895690918,13.055652618408203,75927532,0.0,0.0
2007-09-14,13.031155586242676,13.207245826721191,13.00674819946289,13.169387817382812,13.1544189453125,111010541,0.0,0.0
2007-09-17,13.114094734191896,13.182587623596191,13.05282497406006,13.083459854125977,13.068588256835938,88229471,0.0,0.0
2007-09-18,13.113845825195312,13.381093978881836,13.057806015014648,13.331778526306152,13.316624641418455,169260059,0.0,0.0
2007-09-19,13.431406021118164,13.684954643249512,13.421194076538086,13.620198249816896,13.604716300964355,221904647,0.0,0.0
2007-09-20,13.623933792114258,13.868019104003906,13.599775314331056,13.769140243530272,13.75348949432373,221828362,0.0,0.0
2007-09-21,13.856561660766602,13.96739673614502,13.769140243530272,13.950210571289062,13.934353828430176,321669193,0.0,0.0
2007-09-24,13.972626686096191,14.23315143585205,13.947720527648926,14.147472381591797,14.131391525268556,212674178,0.0,0.0
2007-09-25,14.04734706878662,14.18582820892334,14.018954277038574,14.171879768371582,14.155771255493164,109633398,0.0,0.0
2007-09-26,14.20674991607666,14.24137020111084,14.042614936828612,14.150959014892578,14.13487434387207,134345680,0.0,0.0
2007-09-27,14.239874839782717,14.240124702453612,14.091680526733398,14.134519577026367,14.118453025817873,82560301,0.0,0.0
2007-09-28,14.12206745147705,14.185579299926758,14.050335884094238,14.128791809082031,14.11273193359375,105975740,0.0,0.0
2007-10-01,14.196040153503418,14.554197311401367,14.18707275390625,14.50936508178711,14.492873191833496,189158364,0.0,0.0
2007-10-02,14.530037879943848,14.864534378051758,14.446102142333984,14.555193901062012,14.538649559020996,283759629,0.0,0.0
2007-10-03,14.601519584655762,14.669763565063477,14.454819679260254,14.545977592468262,14.529443740844728,155761653,0.0,0.0
2007-10-04,14.572628021240234,14.572628021240234,14.372628211975098,14.421693801879885,14.405301094055176,119915795,0.0,0.0
2007-10-05,14.622940063476562,14.8443603515625,14.62044906616211,14.795791625976562,14.778973579406738,203507949,0.0,0.0
2007-10-08,14.819453239440918,15.199527740478516,14.79330062866211,15.183588027954102,15.166329383850098,201873847,0.0,0.0
2007-10-09,15.32032585144043,15.536266326904297,15.152953147888184,15.32206916809082,15.30465316772461,352026555,0.0,0.0
2007-10-10,15.475992202758787,15.583588600158691,15.362418174743652,15.576366424560549,15.558661460876465,216231462,0.0,0.0
2007-10-11,15.781846046447754,15.975370407104492,15.168146133422852,15.491931915283203,15.474323272705078,473729022,0.0,0.0
2007-10-12,15.541248321533203,15.90040111541748,15.398283004760742,15.875246047973633,15.85720157623291,273971076,0.0,0.0
2007-10-15,15.902145385742188,15.93676471710205,15.33128547668457,15.44485855102539,15.427303314208984,278793083,0.0,0.0
2007-10-16,15.40450954437256,15.589566230773926,15.242616653442385,15.342493057250977,15.325054168701172,241915372,0.0,0.0
2007-10-17,15.702393531799316,15.790811538696287,15.48172092437744,15.777860641479492,15.759926795959473,242124152,0.0,0.0
2007-10-18,15.82593059539795,15.974373817443848,15.653825759887695,15.930787086486816,15.912678718566896,493410518,0.0,0.0
2007-10-19,16.302892684936523,16.400775909423828,16.020700454711914,16.05756187438965,16.039310455322266,633927242,0.0,0.0
2007-10-22,15.907126426696776,16.313852310180664,15.847599029541016,16.207998275756836,16.1895751953125,267575192,0.0,0.0
2007-10-23,16.469518661499023,16.876741409301758,16.438385009765625,16.83116340637207,16.81203269958496,272766578,0.0,0.0
2007-10-24,16.754947662353516,16.873504638671875,16.427425384521484,16.832408905029297,16.813276290893555,297278110,0.0,0.0
2007-10-25,16.903640747070312,16.910863876342773,16.52680206298828,16.650339126586914,16.631412506103516,232688918,0.0,0.0
2007-10-26,16.787824630737305,16.850341796875,16.639131546020508,16.80202293395996,16.78292465209961,134658850,0.0,0.0
2007-10-29,16.8809757232666,16.9365177154541,16.739505767822266,16.917339324951172,16.898109436035156,123111730,0.0,0.0
2007-10-30,16.874500274658203,17.432409286499023,16.874500274658203,17.30438995361328,17.28472137451172,277058606,0.0,0.0
2007-10-31,17.45183563232422,17.608997344970703,17.33601951599121,17.608997344970703,17.58898162841797,276103037,0.0,0.0
2007-11-01,17.504140853881836,17.776369094848633,17.478984832763672,17.51460075378418,17.494691848754883,262066622,0.0,0.0
2007-11-02,17.69641876220703,17.77288246154785,17.368398666381836,17.7148494720459,17.694713592529297,234535815,0.0,0.0
2007-11-05,17.608747482299805,18.187578201293945,17.585834503173828,18.073505401611328,18.052961349487305,356679932,0.0,0.0
2007-11-06,18.37014389038086,18.47549819946289,18.05731773376465,18.47549819946289,18.454498291015625,338716853,0.0,0.0
2007-11-07,18.459060668945312,18.61124038696289,18.010990142822266,18.255075454711918,18.234325408935547,332180444,0.0,0.0
2007-11-08,18.29642105102539,18.30364227294922,16.866281509399414,17.281225204467773,17.261581420898438,662963671,0.0,0.0
2007-11-09,16.831411361694336,16.983341217041016,16.468521118164062,16.537263870239258,16.51846694946289,457231416,0.0,0.0
2007-11-12,16.382095336914062,16.685707092285156,15.596789360046388,15.742741584777832,15.724847793579102,410625377,0.0,0.0
2007-11-13,16.06453514099121,16.461299896240234,15.742741584777832,16.452083587646484,16.43338394165039,339082217,0.0,0.0
2007-11-14,16.76914405822754,16.824188232421875,15.847350120544434,15.982094764709473,15.96392822265625,325001637,0.0,0.0
2007-11-15,15.90463638305664,16.127052307128906,15.541746139526367,15.68246841430664,15.664642333984377,279752666,0.0,0.0
2007-11-16,15.789318084716797,15.827922821044922,15.34299087524414,15.781597137451172,15.76365852355957,363067785,0.0,0.0
2007-11-19,15.680974006652832,15.859804153442385,15.404759407043455,15.587822914123535,15.570104598999023,221924722,0.0,0.0
2007-11-20,15.852581024169922,16.415969848632812,15.762667655944824,16.1529541015625,16.134593963623047,395099399,0.0,0.0
2007-11-21,16.034149169921875,16.686704635620117,15.992057800292969,16.451335906982422,16.432636260986328,281591533,0.0,0.0
2007-11-23,16.687450408935547,16.893678665161133,16.640378952026367,16.854326248168945,16.835168838500977,109958613,0.0,0.0
2007-11-26,16.941499710083008,17.270267486572266,16.562917709350586,16.587825775146484,16.568971633911133,272622038,0.0,0.0
2007-11-27,16.807003021240234,16.84760093688965,16.19579315185547,16.77636719,16.75729751586914,357515050,0.0,0.0
2007-11-28,16.989070892333984,17.292682647705078,16.740751266479492,17.241872787475586,17.222274780273438,317846919,0.0,0.0
2007-11-29,17.20426368713379,17.504140853881836,17.130041122436523,17.35993194580078,17.340200424194336,249250764,0.0,0.0
2007-11-30,17.7086238861084,17.71011734008789,16.989070892333984,17.260303497314453,17.240684509277344,317003771,0.0,0.0
2007-12-03,17.210739135742188,17.310117721557617,16.96491050720215,16.974624633789062,16.95532989501953,173652461,0.0,0.0
2007-12-04,16.894426345825195,17.235397338867188,16.86478614807129,17.040128707885742,17.02075958251953,169906473,0.0,0.0
2007-12-05,17.253578186035156,17.408000946044922,17.12331771850586,17.397539138793945,17.377763748168945,169015145,0.0,0.0
2007-12-06,17.37985610961914,17.847105026245117,17.360179901123047,17.814725875854492,17.794477462768555,197096005,0.0,0.0
2007-12-07,17.808000564575195,17.882970809936523,17.696170806884766,17.805011749267578,17.784772872924805,154661545,0.0,0.0
2007-12-10,17.832908630371094,18.052335739135746,17.783344268798828,17.893430709838867,17.873092651367188,154826159,0.0,0.0
2007-12-11,17.931289672851562,17.957441329956055,17.404264450073242,17.414724349975586,17.394929885864258,246484434,0.0,0.0
2007-12-12,17.783344268798828,17.79131317138672,17.148223876953125,17.418460845947266,17.398662567138672,247287433,0.0,0.0
2007-12-13,17.342744827270508,17.37537384033203,16.966655731201172,17.286455154418945,17.26680564880371,202387766,0.0,0.0
2007-12-14,17.123567581176758,17.42717933654785,17.117340087890625,17.184587478637695,17.165054321289062,147490767,0.0,0.0
2007-12-17,17.135770797729492,17.32057762145996,16.52979278564453,16.66827392578125,16.649328231811523,220262515,0.0,0.0
2007-12-18,16.79106330871582,16.85457420349121,16.251585006713867,16.770889282226562,16.751827239990234,287742502,0.0,0.0
2007-12-19,16.792308807373047,16.92406463623047,16.66254425048828,16.871013641357422,16.851837158203125,177506855,0.0,0.0
2007-12-20,17.081724166870117,17.210491180419922,16.951711654663086,17.1778621673584,17.158336639404297,177551020,0.0,0.0
2007-12-21,17.38184928894043,17.41621971130371,17.266281127929688,17.352209091186523,17.33248519897461,216086922,0.0,0.0
2007-12-24,17.30986785888672,17.452831268310547,17.261798858642578,17.452831268310547,17.432992935180664,65380146,0.0,0.0
2007-12-26,17.409494400024414,17.763916015625,17.39006805419922,17.704639434814453,17.68451499938965,101579322,0.0,0.0
2007-12-27,17.610740661621094,17.83315658569336,17.453081130981445,17.453081130981445,17.433242797851562,118141168,0.0,0.0
2007-12-28,17.55743980407715,17.632658004760742,17.348474502563477,17.497663497924805,17.477773666381836,102892225,0.0,0.0
2007-12-31,17.39903450012207,17.496667861938477,17.200029373168945,17.22244644165039,17.202869415283203,95404263,0.0,0.0
2008-01-02,17.25706672668457,17.3691463470459,16.879980087280273,17.06578254699707,17.046384811401367,172921733,0.0,0.0
2008-01-03,17.067527770996094,17.107128143310547,16.849842071533203,17.06926918029785,17.049867630004883,130587647,0.0,0.0
2008-01-04,16.928796768188477,16.96042823791504,16.313852310180664,16.363664627075195,16.345064163208008,215195594,0.0,0.0
2008-01-07,16.287450790405273,16.49517250061035,15.874249458312988,16.170637130737305,16.15225601196289,257096061,0.0,0.0
2008-01-08,16.2640380859375,16.437389373779297,15.716092109680176,15.73302936553955,15.7151460647583,214364490,0.0,0.0
2008-01-09,15.692181587219238,16.272506713867188,15.504634857177734,16.269020080566406,16.25052833557129,270598482,0.0,0.0
2008-01-10,16.065034866333008,16.3686466217041,15.942992210388184,16.107873916625977,16.08956527709961,254317685,0.0,0.0
2008-01-11,16.00749969482422,16.176118850708008,15.693924903869627,15.8966646194458,15.878595352172852,199826201,0.0,0.0
2008-01-14,16.21771240234375,16.373628616333008,16.071012496948242,16.284461975097656,16.26595115661621,178566813,0.0,0.0
2008-01-15,16.087200164794922,16.16565704345703,15.825182914733888,15.881720542907717,15.86366844177246,223562839,0.0,0.0
2008-01-16,15.665532112121582,15.940003395080566,14.992055892944336,15.341246604919434,15.323808670043944,423983259,0.0,0.0
2008-01-17,15.461048126220703,15.5850830078125,14.894421577453612,14.963663101196287,14.946654319763184,329903943,0.0,0.0
2008-01-18,15.152206420898438,15.192804336547852,14.905381202697754,14.950213432312012,14.933219909667969,342864341,0.0,0.0
2008-01-22,13.99828052520752,14.881719589233398,13.97760772705078,14.554197311401367,14.537653923034668,381484558,0.0,0.0
2008-01-23,13.96540355682373,14.146973609924316,12.92654800415039,13.66428279876709,13.648751258850098,681171664,0.0,0.0
2008-01-24,13.91783332824707,14.438132286071776,13.80176830291748,14.30861759185791,14.292353630065918,377445475,0.0,0.0
2008-01-25,14.74000072479248,14.819453239440918,14.101643562316896,14.107123374938965,14.09108829498291,279684411,0.0,0.0
2008-01-28,14.220946311950684,14.252577781677246,13.663784980773926,13.847596168518066,13.83185577392578,233540097,0.0,0.0
2008-01-29,13.959426879882812,13.980846405029297,13.466275215148926,13.7116060256958,13.696020126342772,252262009,0.0,0.0
2008-01-30,13.67848014831543,13.958430290222168,13.537010192871094,13.655566215515137,13.640044212341309,318774383,0.0,0.0
2008-01-31,13.42492961883545,14.271507263183594,13.307371139526367,14.054819107055664,14.038843154907228,597081651,0.0,0.0
2008-02-01,13.167394638061523,13.36664867401123,12.702387809753418,12.849337577819824,12.834732055664062,706658840,0.0,0.0
2008-02-04,12.679224967956545,12.771629333496094,12.267766952514648,12.339499473571776,12.32547378540039,528256642,0.0,0.0
2008-02-05,12.190058708190918,12.677481651306152,12.167393684387209,12.622687339782717,12.608339309692385,449811709,0.0,0.0
2008-02-06,12.73078155517578,12.731529235839844,12.40176486968994,12.495911598205566,12.481707572937012,306600924,0.0,0.0
2008-02-07,12.375115394592283,12.806747436523438,12.322811126708984,12.57660961151123,12.5623140335083,318344779,0.0,0.0
2008-02-08,12.687692642211914,12.894916534423828,12.67000961303711,12.869013786315918,12.85438632965088,274179856,0.0,0.0
2008-02-11,12.96440601348877,13.04385757446289,12.787071228027344,12.980345726013184,12.965591430664062,233913491,0.0,0.0
2008-02-12,13.035887718200684,13.21546459197998,12.777854919433594,12.90388298034668,12.889215469360352,267490877,0.0,0.0
2008-02-13,13.013721466064451,13.32480525970459,12.918827056884766,13.315589904785156,13.300454139709473,265981240,0.0,0.0
2008-02-14,13.408492088317873,13.47549057006836,13.225427627563477,13.256561279296877,13.241493225097656,260039050,0.0,0.0
2008-02-15,13.158429145812988,13.266773223876951,13.059301376342772,13.19155502319336,13.176560401916504,210389647,0.0,0.0
2008-02-19,13.323559761047363,13.32654857635498,12.615215301513672,12.676236152648926,12.66182804107666,254968114,0.0,0.0
2008-02-20,12.540743827819824,12.727543830871582,12.423932075500488,12.677481651306152,12.663071632385254,267486862,0.0,0.0
2008-02-21,12.773371696472168,12.782339096069336,12.440869331359863,12.524555206298828,12.510318756103516,227963272,0.0,0.0
2008-02-22,12.504630088806152,12.677481651306152,12.392300605773926,12.647594451904297,12.633218765258787,221462998,0.0,0.0
2008-02-25,12.601515769958496,12.615215301513672,12.098153114318848,12.115588188171388,12.10181713104248,336167332,0.0,0.0
2008-02-26,11.486944198608398,11.618202209472656,11.129533767700195,11.56141471862793,11.548273086547852,934983461,0.0,0.0
2008-02-27,11.460293769836426,11.842860221862791,11.448089599609377,11.777356147766112,11.76396942138672,406393575,0.0,0.0
2008-02-28,11.718576431274414,11.932523727416992,11.640369415283203,11.84036922454834,11.826910972595217,264463573,0.0,0.0
2008-02-29,11.752697944641112,11.948713302612305,11.572872161865234,11.735511779785156,11.722172737121582,378429149,0.0,0.0
2008-03-03,11.743732452392578,11.773868560791016,11.210728645324709,11.382834434509276,11.369895935058594,303312645,0.0,0.0
2008-03-04,11.231651306152344,11.291675567626951,10.853816986083984,11.073493957519531,11.060907363891602,546910299,0.0,0.0
2008-03-05,11.089682579040527,11.311849594116213,11.058549880981444,11.150704383850098,11.13803005218506,298578968,0.0,0.0
2008-03-06,11.150455474853516,11.29018211364746,10.73924732208252,10.777105331420898,10.76485538482666,299923991,0.0,0.0
2008-03-07,10.681961059570312,10.95892333984375,10.61620807647705,10.793293952941896,10.781025886535645,324082204,0.0,0.0
2008-03-10,10.680715560913086,10.734763145446776,10.287440299987791,10.301885604858398,10.290175437927246,320701579,0.0,0.0
2008-03-11,10.591798782348633,10.962658882141112,10.576605796813965,10.954937934875488,10.942485809326172,354399416,0.0,0.0
2008-03-12,10.959172248840332,11.155187606811523,10.910853385925291,10.96340560913086,10.95094394683838,267073318,0.0,0.0
2008-03-13,10.776357650756836,11.132772445678713,10.679471015930176,11.033891677856444,11.021349906921388,310222448,0.0,0.0
2008-03-14,11.0331449508667,11.191551208496094,10.725298881530762,10.907116889953612,10.894719123840332,263961699,0.0,0.0
2008-03-17,10.659793853759766,10.802260398864746,10.264277458190918,10.457552909851074,10.445666313171388,316710676,0.0,0.0
2008-03-18,10.684452056884766,10.97984504699707,10.59852409362793,10.93800163269043,10.92556858062744,290573072,0.0,0.0
2008-03-19,10.986570358276367,11.145723342895508,10.751450538635254,10.75967025756836,10.747440338134766,248086416,0.0,0.0
2008-03-20,10.643107414245604,10.851824760437012,10.398524284362791,10.798274993896484,10.786001205444336,398022314,0.0,0.0
2008-03-24,10.919819831848145,11.601016998291016,10.902135848999023,11.471003532409668,11.457964897155762,271554050,0.0,0.0
2008-03-25,11.393793106079102,11.394042015075684,11.108363151550291,11.2274169921875,11.214654922485352,234138331,0.0,0.0
2008-03-26,11.27249813079834,11.52853775024414,11.190305709838867,11.411974906921388,11.399003028869627,209811488,0.0,0.0
2008-03-27,11.108363151550291,11.173369407653809,10.971128463745115,11.060542106628418,11.047969818115234,234162421,0.0,0.0
2008-03-28,11.144726753234863,11.29690647125244,10.817204475402832,10.911103248596191,10.898700714111328,175704123,0.0,0.0
2008-03-31,10.850330352783203,11.025921821594238,10.75991916656494,10.97062873840332,10.958158493041992,178522648,0.0,0.0
2008-04-01,11.151700973510742,11.618948936462402,11.13003158569336,11.599272727966309,11.586088180541992,244637537,0.0,0.0
2008-04-02,11.703632354736328,11.84908676147461,11.46677017211914,11.599023818969728,11.58583927154541,240859429,0.0,0.0
2008-04-03,11.500144958496094,11.5389986038208,11.16141414642334,11.335512161254885,11.322627067565918,272152284,0.0,0.0
2008-04-04,11.38258457183838,11.901142120361328,11.36241054534912,11.733270645141602,11.71993350982666,236772166,0.0,0.0
2008-04-07,11.881216049194336,12.090681076049805,11.794042587280272,11.875986099243164,11.862486839294434,238631108,0.0,0.0
2008-04-08,11.78183937072754,11.80923557281494,11.507118225097656,11.65157699584961,11.638333320617676,182561731,0.0,0.0
2008-04-09,11.684453964233398,11.755935668945312,11.39578628540039,11.56141471862793,11.548273086547852,242830791,0.0,0.0
2008-04-10,11.58059310913086,11.80226230621338,11.503132820129396,11.683208465576172,11.669928550720217,203656504,0.0,0.0
2008-04-11,11.558425903320312,11.63787841796875,11.332772254943848,11.39354419708252,11.380593299865724,167413162,0.0,0.0
2008-04-14,11.38632106781006,11.39354419708252,11.211726188659668,11.249335289001465,11.23654842376709,154280120,0.0,0.0
2008-04-15,11.410481452941896,11.450081825256348,11.051575660705566,11.129284858703612,11.116634368896484,183790319,0.0,0.0
2008-04-16,11.068511962890623,11.414216995239258,10.983830451965332,11.333270072937012,11.320387840270996,306372069,0.0,0.0
2008-04-17,11.348214149475098,11.441365242004396,11.121315002441406,11.196533203125,11.18380641937256,536122013,0.0,0.0
2008-04-18,13.33028507232666,13.641368865966797,13.07025909423828,13.434892654418944,13.419621467590332,732158060,0.0,0.0
2008-04-21,13.43439483642578,13.5140962600708,13.207743644714355,13.394543647766112,13.379318237304688,298703433,0.0,0.0
2008-04-22,13.389063835144045,13.968393325805664,13.38881492614746,13.823186874389648,13.80747413635254,318730218,0.0,0.0
2008-04-23,13.89641284942627,13.930535316467283,13.473249435424805,13.611231803894045,13.595760345458984,197597880,0.0,0.0
2008-04-24,13.73078441619873,13.810484886169434,13.450085639953612,13.525303840637209,13.509930610656738,166023975,0.0,0.0
2008-04-25,13.674245834350586,13.7733736038208,13.517582893371582,13.550708770751951,13.535305976867676,167200368,0.0,0.0
2008-04-28,13.596038818359377,13.868268013000488,13.424680709838867,13.751456260681152,13.735825538635254,160945009,0.0,0.0
2008-04-29,13.719326972961426,14.032402992248535,13.69890308380127,13.909612655639648,13.89380168914795,174491595,0.0,0.0
2008-04-30,14.002763748168944,14.566900253295898,13.909612655639648,14.303635597229004,14.28737735748291,317304895,0.0,0.0
2008-05-01,14.40376091003418,14.817709922790527,14.370386123657228,14.771632194519045,14.754841804504396,265101957,0.0,0.0
2008-05-02,14.906376838684082,15.00500774383545,14.42841911315918,14.477983474731444,14.46152687072754,281001329,0.0,0.0
2008-05-05,14.915593147277832,14.919079780578612,14.623437881469728,14.816962242126465,14.80012035369873,252181709,0.0,0.0
2008-05-06,14.719825744628906,14.744732856750488,14.520572662353516,14.604260444641112,14.587660789489746,185866070,0.0,0.0
2008-05-07,14.701644897460938,14.931283950805664,14.356937408447266,14.420947074890137,14.404555320739746,265511486,0.0,0.0
2008-05-08,14.600275039672852,14.677485466003418,14.418704986572266,14.520821571350098,14.504316329956056,205684075,0.0,0.0
2008-05-09,14.420947074890137,14.57038688659668,14.229166030883787,14.276488304138184,14.260260581970217,180068420,0.0,0.0
2008-05-12,14.315093994140623,14.613972663879396,14.169638633728027,14.568891525268556,14.552331924438477,195285244,0.0,0.0
2008-05-13,14.601021766662598,14.643860816955566,14.409738540649414,14.520572662353516,14.504067420959473,207314163,0.0,0.0
2008-05-14,14.607498168945312,14.72455883026123,14.327547073364258,14.35369873046875,14.337383270263672,175688063,0.0,0.0
2008-05-15,14.420947074890137,14.519328117370604,14.336512565612791,14.470760345458984,14.454312324523926,174359100,0.0,0.0
2008-05-16,14.481470108032228,14.562416076660156,14.404009819030762,14.447596549987791,14.431174278259276,171604815,0.0,0.0
2008-05-19,14.409738540649414,14.66702365875244,14.28445816040039,14.384084701538086,14.367734909057615,225020282,0.0,0.0
2008-05-20,14.312105178833008,14.50762176513672,14.269265174865724,14.41098403930664,14.394603729248049,133040807,0.0,0.0
2008-05-21,14.408991813659668,14.480972290039062,13.646100997924805,13.698405265808104,13.68283462524414,259693761,0.0,0.0
2008-05-22,13.747221946716309,13.803510665893556,13.455814361572266,13.685203552246094,13.669648170471191,203813089,0.0,0.0
2008-05-23,13.62293815612793,13.7733736038208,13.395042419433594,13.564656257629396,13.549238204956056,177924414,0.0,0.0
2008-05-27,13.573124885559082,14.01247787475586,13.545477867126465,13.970135688781738,13.954256057739258,155199554,0.0,0.0
2008-05-28,14.145479202270508,14.233898162841797,13.975117683410645,14.15295124053955,14.136863708496094,162623276,0.0,0.0
2008-05-29,14.316089630126951,14.592304229736328,14.276488304138184,14.520572662353516,14.504067420959473,194526410,0.0,0.0
2008-05-30,14.532279014587402,14.692927360534668,14.478232383728027,14.590312004089355,14.57372760772705,129491554,0.0,0.0
2008-06-02,14.508119583129885,14.542739868164062,14.228418350219728,14.321319580078123,14.305041313171388,147518872,0.0,0.0
2008-06-03,14.35867977142334,14.458307266235352,13.96291446685791,14.129538536071776,14.11347770690918,172857493,0.0,0.0
2008-06-04,14.080472946166992,14.396039962768556,14.06104564666748,14.252079963684082,14.235879898071287,135032244,0.0,0.0
2008-06-05,14.373126029968262,14.646102905273438,14.35145664215088,14.602765083312988,14.586166381835938,157255230,0.0,0.0
2008-06-06,14.439626693725586,14.463786125183104,14.12206745147705,14.12206745147705,14.1060152053833,190089843,0.0,0.0
2008-06-09,14.148468017578123,14.196786880493164,13.584083557128906,13.894668579101562,13.87887477874756,212324874,0.0,0.0
2008-06-10,13.687694549560549,13.918331146240234,13.618454933166504,13.802515029907228,13.786826133728027,146844353,0.0,0.0
2008-06-11,13.854071617126465,13.881468772888184,13.560670852661133,13.57910156,13.563666343688965,153087667,0.0,0.0
2008-06-12,13.667770385742188,13.897907257080078,13.62094497680664,13.77212905883789,13.756474494934082,220487355,0.0,0.0
2008-06-13,13.984830856323242,14.338754653930664,13.98109531402588,14.23439598083496,14.218215942382812,248303226,0.0,0.0
2008-06-16,14.109614372253418,14.423437118530272,14.109614372253418,14.266775131225586,14.250558853149414,142243171,0.0,0.0
2008-06-17,14.354944229125977,14.397784233093262,14.156437873840332,14.183337211608888,14.16721534729004,139035192,0.0,0.0
2008-06-18,14.060049057006836,14.171630859375,13.926798820495604,14.006998062133787,13.991076469421388,135754943,0.0,0.0
2008-06-19,13.831905364990234,14.041868209838867,13.718828201293944,13.952701568603516,13.93684196472168,228176066,0.0,0.0
2008-06-20,13.872502326965332,13.872502326965332,13.561917304992676,13.609737396240234,13.594267845153809,240221045,0.0,0.0
2008-06-23,13.583086967468262,13.77711009979248,13.49989891052246,13.579351425170898,13.563916206359863,145981130,0.0,0.0
2008-06-24,13.577608108520508,13.728293418884276,13.327545166015623,13.50687313079834,13.491519927978516,187604562,0.0,0.0
2008-06-25,13.573373794555664,13.892926216125488,13.54099464416504,13.72356128692627,13.707962036132812,165506041,0.0,0.0
2008-06-26,13.551705360412598,13.57237720489502,13.157183647155762,13.171131134033203,13.156160354614258,227228528,0.0,0.0
2008-06-27,13.142738342285156,13.200521469116213,12.82916259765625,13.152450561523438,13.137500762939451,218716743,0.0,0.0
2008-06-30,13.262041091918944,13.399773597717283,13.027668952941896,13.11135482788086,13.09645175933838,151176531,0.0,0.0
2008-07-01,12.940994262695312,13.367894172668455,12.876734733581545,13.318329811096191,13.30319118499756,199139637,0.0,0.0
2008-07-02,13.362663269042969,13.459052085876465,13.102389335632324,13.126797676086426,13.111876487731934,169553154,0.0,0.0
2008-07-03,13.22243881225586,13.430410385131836,13.13825511932373,13.374868392944336,13.359665870666504,96379907,0.0,0.0
2008-07-07,13.50687313079834,13.673747062683104,13.339998245239258,13.54697322845459,13.531575202941896,170845981,0.0,0.0
2008-07-08,13.598777770996094,13.827919960021973,13.44958782196045,13.811481475830078,13.795782089233398,198035514,0.0,0.0
2008-07-09,13.71758270263672,13.840124130249023,13.467768669128418,13.488192558288574,13.472861289978027,166782808,0.0,0.0
2008-07-10,13.574121475219728,13.686201095581056,13.218454360961914,13.463784217834473,13.448480606079102,173917451,0.0,0.0
2008-07-11,13.362414360046388,13.4371337890625,12.937257766723633,13.295166015625,13.280054092407228,200002860,0.0,0.0
2008-07-14,13.424680709838867,13.451082229614258,12.838129997253418,12.991804122924805,12.977036476135254,177655409,0.0,0.0
2008-07-15,12.85880184173584,13.13825511932373,12.480718612670898,12.854069709777832,12.839459419250488,243750224,0.0,0.0
2008-07-16,12.803010940551758,13.362414360046388,12.717331886291504,13.339998245239258,13.324834823608398,190398997,0.0,0.0
2008-07-17,13.304133415222168,13.376112937927246,13.0635347366333,13.286199569702148,13.271098136901855,352813493,0.0,0.0
2008-07-18,12.412225723266602,12.427916526794434,11.910107612609863,11.988065719604492,11.97443962097168,453389067,0.0,0.0
2008-07-21,11.977107048034668,12.05705738067627,11.599023818969728,11.67623519897461,11.662962913513184,236944811,0.0,0.0
2008-07-22,11.624428749084473,11.961416244506836,11.596532821655272,11.883209228515623,11.869702339172363,188363396,0.0,0.0
2008-07-23,11.995288848876951,12.384329795837402,11.907865524291992,12.18482780456543,12.170977592468262,196497772,0.0,0.0
2008-07-24,12.371129989624023,12.375364303588867,11.846097946166992,11.846097946166992,11.832633018493652,142166886,0.0,0.0
2008-07-25,12.116832733154297,12.28221321105957,11.992548942565918,12.253570556640623,12.239642143249512,127817302,0.0,0.0
2008-07-28,12.25631046295166,12.25631046295166,11.83389377593994,11.883458137512209,11.869950294494627,126873778,0.0,0.0
2008-07-29,11.937753677368164,12.136011123657228,11.905376434326172,12.032649040222168,12.018972396850586,112532223,0.0,0.0
2008-07-30,12.09217643737793,12.105127334594728,11.77610969543457,12.02243709564209,12.008771896362305,140151360,0.0,0.0
2008-07-31,11.819697380065918,11.97735595703125,11.741988182067873,11.799522399902344,11.786109924316406,115033564,0.0,0.0
2008-08-01,11.768637657165527,11.786321640014648,11.519323348999023,11.65282154083252,11.639575958251951,120766974,0.0,0.0
2008-08-04,11.659297943115234,11.781091690063477,11.504379272460938,11.531776428222656,11.518669128417969,99852875,0.0,0.0
2008-08-05,11.646098136901855,11.957181930541992,11.61471462249756,11.95145320892334,11.937868118286133,143917423,0.0,0.0
2008-08-06,11.914590835571287,12.198527336120604,11.768637657165527,12.113097190856934,12.099328994750977,135538133,0.0,0.0
2008-08-07,12.00500202178955,12.054816246032717,11.865774154663086,11.933271408081056,11.919707298278809,111367875,0.0,0.0
2008-08-08,11.958925247192385,12.347469329833984,11.847841262817385,12.3290376663208,12.315023422241213,150132633,0.0,0.0
2008-08-11,12.265774726867676,12.674492835998535,12.24858856201172,12.4742431640625,12.460063934326172,170207597,0.0,0.0
2008-08-12,12.503134727478027,12.605999946594238,12.403509140014648,12.518327713012695,12.504098892211914,110641162,0.0,0.0
2008-08-13,12.493172645568848,12.54149055480957,12.30089282989502,12.454069137573242,12.439912796020508,145563571,0.0,0.0
2008-08-14,12.396037101745604,12.642861366271973,12.360918045043944,12.590059280395508,12.575748443603516,117181585,0.0,0.0
2008-08-15,12.627419471740724,12.718827247619627,12.59030818939209,12.706124305725098,12.69168186187744,142359606,0.0,0.0
2008-08-18,12.698403358459473,12.702387809753418,12.341490745544434,12.410981178283691,12.39687442779541,133855851,0.0,0.0
2008-08-19,12.214964866638184,12.410482406616213,12.120320320129396,12.21670913696289,12.2028226852417,122316761,0.0,0.0
2008-08-20,12.32181453704834,12.37088108062744,12.01919937133789,12.07972240447998,12.065991401672363,159881036,0.0,0.0
2008-08-21,12.027915954589844,12.201765060424805,11.937006950378418,12.11782932281494,12.104055404663086,141090868,0.0,0.0
2008-08-22,12.241615295410156,12.325799942016602,12.191304206848145,12.218950271606444,12.20506191253662,92232419,0.0,0.0
2008-08-25,12.107369422912598,12.378602027893066,11.992548942565918,12.030158042907717,12.016484260559082,80874004,0.0,0.0
2008-08-26,12.04136562347412,12.04136562347412,11.720816612243652,11.809734344482422,11.796310424804688,132823998,0.0,0.0
2008-08-27,11.799023628234863,11.826421737670898,11.577604293823242,11.67075538635254,11.657489776611328,176141757,0.0,0.0
2008-08-28,11.768139839172363,11.866769790649414,11.71434211730957,11.800270080566406,11.786857604980469,121642242,0.0,0.0
2008-08-29,11.699895858764648,11.731278419494627,11.51508903503418,11.5389986038208,11.525882720947266,154504960,0.0,0.0
2008-09-02,11.874740600585938,12.009486198425291,11.492424011230469,11.58781623840332,11.574645042419434,245376296,0.0,0.0
2008-09-03,11.674490928649902,11.81297206878662,11.446595191955566,11.566893577575684,11.553746223449709,173230887,0.0,0.0
2008-09-04,11.457056045532228,11.53775405883789,11.193045616149902,11.214465141296388,11.2017183303833,194666935,0.0,0.0
2008-09-05,11.095661163330078,11.26926040649414,10.960915565490724,11.064777374267578,11.052200317382812,182051827,0.0,0.0
2008-09-08,11.25830078,11.281214714050291,10.399768829345703,10.459545135498049,10.447656631469728,362068052,0.0,0.0
2008-09-09,10.53974437713623,10.769135475158691,10.336256980895996,10.427414894104004,10.415562629699709,290267933,0.0,0.0
2008-09-10,10.57212257385254,10.572372436523438,10.203754425048828,10.315336227416992,10.303610801696776,250005583,0.0,0.0
2008-09-11,10.17062759399414,10.836631774902344,10.121562004089355,10.80325698852539,10.790977478027344,259826256,0.0,0.0
2008-09-12,10.715086936950684,11.0084867477417,10.68494987487793,10.900642395019531,10.88825225830078,242023777,0.0,0.0
2008-09-15,10.560417175292969,11.007988929748535,10.553194046020508,10.80599594116211,10.793713569641112,263680649,0.0,0.0
2008-09-16,10.609233856201172,11.190056800842283,10.597528457641602,11.031900405883787,11.019360542297363,280676114,0.0,0.0
2008-09-17,10.921065330505373,10.937503814697266,10.297403335571287,10.32355499267578,10.31182098388672,366444394,0.0,0.0
2008-09-18,10.526543617248535,10.93850040435791,10.224177360534668,10.936009407043455,10.923579216003418,344863807,0.0,0.0
2008-09-19,11.481963157653809,11.508612632751465,11.040616989135742,11.186819076538086,11.17410373687744,401740198,0.0,0.0
2008-09-22,11.310853958129885,11.310853958129885,10.68494987487793,10.713343620300291,10.701166152954102,176952786,0.0,0.0
2008-09-23,10.79080295562744,10.978599548339844,10.603256225585938,10.691675186157228,10.679522514343262,208948265,0.0,0.0
2008-09-24,10.718324661254885,11.083456039428713,10.712596893310549,10.837129592895508,10.824810981750488,170316002,0.0,0.0
2008-09-25,10.930031776428224,11.207989692687988,10.85879898071289,10.94896125793457,10.936515808105469,201564693,0.0,0.0
2008-09-26,10.660043716430664,10.888188362121582,10.486444473266602,10.735759735107422,10.723556518554688,212493504,0.0,0.0
2008-09-29,10.448586463928224,10.548213005065918,9.482208251953123,9.489431381225586,9.478645324707031,432129680,0.0,0.0
2008-09-30,9.86253261566162,10.587315559387209,9.771373748779297,9.975608825683594,9.964269638061523,123914728,0.0,0.0
2008-10-01,10.24036693572998,10.38557243347168,10.039868354797363,10.254563331604004,10.242907524108888,250326782,0.0,0.0
2008-10-02,10.206494331359863,10.211226463317873,9.613965034484863,9.725794792175291,9.714739799499512,240293315,0.0,0.0
2008-10-03,9.896655082702637,10.273990631103516,9.540987968444824,9.636630058288574,9.625676155090332,320914374,0.0,0.0
2008-10-06,9.314586639404297,9.364648818969728,8.89565658569336,9.24559497833252,9.235085487365724,450506303,0.0,0.0
2008-10-07,9.298397064208984,9.339492797851562,8.602007865905762,8.617947578430176,8.60815143585205,443833384,0.0,0.0
2008-10-08,8.223177909851074,8.941235542297363,8.122305870056152,8.421184539794922,8.411612510681152,474829130,0.0,0.0
2008-10-09,8.58083724975586,8.681709289550781,8.011719703674316,8.193787574768066,8.184473991394043,324210683,0.0,0.0
2008-10-10,7.799765110015869,8.515332221984863,7.728531837463379,8.26900577545166,8.25960636138916,425500926,0.0,0.0
2008-10-13,8.86153507232666,9.51309299468994,8.611472129821777,9.48992919921875,9.47914218902588,357555200,0.0,0.0
2008-10-14,9.801511764526367,9.825671195983888,8.891672134399414,9.033888816833496,9.02362060546875,312559174,0.0,0.0
2008-10-15,8.833141326904297,8.941485404968262,8.439118385314941,8.447586059570312,8.437984466552734,269863738,0.0,0.0
2008-10-16,8.287935256958008,8.879219055175781,7.707111835479736,8.792543411254883,8.782548904418945,652022815,0.0,0.0
2008-10-17,9.43862247467041,9.613965034484863,9.0548095703125,9.27872085571289,9.268174171447754,572104380,0.0,0.0
2008-10-20,9.458297729492188,9.488932609558104,8.95617961883545,9.447587966918944,9.436849594116213,271148536,0.0,0.0
2008-10-21,9.274985313415527,9.558671951293944,9.016204833984377,9.03488540649414,9.024616241455078,232146894,0.0,0.0
2008-10-22,8.891423225402832,9.20773696899414,8.567885398864746,8.858546257019043,8.848477363586426,263383540,0.0,0.0
2008-10-23,8.808235168457031,8.91657829284668,8.418196678161621,8.77510929107666,8.765134811401367,260127380,0.0,0.0
2008-10-24,8.131272315979004,8.72903060913086,8.088184356689453,8.45057487487793,8.440969467163086,295463334,0.0,0.0
2008-10-27,8.338993072509766,8.54297924041748,8.109602928161621,8.206489562988281,8.197161674499512,248957670,0.0,0.0
2008-10-28,8.444598197937012,9.198272705078123,8.182082176208496,9.184325218200684,9.173885345458984,325431241,0.0,0.0
2008-10-29,9.110601425170898,9.240365028381348,8.77635383605957,8.91657829284668,8.90644359588623,391726805,0.0,0.0
2008-10-30,9.177102088928224,9.265271186828612,8.925793647766113,8.958670616149902,8.948487281799316,320753774,0.0,0.0
2008-10-31,8.870750427246094,9.264274597167969,8.823677062988281,8.950451850891113,8.940278053283691,298044974,0.0,0.0
2008-11-03,8.906118392944336,9.040863037109377,8.503874778747559,8.629902839660645,8.62009334564209,239072757,0.0,0.0
2008-11-04,8.803004264831543,9.274237632751465,8.605244636535645,9.139244079589844,9.12885570526123,295097969,0.0,0.0
2008-11-05,9.019941329956056,9.187562942504885,8.500886917114258,8.524049758911133,8.514360427856445,278901487,0.0,0.0
2008-11-06,8.467512130737305,8.578346252441406,8.11483383178711,8.249579429626465,8.240202903747559,344277618,0.0,0.0
2008-11-07,8.296900749206543,8.496902465820312,8.102877616882324,8.247586250305176,8.238211631774902,187953866,0.0,0.0
2008-11-10,8.169379234313965,8.205245018005371,7.707859039306641,7.939740180969238,7.930715560913086,324415448,0.0,0.0
2008-11-11,7.688432216644287,7.877971172332764,7.484944820404053,7.757422924041748,7.748605251312256,407385278,0.0,0.0
2008-11-12,7.523052215576172,7.783076763153076,7.167136192321777,7.247832775115967,7.239594459533691,403550960,0.0,0.0
2008-11-13,7.267011165618896,7.795780181884766,6.973859786987305,7.772864818572998,7.764029502868652,531372276,0.0,0.0
2008-11-14,7.5529398918151855,8.094409942626953,7.535754203796387,7.721558094024658,7.7127814292907715,382110897,0.0,0.0
2008-11-17,7.546712875366211,7.725045204162598,7.420935153961182,7.474981784820557,7.466485500335693,302883041,0.0,0.0
2008-11-18,7.511096954345703,7.564895153045654,7.107110977172852,7.407733917236328,7.399313926696777,335095329,0.0,0.0
2008-11-19,7.357173919677734,7.476725101470947,6.938492774963379,6.9783430099487305,6.9704108238220215,314558640,0.0,0.0
2008-11-20,6.846587181091309,7.047085762023926,6.451817035675049,6.464767932891846,6.457419872283936,392642224,0.0,0.0
2008-11-21,6.538242816925049,6.709103107452393,6.159412860870361,6.536251068115234,6.528821468353272,411315956,0.0,0.0
2008-11-24,6.706363201141357,6.72354793548584,6.202003002166748,6.411965847015381,6.404677391052246,403695499,0.0,0.0
2008-11-25,6.691916942596436,7.139739036560059,6.65804386138916,7.024919033050537,7.016933917999268,432462924,0.0,0.0
2008-11-26,6.980834007263184,7.358917236328125,6.879214763641357,7.27498197555542,7.266712665557861,255217044,0.0,0.0
2008-11-28,7.237372875213623,7.383574962615967,7.180087089538574,7.296649932861328,7.288356304168701,103004645,0.0,0.0
2008-12-01,7.140236854553223,7.157670974731445,6.624669075012207,6.624917984008789,6.617387771606445,229304279,0.0,0.0
2008-12-02,6.718069076538086,6.918568134307861,6.539987087249756,6.852066993713379,6.844278335571289,234463545,0.0,0.0
2008-12-03,6.721057891845703,7.00773286819458,6.608728885650635,6.959662914276123,6.951752185821533,237077306,0.0,0.0
2008-12-04,6.887434005737305,7.060783863067627,6.694159030914307,6.832889080047607,6.825122356414795,196196647,0.0,0.0
2008-12-05,6.750198841094971,7.079463958740234,6.575851917266846,7.073237895965576,7.065197944641113,261825722,0.0,0.0
2008-12-08,7.222678184509277,7.707111835479736,7.023674011230469,7.524546146392822,7.515993118286133,326993073,0.0,0.0
2008-12-09,7.414459228515625,7.920312881469727,7.39752197265625,7.620686054229736,7.612023830413818,276629001,0.0,0.0
2008-12-10,7.702130794525146,7.843101978302002,7.584321975708008,7.691669940948486,7.682927131652832,210265182,0.0,0.0
2008-12-11,7.5758538246154785,7.79279088973999,7.41719913482666,7.47747278213501,7.468973636627197,248094446,0.0,0.0
2008-12-12,7.365143775939941,7.882205963134766,7.3225531578063965,7.8645219802856445,7.85558271408081,229741913,0.0,0.0
2008-12-15,7.820934772491455,7.932517051696777,7.599266052246094,7.7377471923828125,7.728951930999756,270526212,0.0,0.0
2008-12-16,7.833638191223144,8.20673942565918,7.75269079208374,8.101633071899414,8.092424392700195,283442445,0.0,0.0
2008-12-17,7.936253070831299,8.023177146911621,7.781333923339844,7.851570129394531,7.842645645141602,232456049,0.0,0.0
2008-12-18,7.88793420791626,7.978843212127685,7.698893070220947,7.728033065795898,7.71924877166748,191254191,0.0,0.0
2008-12-19,7.7457170486450195,7.915081977844238,7.696153163909912,7.72529411315918,7.716513156890869,225345496,0.0,0.0
2008-12-22,7.68519401550293,7.708605766296387,7.238617897033691,7.400012969970703,7.391601563,157291365,0.0,0.0
2008-12-23,7.48270320892334,7.554433822631836,7.389053821563721,7.422677993774414,7.414240837097168,151674390,0.0,0.0
2008-12-24,7.508854866027832,7.629900932312012,7.431643962860107,7.545467853546143,7.536890983581543,77148090,0.0,0.0
2008-12-26,7.573362827301025,7.603002071380615,7.429901123046875,7.480959892272949,7.472456455230713,78657728,0.0,0.0
2008-12-29,7.47747278213501,7.506363868713379,7.262279033660889,7.407733917236328,7.399313926696777,148631025,0.0,0.0
2008-12-30,7.491918087005615,7.64160680770874,7.439864158630371,7.549452781677246,7.540871620178223,154316255,0.0,0.0
2008-12-31,7.576601028442383,7.745965957641602,7.536999225616455,7.662528991699219,7.65381908416748,115904817,0.0,0.0
2009-01-02,7.686190128326416,8.015456199645996,7.608980178833008,8.003003120422363,7.993906497955322,144961322,0.0,0.0
2009-01-05,7.995032787322998,8.250077247619629,7.845592975616455,8.170623779296875,8.161336898803711,196293007,0.0,0.0
2009-01-06,8.293414115905762,8.488183975219727,8.129279136657715,8.320313453674316,8.310855865478516,257971329,0.0,0.0
2009-01-07,8.177349090576172,8.241856575012207,7.938992977142334,8.020188331604004,8.011072158813477,180453860,0.0,0.0
2009-01-08,7.927287101745605,8.099390983581543,7.903873920440674,8.099390983581543,8.090185165405273,144567852,0.0,0.0
2009-01-09,8.156926155090332,8.156926155090332,7.805741786956787,7.847335815429687,7.83841609954834,174270770,0.0,0.0
2009-01-12,7.878220081329346,7.943974018096924,7.72678804397583,7.788057804107666,7.779205322265625,132667413,0.0,0.0
2009-01-13,7.765143871307373,7.98507022857666,7.730772972106934,7.828656196594238,7.819757461547852,177964564,0.0,0.0
2009-01-14,7.721059799194336,7.815704822540283,7.415953159332275,7.496152877807617,7.487632274627685,219535801,0.0,0.0
2009-01-15,7.41146993637085,7.561159133911133,7.142975807189941,7.446836948394775,7.438372611999512,238269759,0.0,0.0
2009-01-16,7.597023963928223,7.677473068237305,7.364894866943359,7.46377420425415,7.4552903175354,209759293,0.0,0.0
2009-01-20,7.450572967529297,7.459539890289307,7.042354106903076,7.042354106903076,7.03434944152832,202684876,0.0,0.0
2009-01-21,7.181830883026123,7.559165954589844,7.181830883026123,7.5487060546875,7.540125846862793,197718329,0.0,0.0
2009-01-22,7.423175811767578,7.704870223999023,7.351195812225342,7.633885860443115,7.625208854675293,331919470,0.0,0.0
2009-01-23,7.702877998352051,8.268009185791016,7.577098846435547,8.087186813354492,8.077994346618652,430921167,0.0,0.0
2009-01-26,8.090923309326172,8.169379234313965,7.984074115753174,8.06651496887207,8.05734634399414,185119281,0.0,0.0
2009-01-27,8.130773544311523,8.315581321716309,8.07647705078125,8.256053924560547,8.24666976928711,197830749,0.0,0.0
2009-01-28,8.417946815490723,8.775358200073242,8.37635326385498,8.684199333190918,8.674328804016113,308809170,0.0,0.0
2009-01-29,8.581335067749023,8.594037055969238,8.470998764038086,8.550949096679688,8.541229248046875,292444059,0.0,0.0
2009-01-30,8.585070610046387,8.687437057495117,8.368632316589355,8.431646347045898,8.422062873840332,187580472,0.0,0.0
2009-02-02,8.326042175292969,8.592791557312012,8.26900577545166,8.48245620727539,8.472814559936523,209056670,0.0,0.0
2009-02-03,8.532268524169922,8.54297924041748,8.314584732055664,8.479467391967773,8.469829559326172,263243015,0.0,0.0
2009-02-04,8.470002174377441,8.827911376953125,8.447586059570312,8.54297924041748,8.533268928527832,273718132,0.0,0.0
2009-02-05,8.490923881530762,8.851323127746582,8.393539428710938,8.809977531433105,8.79996395111084,291665150,0.0,0.0
2009-02-06,8.878222465515137,9.31035327911377,8.852816581726074,9.247339248657228,9.236827850341797,282579221,0.0,0.0
2009-02-09,9.247339248657228,9.489431381225586,9.14820957183838,9.433889389038086,9.423166275024414,199838246,0.0,0.0
2009-02-10,9.364399909973145,9.402257919311523,8.913839340209961,8.929281234741211,8.9191312789917,285213056,0.0,0.0
2009-02-11,8.940239906311035,9.090925216674805,8.792044639587402,8.917574882507324,8.907438278198242,210048373,0.0,0.0
2009-02-12,8.796030044555664,9.056553840637209,8.754186630249023,9.042357444763184,9.032079696655272,222844155,0.0,0.0
2009-02-13,9.020936965942385,9.040863037109377,8.847586631774902,8.908608436584473,8.898482322692871,166489714,0.0,0.0
2009-02-17,8.630400657653809,8.64484691619873,8.460537910461426,8.534510612487793,8.524809837341309,228067661,0.0,0.0
2009-02-18,8.64858341217041,8.801509857177734,8.481209754943848,8.794784545898438,8.784788131713867,241883252,0.0,0.0
2009-02-19,8.903377532958984,8.961409568786621,8.503376960754395,8.534011840820312,8.524312019348145,200295955,0.0,0.0
2009-02-20,8.41969108581543,8.690425872802734,8.34372615814209,8.628907203674316,8.619098663330078,249616129,0.0,0.0
2009-02-23,8.64260482788086,8.7123441696167,8.20798397064209,8.220686912536621,8.211342811584473,209626799,0.0,0.0
2009-02-24,8.244597434997559,8.707860946655273,8.241358757019043,8.604000091552734,8.594220161437988,244749957,0.0,0.0
2009-02-25,8.521807670593262,8.774611473083496,8.441360473632812,8.509105682373047,8.499433517456055,258529413,0.0,0.0
2009-02-26,8.61670207977295,8.779342651367188,8.397523880004883,8.398021697998047,8.388476371765137,225064447,0.0,0.0
2009-02-27,8.292667388916016,8.56340217590332,8.246838569641113,8.418196678161621,8.408628463745117,217612620,0.0,0.0
2009-03-02,8.302131652832031,8.48569393157959,8.119565963745117,8.148457527160645,8.139195442199707,232407869,0.0,0.0
2009-03-03,8.220935821533203,8.311098098754883,8.028656959533691,8.106614112854004,8.097399711608887,261970262,0.0,0.0
2009-03-04,8.04883098602295,8.194286346435547,7.855056762695312,7.9432268142700195,7.934197902679443,313908211,0.0,0.0
2009-03-05,7.882454872131348,7.947212219238281,7.537746906280518,7.612466812133789,7.603814125061035,262175027,0.0,0.0
2009-03-06,7.651819229125977,7.725791931152344,7.328780174255371,7.685442924499512,7.6767072677612305,290452622,0.0,0.0
2009-03-09,7.471495151519775,7.635630130767822,7.209228038787842,7.245093822479248,7.23685884475708,259822241,0.0,0.0
2009-03-10,7.428407192230225,7.733512878417969,7.328780174255371,7.675479888916016,7.666755676269531,270217058,0.0,0.0
2009-03-11,7.723549842834473,7.970126152038574,7.61421012878418,7.918070793151855,7.9090704917907715,237832124,0.0,0.0
2009-03-12,7.90885591506958,8.094658851623535,7.811968803405762,8.058046340942383,8.048887252807617,201717262,0.0,0.0
2009-03-13,8.12205696105957,8.155929565429688,7.945967197418213,8.080212593078613,8.071027755737305,156841686,0.0,0.0
2009-03-16,8.119317054748535,8.212468147277832,7.9350080490112305,7.962405204772949,7.953354835510254,198613673,0.0,0.0
2009-03-17,7.974608898162842,8.352193832397461,7.947461128234863,8.352193832397461,8.342700004577637,189206544,0.0,0.0
2009-03-18,8.338993072509766,8.46825885772705,8.170623779296875,8.296402931213379,8.286972999572754,201239478,0.0,0.0
2009-03-19,8.261035919189453,8.368632316589355,8.153937339782715,8.217698097229004,8.208357810974121,165064391,0.0,0.0
2009-03-20,8.226663589477539,8.293663024902344,8.128033638000488,8.223177909851074,8.213830947875977,190226352,0.0,0.0
2009-03-23,8.307860374450684,8.70362663269043,8.294659614562988,8.682456016540527,8.672587394714355,171500425,0.0,0.0
2009-03-24,8.630151748657227,8.812967300415039,8.567885398864746,8.64684009552002,8.637011528015137,153372732,0.0,0.0
2009-03-25,8.727288246154785,8.750699996948242,8.374858856201172,8.569628715515137,8.559887886047363,174102141,0.0,0.0
2009-03-26,8.795283317565918,8.945469856262207,8.679965019226074,8.799267768859863,8.789265632629395,241032074,0.0,0.0
2009-03-27,8.717325210571289,8.767139434814453,8.604497909545898,8.660039901733398,8.650196075439453,133410187,0.0,0.0
2009-03-30,8.531770706176758,8.563153266906738,8.369877815246582,8.535258293151855,8.525556564331055,124227898,0.0,0.0
2009-03-31,8.690674781799316,8.804747581481934,8.62218189239502,8.66900634765625,8.65915298461914,146760038,0.0,0.0
2009-04-01,8.562405586242676,8.847835540771484,8.483451843261719,8.819192886352539,8.809168815612793,132542948,0.0,0.0
2009-04-02,9.048832893371582,9.209481239318848,8.97436237335205,9.028657913208008,9.01839542388916,180192885,0.0,0.0
2009-04-03,9.078472137451172,9.25829792022705,8.91657829284668,9.209979057312012,9.19951057434082,152160204,0.0,0.0
2009-04-06,9.140737533569336,9.21097469329834,9.001260757446289,9.171623229980469,9.161198616027832,131703815,0.0,0.0
2009-04-07,9.03114891052246,9.059791564941406,8.849579811096191,8.932767868041992,8.922614097595215,147755757,0.0,0.0
2009-04-08,9.05356502532959,9.090925216674805,8.87199592590332,9.016204833984377,9.005956649780273,111022586,0.0,0.0
2009-04-09,9.203004837036133,9.32380199432373,9.122057914733888,9.277725219726562,9.267179489135742,135811153,0.0,0.0
2009-04-13,9.248583793640137,9.442109107971191,9.222929954528809,9.417450904846191,9.406746864318848,122461301,0.0,0.0
2009-04-14,9.388310432434082,9.389555931091309,9.10586929321289,9.188309669494627,9.177865982055664,137658049,0.0,0.0
2009-04-15,9.143228530883787,9.490925788879396,9.070002555847168,9.452071189880373,9.441327095031738,197967259,0.0,0.0
2009-04-16,9.501885414123535,9.78582000732422,9.48992919921875,9.682209014892578,9.67120361328125,408931050,0.0,0.0
2009-04-17,9.614462852478027,9.958173751831056,9.584325790405272,9.76938247680664,9.758277893066406,430840867,0.0,0.0
2009-04-20,9.61769962310791,9.729780197143556,9.362157821655272,9.44709014892578,9.436351776123049,177820024,0.0,0.0
2009-04-21,9.369132041931152,9.571622848510742,9.367388725280762,9.501136779785156,9.490337371826172,148370051,0.0,0.0
2009-04-22,9.508111000061035,9.713590621948242,9.43986701965332,9.560664176940918,9.549797058105469,140597024,0.0,0.0
2009-04-23,9.65157413482666,9.707364082336426,9.49217128753662,9.581336975097656,9.570446014404297,104751167,0.0,0.0
2009-04-24,9.615209579467772,9.792794227600098,9.476978302001951,9.700888633728027,9.689862251281738,135923572,0.0,0.0
2009-04-27,9.572619438171388,9.700888633728027,9.533018112182615,9.61271858215332,9.601792335510254,91967429,0.0,0.0
2009-04-28,9.5579252243042,9.689929962158203,9.502881050109863,9.556927680969238,9.546064376831056,118185333,0.0,0.0
2009-04-29,9.6132173538208,9.837376594543455,9.609729766845703,9.750204086303713,9.739121437072754,144941247,0.0,0.0
2009-04-30,9.85705280303955,10.05605697631836,9.83314323425293,9.86228370666504,9.851073265075684,174881049,0.0,0.0
2009-05-01,9.838871002197266,9.902632713317873,9.752196311950684,9.805497169494627,9.794351577758787,97471985,0.0,0.0
2009-05-04,9.917078018188477,10.022433280944824,9.832894325256348,10.01197338104248,10.000593185424805,128600225,0.0,0.0
2009-05-05,9.962159156799316,10.087190628051758,9.894164085388184,10.037128448486328,10.02571964263916,96391952,0.0,0.0
2009-05-06,10.131773948669434,10.168885231018066,9.987564086914062,10.049083709716797,10.0376615524292,105710750,0.0,0.0
2009-05-07,10.064775466918944,10.086941719055176,9.77585792541504,9.87822437286377,9.866995811462402,120441759,0.0,0.0
2009-05-08,10.03364086151123,10.214962005615234,9.83812427520752,10.145222663879396,10.13369083404541,155183494,0.0,0.0
2009-05-11,10.03239631652832,10.261536598205566,9.992545127868652,10.161413192749023,10.149863243103027,102755715,0.0,0.0
2009-05-12,10.211973190307615,10.23638153076172,9.840864181518556,9.937999725341797,9.926703453063965,152200354,0.0,0.0
2009-05-13,9.815459251403809,9.8727445602417,9.672494888305664,9.702134132385254,9.691105842590332,114138220,0.0,0.0
2009-05-14,9.683703422546388,9.768634796142578,9.581336975097656,9.651324272155762,9.64035415649414,117920344,0.0,0.0
2009-05-15,9.74098777770996,9.815957069396973,9.690925598144531,9.713590621948242,9.702549934387209,120799094,0.0,0.0
2009-05-18,9.83139991760254,9.895659446716309,9.599020957946776,9.883953094482422,9.872718811035156,134570520,0.0,0.0
2009-05-19,9.865522384643556,10.003503799438477,9.788311004638672,9.934762001037598,9.923469543457031,113925426,0.0,0.0
2009-05-20,10.0147123336792,10.103878021240234,9.83812427520752,9.892420768737791,9.881175994873049,91702440,0.0,0.0
2009-05-21,9.870503425598145,10.033391952514648,9.809232711791992,9.875484466552734,9.864259719848633,109199779,0.0,0.0
2009-05-22,9.87946891784668,9.929034233093262,9.76340389251709,9.800764083862305,9.789624214172363,69001669,0.0,0.0
2009-05-26,9.76215934753418,10.087190628051758,9.713590621948242,10.071249961853027,10.059802055358888,124645457,0.0,0.0
2009-05-27,10.103131294250488,10.258049964904783,10.082457542419434,10.1011381149292,10.089656829833984,121826932,0.0,0.0
2009-05-28,10.178847312927246,10.252073287963867,10.07747745513916,10.221687316894531,10.210068702697754,107152133,0.0,0.0
2009-05-29,10.264277458190918,10.391798973083496,10.229159355163574,10.391798973083496,10.379986763000488,106325044,0.0,0.0
2009-06-01,10.429159164428713,10.699893951416016,10.42417812347412,10.624177932739258,10.612101554870604,133394127,0.0,0.0
2009-06-02,10.616456985473633,10.708861351013184,10.545473098754885,10.670005798339844,10.657877922058104,105337356,0.0,0.0
2009-06-03,10.610230445861816,10.771126747131348,10.560417175292969,10.75095272064209,10.73873233795166,141841672,0.0,0.0
2009-06-04,10.841861724853516,10.989808082580566,10.82193660736084,10.965896606445312,10.953432083129885,146069460,0.0,0.0
2009-06-05,11.085200309753418,11.141737937927246,10.945473670959473,11.066519737243652,11.053940773010254,147783862,0.0,0.0
2009-06-08,10.946470260620115,10.981837272644045,10.812472343444824,10.928288459777832,10.91586685180664,124412588,0.0,0.0
2009-06-09,10.923556327819824,10.9713773727417,10.753692626953123,10.849831581115724,10.837498664855955,130684007,0.0,0.0
2009-06-10,10.86502456665039,10.906370162963867,10.626917839050291,10.774614334106444,10.762367248535156,134859599,0.0,0.0
2009-06-11,10.753941535949709,10.802759170532228,10.669259071350098,10.68494987487793,10.672804832458496,115037579,0.0,0.0
2009-06-12,10.6316499710083,10.65257167816162,10.490926742553713,10.581338882446287,10.569311141967772,117173555,0.0,0.0
2009-06-15,10.498149871826172,10.498149871826172,10.31135082244873,10.380341529846191,10.368542671203612,150036273,0.0,0.0
2009-06-16,10.443605422973633,10.48793888092041,10.346717834472656,10.361164093017578,10.349387168884276,122445241,0.0,0.0
2009-06-17,10.365896224975586,10.453817367553713,10.250577926635742,10.340242385864258,10.328489303588867,140127270,0.0,0.0
2009-06-18,10.353194236755373,10.428162574768066,10.286443710327148,10.31284523010254,10.301122665405272,123870563,0.0,0.0
2009-06-19,10.416207313537598,10.472247123718262,10.325796127319336,10.463031768798828,10.451138496398926,171002566,0.0,0.0
2009-06-22,10.384824752807615,10.398275375366213,10.00973129272461,10.145721435546877,10.13418960571289,165594371,0.0,0.0
2009-06-23,10.128287315368652,10.186568260192873,10.026168823242188,10.104126930236816,10.092641830444336,116418737,0.0,0.0
2009-06-24,10.180341720581056,10.267266273498535,10.12604522705078,10.194040298461914,10.182453155517578,98680498,0.0,0.0
2009-06-25,10.137003898620604,10.358673095703123,10.124799728393556,10.355435371398926,10.34366512298584,122236461,0.0,0.0
2009-06-26,10.303380012512209,10.665772438049316,10.289183616638184,10.593294143676758,10.581253051757812,130756276,0.0,0.0
2009-06-29,10.610230445861816,10.655061721801758,10.51658058166504,10.56390380859375,10.55189609527588,87097243,0.0,0.0
2009-06-30,10.560417175292969,10.640366554260254,10.416457176208496,10.500391960144045,10.48845672607422,104144903,0.0,0.0
2009-07-01,10.56539821624756,10.620192527770996,10.414712905883787,10.43563461303711,10.423772811889648,92778458,0.0,0.0
2009-07-02,10.346468925476074,10.346468925476074,10.132271766662598,10.174115180969238,10.162550926208496,101081463,0.0,0.0
2009-07-06,10.124550819396973,10.22766399383545,10.004002571105955,10.20201015472412,10.19041347503662,90843231,0.0,0.0
2009-07-07,10.167887687683104,10.191550254821776,9.86253261566162,9.878722190856934,9.867493629455566,130860666,0.0,0.0
2009-07-08,9.962657928466797,10.112096786499023,9.914339065551758,10.024675369262695,10.013280868530272,138163938,0.0,0.0
2009-07-09,10.11508560180664,10.322559356689451,10.107115745544434,10.22143840789795,10.209819793701172,131515110,0.0,0.0
2009-07-10,10.201263427734377,10.395285606384276,10.17934513092041,10.32131290435791,10.30958080291748,117502785,0.0,0.0
2009-07-13,10.365398406982422,10.573368072509766,10.340740203857422,10.567889213562012,10.55587673187256,162434571,0.0,0.0
2009-07-14,10.553194046020508,10.628412246704102,10.48245906829834,10.577603340148926,10.565580368041992,116266167,0.0,0.0
2009-07-15,10.70138931274414,10.92604637145996,10.672247886657717,10.913344383239746,10.90093994140625,151646285,0.0,0.0
2009-07-16,10.876233100891112,11.10213565826416,10.811973571777344,11.023680686950684,11.011150360107422,263162715,0.0,0.0
2009-07-17,10.78457736968994,10.84634494781494,10.62766456604004,10.716082572937012,10.703902244567873,275191634,0.0,0.0
2009-07-20,10.706868171691896,10.780840873718262,10.616456985473633,10.714091300964355,10.701912879943848,126612804,0.0,0.0
2009-07-21,10.733268737792969,10.757179260253906,10.603256225585938,10.657552719116213,10.64543914794922,119173022,0.0,0.0
2009-07-22,10.660043716430664,10.714838027954102,10.547964096069336,10.652321815490724,10.640213966369627,103855823,0.0,0.0
2009-07-23,10.676980018615724,10.989060401916504,10.597777366638184,10.892671585083008,10.880290031433104,139649486,0.0,0.0
2009-07-24,10.85456371307373,11.22019386291504,10.834389686584473,11.126296043395996,11.113649368286133,145619780,0.0,0.0
2009-07-27,11.10935878753662,11.127042770385742,10.899395942687988,11.07847499847412,11.065882682800291,100551484,0.0,0.0
2009-07-28,10.983830451965332,11.028910636901855,10.861786842346191,10.95518684387207,10.942734718322754,101679697,0.0,0.0
2009-07-29,10.889931678771973,10.904129028320312,10.756930351257324,10.865274429321287,10.852924346923828,79777911,0.0,0.0
2009-07-30,11.023929595947266,11.24460220336914,11.023929595947266,11.09939670562744,11.086780548095703,128423566,0.0,0.0
2009-07-31,11.207491874694824,11.275238037109377,11.01944637298584,11.034889221191406,11.022346496582031,114844859,0.0,0.0
2009-08-03,11.176607131958008,11.305126190185549,11.149209976196287,11.263032913208008,11.25023078918457,104000363,0.0,0.0
2009-08-04,11.192298889160156,11.307616233825684,11.168886184692385,11.300890922546388,11.288045883178713,95950302,0.0,0.0
2009-08-05,11.357430458068848,11.380094528198242,11.155187606811523,11.236383438110352,11.22361183166504,94031136,0.0,0.0
2009-08-06,11.315088272094728,11.329533576965332,11.171377182006836,11.21695613861084,11.204206466674805,84752487,0.0,0.0
2009-08-07,11.349209785461426,11.442609786987305,11.332274436950684,11.38482666015625,11.371886253356934,102105287,0.0,0.0
2009-08-10,11.336009979248049,11.417454719543455,11.302386283874512,11.372623443603516,11.359696388244627,69941178,0.0,0.0
2009-08-11,11.299397468566896,11.388065338134766,11.267268180847168,11.306121826171877,11.2932710647583,68756755,0.0,0.0
2009-08-12,11.342735290527344,11.500642776489258,11.330530166625977,11.4216890335083,11.408706665039062,94007046,0.0,0.0
2009-08-13,11.510604858398438,11.574614524841309,11.42990779876709,11.513842582702637,11.500755310058594,80107140,0.0,0.0
2009-08-14,11.526296615600586,11.536258697509766,11.379595756530762,11.457056045532228,11.4440336227417,67255147,0.0,0.0
2009-08-17,11.245349884033203,11.257554054260254,11.03663158416748,11.080717086791992,11.068121910095217,105200846,0.0,0.0
2009-08-18,11.085947036743164,11.150704383850098,11.01670742034912,11.09043025970459,11.077824592590332,94396500,0.0,0.0
2009-08-19,10.958674430847168,11.083456039428713,10.923057556152344,11.0578031539917,11.045233726501465,90538092,0.0,0.0
2009-08-20,11.257802963256836,11.5113525390625,11.238624572753906,11.467267990112305,11.454233169555664,160555554,0.0,0.0
2009-08-21,11.59503936767578,11.60873794555664,11.523058891296388,11.587567329406738,11.574396133422852,142953825,0.0,0.0
2009-08-24,11.640119552612305,11.70836353302002,11.567144393920898,11.674490928649902,11.66122055053711,98503838,0.0,0.0
2009-08-25,11.684453964233398,11.81446647644043,11.67424201965332,11.74024486541748,11.726900100708008,93990986,0.0,0.0
2009-08-26,11.77486515045166,11.780842781066896,11.623930931091309,11.656309127807615,11.643059730529783,79810030,0.0,0.0
2009-08-27,11.67075538635254,11.67075538635254,11.475237846374512,11.607990264892578,11.594796180725098,80255695,0.0,0.0
2009-08-28,11.687691688537598,11.765151023864746,11.541240692138672,11.575363159179688,11.562206268310549,71129616,0.0,0.0
2009-08-31,11.451826095581056,11.503381729125977,11.40724277496338,11.498649597167969,11.48557949066162,78609548,0.0,0.0
2009-09-01,11.44908618927002,11.62691879272461,11.318077087402344,11.351451873779297,11.33854866027832,104185053,0.0,0.0
2009-09-02,11.352946281433104,11.415461540222168,11.27249813079834,11.282958984375,11.270133972167969,72462593,0.0,0.0
2009-09-03,11.352946281433104,11.413470268249512,11.332523345947266,11.395288467407228,11.382335662841797,66094814,0.0,0.0
2009-09-04,11.396533012390137,11.52181339263916,11.35194969177246,11.489435195922852,11.476375579833984,60192775,0.0,0.0
2009-09-08,11.563905715942385,11.63115406036377,11.353445053100586,11.422684669494627,11.409701347351074,106666319,0.0,0.0
2009-09-09,11.43364429473877,11.613221168518066,11.427167892456056,11.555935859680176,11.542800903320312,88145156,0.0,0.0
2009-09-10,11.622685432434082,11.729535102844238,11.506869316101074,11.729535102844238,11.71620273590088,101764012,0.0,0.0
2009-09-11,11.71608543395996,11.788314819335938,11.647093772888184,11.75942325592041,11.74605655670166,76401301,0.0,0.0
2009-09-14,11.718825340270996,11.87548828,11.707367897033691,11.83364486694336,11.820194244384766,79324216,0.0,0.0
2009-09-15,11.832648277282717,11.928041458129885,11.773619651794434,11.893918991088867,11.880399703979492,96283547,0.0,0.0
2009-09-16,11.950207710266112,12.18856430053711,11.917330741882324,12.161664962768556,12.147841453552246,103799614,0.0,0.0
2009-09-17,12.21845245361328,12.3878173828125,12.133272171020508,12.247095108032228,12.233174324035645,179996150,0.0,0.0
2009-09-18,12.372873306274414,12.378104209899902,12.234890937805176,12.240618705749512,12.22670555114746,131832295,0.0,0.0
2009-09-21,12.147966384887695,12.425925254821776,12.110108375549316,12.378602027893066,12.364531517028809,84973311,0.0,0.0
2009-09-22,12.476236343383787,12.502885818481444,12.398776054382324,12.429909706115724,12.415781021118164,122103967,0.0,0.0
2009-09-23,12.472748756408691,12.627668380737305,12.396286010742188,12.414965629577637,12.400854110717772,108573440,0.0,0.0
2009-09-24,12.465027809143066,12.488439559936523,12.278974533081056,12.372873306274414,12.358809471130373,101482963,0.0,0.0
2009-09-25,12.311104774475098,12.451578140258787,12.254069328308104,12.266023635864258,12.252080917358398,82291296,0.0,0.0
2009-09-28,12.324804306030272,12.490681648254396,12.286446571350098,12.416708946228027,12.402595520019531,73847766,0.0,0.0
2009-09-29,12.44161605834961,12.447094917297363,12.279224395751951,12.416708946228027,12.402595520019531,84282733,0.0,0.0
2009-09-30,12.453322410583496,12.456809043884276,12.135513305664062,12.34995937347412,12.33592128753662,126139035,0.0,0.0
2009-10-01,12.278974533081056,12.365401268005373,12.129535675048828,12.134516716003418,12.120723724365234,112949783,0.0,0.0
2009-10-02,12.04833984,12.24759292602539,12.019946098327637,12.069260597229004,12.0555419921875,104421937,0.0,0.0
2009-10-05,12.14572525024414,12.264779090881348,12.038376808166504,12.167393684387209,12.153563499450684,86105539,0.0,0.0
2009-10-06,12.246597290039062,12.437630653381348,12.246597290039062,12.421939849853516,12.40782070159912,109701653,0.0,0.0
2009-10-07,12.428415298461914,12.926299095153809,12.398776054382324,12.89018440246582,12.875533103942873,195698788,0.0,0.0
2009-10-08,12.94074535369873,13.032401084899902,12.785576820373535,12.80649757385254,12.791940689086914,172797268,0.0,0.0
2009-10-09,12.86801815032959,12.98906421661377,12.814468383789062,12.858055114746094,12.843440055847168,109934523,0.0,0.0
2009-10-12,13.036635398864746,13.09491729736328,12.934517860412598,13.052078247070312,13.037242889404297,133386097,0.0,0.0
2009-10-13,13.060794830322266,13.13725757598877,12.985825538635254,13.103633880615234,13.088739395141602,121951397,0.0,0.0
2009-10-14,13.261792182922363,13.339500427246094,13.200521469116213,13.333024978637695,13.317870140075684,130824531,0.0,0.0
2009-10-15,13.29392147064209,13.372377395629885,13.132526397705078,13.198280334472656,13.18327808380127,244930632,0.0,0.0
2009-10-16,13.632152557373049,13.816961288452148,13.56241512298584,13.694917678833008,13.679350852966309,355001664,0.0,0.0
2009-10-19,13.765652656555176,13.788317680358888,13.667022705078123,13.75070858001709,13.735078811645508,129198459,0.0,0.0
2009-10-20,13.739500999450684,13.77212905883789,13.467021942138672,13.741494178771973,13.725874900817873,162354271,0.0,0.0
2009-10-21,13.696412086486816,13.931530952453612,13.673747062683104,13.726051330566406,13.71044922,147374332,0.0,0.0
2009-10-22,13.698654174804688,13.823186874389648,13.64884090423584,13.800521850585938,13.784835815429688,93810311,0.0,0.0
2009-10-23,13.82941436767578,13.89516830444336,13.72854232788086,13.790559768676758,13.774884223937988,96066737,0.0,0.0
2009-10-26,13.841867446899414,13.988567352294922,13.720821380615234,13.803510665893556,13.78782081604004,119261352,0.0,0.0
2009-10-27,13.722813606262209,13.812228202819824,13.55319881439209,13.6560640335083,13.640542030334473,129142249,0.0,0.0
2009-10-28,13.64560317993164,13.698654174804688,13.406001091003418,13.457059860229492,13.441763877868652,103096990,0.0,0.0
2009-10-29,13.52455711364746,13.744233131408691,13.474493980407717,13.72480583190918,13.709205627441406,101282213,0.0,0.0
2009-10-30,13.698654174804688,13.702887535095217,13.306124687194824,13.352950096130373,13.337772369384766,139260032,0.0,0.0
2009-11-02,13.376859664916992,13.436138153076172,13.156685829162598,13.299899101257324,13.284781455993652,128564090,0.0,0.0
2009-11-03,13.200770378112791,13.387321472167969,13.158180236816406,13.38209056854248,13.3668794631958,95564863,0.0,0.0
2009-11-04,13.469512939453123,13.586573600769045,13.360422134399414,13.457806587219238,13.442509651184082,93657741,0.0,0.0
2009-11-05,13.53651237487793,13.692926406860352,13.515838623046877,13.665029525756836,13.649497032165527,74185025,0.0,0.0
2009-11-06,13.64186668395996,13.742987632751465,13.586573600769045,13.726051330566406,13.71044922,73341877,0.0,0.0
2009-11-09,13.834395408630373,14.011980056762695,13.804009437561035,14.010235786437988,13.994311332702637,106393299,0.0,0.0
2009-11-10,14.01571559906006,14.166400909423828,13.997533798217772,14.1160888671875,14.100043296813965,89566463,0.0,0.0
2009-11-11,14.208742141723633,14.283960342407228,14.093672752380373,14.210735321044922,14.19458293914795,93135792,0.0,0.0
2009-11-12,14.18582820892334,14.26901626586914,14.084707260131836,14.143238067626951,14.127161979675291,75734813,0.0,0.0
2009-11-13,14.179102897644045,14.259303092956545,14.112353324890137,14.247845649719238,14.231650352478027,66921903,0.0,0.0
2009-11-16,14.321319580078123,14.37088394165039,14.266027450561523,14.353200912475586,14.336886405944824,88297726,0.0,0.0
2009-11-17,14.318081855773926,14.383586883544922,14.289440155029297,14.38333797454834,14.366989135742188,76955370,0.0,0.0
2009-11-18,14.36241626739502,14.415467262268066,14.24834442138672,14.36241626739502,14.346091270446776,62216331,0.0,0.0
2009-11-19,14.290684700012209,14.296414375305176,14.196786880493164,14.271258354187012,14.25503635406494,87045048,0.0,0.0
2009-11-20,14.184333801269531,14.236638069152832,14.181842803955078,14.195791244506836,14.179655075073242,80548789,0.0,0.0
2009-11-23,14.358430862426758,14.610237121582031,14.342740058898926,14.50438404083252,14.487897872924805,102281946,0.0,0.0
2009-11-24,14.508618354797363,14.55270290374756,14.359676361083984,14.522814750671388,14.506307601928713,64448667,0.0,0.0
2009-11-25,14.605504989624023,14.62169361114502,14.51285171508789,14.588817596435549,14.572235107421877,58667077,0.0,0.0
2009-11-27,14.246600151062012,14.507123947143556,14.220946311950684,14.439875602722168,14.4234619140625,55591593,0.0,0.0
2009-11-30,14.46154499053955,14.537261009216309,14.373872756958008,14.520572662353516,14.504067420959473,69262644,0.0,0.0
2009-12-01,14.648344039916992,14.725305557250977,14.520572662353516,14.69168186187744,14.674982070922852,93159882,0.0,0.0
2009-12-02,14.719825744628906,14.769888877868652,14.600772857666016,14.632902145385742,14.6162691116333,66777363,0.0,0.0
2009-12-03,14.671009063720703,14.731034278869627,14.57038688659668,14.588817596435549,14.572235107421877,57362205,0.0,0.0
2009-12-04,14.770137786865234,14.815218925476074,14.425430297851562,14.570635795593262,14.55407428741455,100920864,0.0,0.0
2009-12-07,14.55070972442627,14.662291526794434,14.470760345458984,14.601519584655762,14.584922790527344,65693315,0.0,0.0
2009-12-08,14.533026695251465,14.711358070373535,14.495667457580566,14.621444702148438,14.604825019836426,61188493,0.0,0.0
2009-12-09,14.63265323638916,14.678232192993164,14.535018920898438,14.67051124572754,14.653836250305176,71507025,0.0,0.0
2009-12-10,14.70587921142578,14.812230110168455,14.70513153076172,14.732279777526855,14.715534210205078,66982128,0.0,0.0
2009-12-11,14.811483383178713,14.813225746154783,14.638381958007812,14.707621574401855,14.690903663635254,69057879,0.0,0.0
2009-12-14,14.828169822692873,14.87698745727539,14.759925842285156,14.837635040283203,14.82076930999756,76822876,0.0,0.0
2009-12-15,14.777112007141112,14.8538236618042,14.719576835632324,14.773126602172852,14.75633430480957,91557900,0.0,0.0
2009-12-16,14.909116744995115,14.953202247619627,14.860300064086914,14.888195037841797,14.871272087097168,112797213,0.0,0.0
2009-12-17,14.855319023132324,14.885207176208496,14.788569450378418,14.793051719665527,14.776237487792969,105947635,0.0,0.0
2009-12-18,14.845107078552246,14.917336463928224,14.819453239440918,14.854820251464844,14.837935447692873,141789477,0.0,0.0
2009-12-21,14.884458541870115,14.940000534057615,14.836140632629396,14.911109924316406,14.894161224365234,103233500,0.0,0.0
2009-12-22,14.977360725402832,14.981346130371094,14.91534423828125,14.971881866455078,14.954863548278809,75513988,0.0,0.0
2009-12-23,15.031160354614258,15.264534950256348,15.014969825744627,15.234895706176758,15.217578887939451,83218760,0.0,0.0
2009-12-24,15.266029357910156,15.430164337158203,15.249590873718262,15.404260635375977,15.386751174926758,34476745,0.0,0.0
2009-12-28,15.483464241027832,15.591309547424316,15.404260635375977,15.513601303100586,15.495967864990234,68170566,0.0,0.0
2009-12-29,15.560176849365234,15.562666893005373,15.399529457092283,15.42717456817627,15.409639358520508,57205620,0.0,0.0
2009-12-30,15.404759407043455,15.510113716125488,15.392555236816406,15.510113716125488,15.492484092712402,58843737,0.0,0.0
2009-12-31,15.560425758361816,15.576615333557127,15.441620826721191,15.441620826721191,15.42406940460205,48974884,0.0,0.0
2010-01-04,15.615220069885254,15.678980827331545,15.547722816467283,15.610239028930664,15.592495918273926,78541293,0.0,0.0
2010-01-05,15.620948791503906,15.6373872756958,15.480475425720217,15.541497230529783,15.523831367492676,120638494,0.0,0.0
2010-01-06,15.588071823120115,15.588071823120115,15.10239315032959,15.149715423583984,15.132494926452637,159744526,0.0,0.0
2010-01-07,15.178109169006348,15.193053245544434,14.7609224319458,14.797037124633787,14.780218124389648,257533695,0.0,0.0
2010-01-08,14.744732856750488,15.024932861328123,14.67275333404541,14.994297981262209,14.977254867553713,189680313,0.0,0.0
2010-01-11,15.05506992340088,15.05506992340088,14.79554271697998,14.971632957458496,14.954615592956545,289597429,0.0,0.0
2010-01-12,14.885456085205078,14.898158073425291,14.64510726928711,14.70687484741211,14.690157890319824,194859654,0.0,0.0
2010-01-13,14.358430862426758,14.654570579528809,14.293923377990724,14.622441291809082,14.605820655822754,260838034,0.0,0.0
2010-01-14,14.542988777160645,14.799528121948242,14.515840530395508,14.691184043884276,14.674485206604004,170239717,0.0,0.0
2010-01-15,14.77810764312744,14.783587455749512,14.397035598754885,14.445853233337402,14.42943286895752,218194794,0.0,0.0
2010-01-19,14.475741386413574,14.705381393432615,14.353449821472168,14.635642051696776,14.619006156921388,173315202,0.0,0.0
2010-01-20,14.59479522705078,14.59479522705078,14.328542709350586,14.45606517791748,14.4396333694458,130515377,0.0,0.0
2010-01-21,14.531532287597656,14.615716934204102,14.252826690673828,14.520074844360352,14.503570556640623,253253712,0.0,0.0
2010-01-22,14.059800148010254,14.21173095703125,13.321566581726074,13.69890308380127,13.683332443237305,273035583,0.0,0.0
2010-01-25,13.61372184753418,13.69566535949707,13.337757110595703,13.44958782196045,13.434300422668455,177458675,0.0,0.0
2010-01-26,13.39902687072754,13.688691139221191,13.357184410095217,13.509861946105955,13.494505882263184,174873019,0.0,0.0
2010-01-27,13.481219291687012,13.64012336730957,13.332775115966797,13.50189208984375,13.486544609069824,159170382,0.0,0.0
2010-01-28,13.56141757965088,13.623933792114258,13.21546459197998,13.307371139526367,13.292244911193848,129648138,0.0,0.0
2010-01-29,13.411978721618652,13.474245071411133,13.091180801391602,13.199027061462402,13.1840238571167,166240784,0.0,0.0
2010-02-01,13.315092086791992,13.345229148864746,13.207992553710938,13.275738716125488,13.260648727416992,90369462,0.0,0.0
2010-02-02,13.324057579040527,13.324057579040527,13.14099407196045,13.22841739654541,13.213380813598633,164462143,0.0,0.0
2010-02-03,13.167394638061523,13.50189208984375,13.1564359664917,13.470010757446287,13.454699516296388,120413655,0.0,0.0
2010-02-04,13.374868392944336,13.399773597717283,13.089936256408691,13.120322227478027,13.105408668518066,135614418,0.0,0.0
2010-02-05,13.16067123413086,13.287693977355955,13.012724876403809,13.232650756835938,13.217609405517578,126713179,0.0,0.0
2010-02-08,13.262787818908691,13.499401092529297,13.238628387451172,13.286947250366213,13.271844863891602,108175956,0.0,0.0
2010-02-09,13.43813133239746,13.48769474029541,13.32679843902588,13.360919952392578,13.345732688903809,113206742,0.0,0.0
2010-02-10,13.301891326904297,13.394543647766112,13.142987251281738,13.311355590820312,13.296225547790527,107380987,0.0,0.0
2010-02-11,13.283210754394531,13.4617919921875,13.188068389892578,13.35992431640625,13.344738960266112,96761331,0.0,0.0
2010-02-12,13.274494171142578,13.3786039352417,13.212974548339844,13.27822971343994,13.263136863708496,91529795,0.0,0.0
2010-02-16,13.37162971496582,13.552452087402344,13.30762004852295,13.481966018676758,13.466641426086426,146723904,0.0,0.0
2010-02-17,13.499401092529297,13.53427028656006,13.390061378479004,13.40500545501709,13.389768600463867,81492313,0.0,0.0
2010-02-18,13.388317108154297,13.574370384216309,13.353447914123535,13.529787063598633,13.514408111572266,93826371,0.0,0.0
2010-02-19,13.462787628173828,13.54996109008789,13.442115783691406,13.468517303466797,13.453207969665527,102506786,0.0,0.0
2010-02-22,13.632651329040527,13.63638687133789,13.474493980407717,13.519326210021973,13.50395965576172,86105539,0.0,0.0
2010-02-23,13.52430820465088,13.539999008178713,13.257556915283203,13.32679843902588,13.311650276184082,115334688,0.0,0.0
2010-02-24,13.299650192260742,13.410733222961426,13.213224411010742,13.237133979797363,13.222087860107422,93412827,0.0,0.0
2010-02-25,13.128789901733398,13.162912368774414,12.951455116271973,13.11160373687744,13.09670066833496,132864148,0.0,0.0
2010-02-26,13.13626194000244,13.244108200073242,13.038129806518556,13.120820045471191,13.10590648651123,82279251,0.0,0.0
2010-03-01,13.180596351623535,13.282464027404783,13.144231796264648,13.2675199508667,13.252439498901367,89851528,0.0,0.0
2010-03-02,13.337010383605955,13.590559005737305,13.325303077697754,13.47598934173584,13.460671424865724,174925214,0.0,0.0
2010-03-03,13.508366584777832,13.651829719543455,13.430908203125,13.582091331481934,13.56665325164795,124039193,0.0,0.0
2010-03-04,13.611480712890623,13.85133171081543,13.604008674621582,13.812975883483888,13.79727554321289,127829347,0.0,0.0
2010-03-05,13.98134422302246,14.138753890991213,13.945229530334473,14.052577018737791,14.036603927612305,157074555,0.0,0.0
2010-03-08,14.066774368286133,14.076737403869627,13.972875595092772,14.009489059448242,13.99356460571289,95813793,0.0,0.0
2010-03-09,13.943984985351562,14.0637845993042,13.860547065734863,13.952452659606934,13.936593055725098,127540267,0.0,0.0
2010-03-10,14.041369438171388,14.408493041992188,14.002763748168944,14.35743522644043,14.341115951538086,227043838,0.0,0.0
2010-03-11,14.302888870239258,14.600523948669434,14.301395416259766,14.474246978759766,14.45779514312744,169966698,0.0,0.0
2010-03-12,14.648592948913574,14.652079582214355,14.424931526184082,14.434395790100098,14.417988777160645,110548817,0.0,0.0
2010-03-15,14.114096641540527,14.183088302612305,13.84809398651123,14.02692413330078,14.010980606079102,186853758,0.0,0.0
2010-03-16,13.993300437927246,14.157434463500977,13.966650009155272,14.077235221862791,14.061234474182127,137774484,0.0,0.0
2010-03-17,14.15444564819336,14.232901573181152,14.053573608398438,14.086200714111328,14.070189476013184,133362007,0.0,0.0
2010-03-18,14.065279960632324,14.157933235168455,14.021444320678713,14.107123374938965,14.09108829498291,71354455,0.0,0.0
2010-03-19,13.947720527648926,14.146973609924316,13.879974365234377,13.947720527648926,13.931866645812988,192486794,0.0,0.0
2010-03-22,13.850833892822266,14.118330955505373,13.805254936218262,13.885454177856444,13.869670867919922,160792439,0.0,0.0
2010-03-23,13.87399673461914,13.905628204345703,13.499401092529297,13.673747062683104,13.658205032348633,220876809,0.0,0.0
2010-03-24,13.58682346343994,13.943984985351562,13.442115783691406,13.881219863891602,13.86544132232666,263592319,0.0,0.0
2010-03-25,13.923312187194824,14.246600151062012,13.914345741271973,14.019452095031738,14.003517150878906,157825359,0.0,0.0
2010-03-26,14.078978538513184,14.131780624389648,13.948219299316406,14.014719009399414,13.998788833618164,108252241,0.0,0.0
2010-03-29,14.02243995666504,14.065279960632324,13.96191692352295,14.008742332458496,13.99281883239746,124645457,0.0,0.0
2010-03-30,14.018205642700195,14.137758255004885,13.954693794250488,14.11484432220459,14.098800659179688,79412546,0.0,0.0
2010-03-31,14.073498725891112,14.190311431884766,14.017707824707031,14.125056266784668,14.109001159667969,121686407,0.0,0.0
2010-04-01,14.2304105758667,14.28271484,14.085951805114746,14.166898727416992,14.150795936584473,84423257,0.0,0.0
2010-04-05,14.219202995300291,14.318330764770508,14.171879768371582,14.221942901611328,14.205777168273926,76345092,0.0,0.0
2010-04-06,14.183337211608888,14.218954086303713,14.082216262817385,14.152453422546388,14.136366844177246,82712870,0.0,0.0
2010-04-07,14.129538536071776,14.165654182434082,13.994047164916992,14.035889625549316,14.019935607910156,103626969,0.0,0.0
2010-04-08,14.030410766601562,14.1930513381958,13.948966026306152,14.134270668029783,14.118205070495604,78191988,0.0,0.0
2010-04-09,14.134270668029783,14.166152000427246,14.04734706878662,14.10264015197754,14.086609840393066,82572346,0.0,0.0
2010-04-12,14.130784034729004,14.296414375305176,14.10264015197754,14.264781951904297,14.248567581176758,94448695,0.0,0.0
2010-04-13,14.259800910949709,14.66702365875244,14.224930763244627,14.614471435546877,14.597859382629396,157078570,0.0,0.0
2010-04-14,14.69641399383545,14.75320053100586,14.54572868347168,14.670013427734377,14.653338432312012,136618166,0.0,0.0
2010-04-15,14.748967170715332,14.890188217163086,14.652329444885254,14.82692527770996,14.81007194519043,271485795,0.0,0.0
2010-04-16,14.02243995666504,14.167147636413574,13.689438819885254,13.70238971710205,13.686814308166504,491254466,0.0,0.0
2010-04-19,13.667521476745604,13.7980318069458,13.574121475219728,13.70114517211914,13.685571670532228,156343827,0.0,0.0
2010-04-20,13.802515029907228,13.939251899719238,13.725054740905762,13.82418441772461,13.808470726013184,119542401,0.0,0.0
2010-04-21,13.859551429748535,13.953947067260742,13.75245189666748,13.805752754211426,13.79006004333496,96018557,0.0,0.0
2010-04-22,13.748467445373535,13.760920524597168,13.533024787902832,13.625429153442385,13.609941482543944,131719875,0.0,0.0
2010-04-23,13.63016128540039,13.681717872619627,13.506126403808594,13.573871612548828,13.558443069458008,83889263,0.0,0.0
2010-04-26,13.573373794555664,13.573871612548828,13.180845260620115,13.241368293762209,13.226317405700684,175407013,0.0,0.0
2010-04-27,13.174368858337402,13.407994270324709,13.131529808044434,13.177108764648438,13.162131309509276,154364435,0.0,0.0
2010-04-28,13.252824783325195,13.320819854736328,12.9771089553833,13.180347442626951,13.165366172790527,136754676,0.0,0.0
2010-04-29,13.284457206726074,13.362414360046388,13.117582321166992,13.250333786010742,13.235272407531738,122814620,0.0,0.0
2010-04-30,13.228666305541992,13.391803741455078,13.086947441101074,13.093422889709473,13.078539848327637,97781139,0.0,0.0
2010-05-03,13.113348007202148,13.273248672485352,13.077980995178224,13.21546459197998,13.200443267822266,74590540,0.0,0.0
2010-05-04,13.113845825195312,13.119325637817385,12.558178901672363,12.611976623535156,12.597640991210938,243963019,0.0,0.0
2010-05-05,12.47772979736328,12.844854354858398,12.465027809143066,12.6964111328125,12.681979179382324,183975008,0.0,0.0
2010-05-06,12.671255111694336,12.88968563079834,11.457056045532228,12.420195579528809,12.406078338623049,200753664,0.0,0.0
2010-05-07,12.452574729919434,12.585824966430664,11.988314628601074,12.282462120056152,12.26850128173828,204322993,0.0,0.0
2010-05-10,12.801267623901367,13.021692276000977,12.767146110534668,12.99255084991455,12.977783203125,165738910,0.0,0.0
2010-05-11,12.843608856201172,12.948466300964355,12.658055305480955,12.67872714996338,12.664316177368164,133402157,0.0,0.0
2010-05-12,12.75319766998291,12.75319766998291,12.503134727478027,12.587569236755373,12.573261260986328,154649500,0.0,0.0
2010-05-13,12.86428165435791,13.00126838684082,12.711604118347168,12.724306106567385,12.709842681884766,133530637,0.0,0.0
2010-05-14,12.696660041809082,12.727046012878418,12.359922409057615,12.640869140625,12.626501083374023,165257111,0.0,0.0
2010-05-17,12.622188568115234,12.661540985107422,12.412225723266602,12.651827812194824,12.637447357177734,112170874,0.0,0.0
2010-05-18,12.702387809753418,12.726548194885254,12.380345344543455,12.412723541259766,12.398614883422852,113443627,0.0,0.0
2010-05-19,12.3601713180542,12.439373970031738,12.147966384887695,12.314592361450195,12.3005952835083,138344613,0.0,0.0
2010-05-20,12.081465721130373,12.094167709350586,11.80076789855957,11.830904960632324,11.81745719909668,197268650,0.0,0.0
2010-05-21,11.682709693908691,12.07972240447998,11.566644668579102,11.75718116760254,11.743817329406738,389084940,0.0,0.0
2010-05-24,11.973370552062988,12.19902515411377,11.87548828,11.884453773498535,11.87094497680664,174475535,0.0,0.0
2010-05-25,11.66004467010498,11.891676902770996,11.55693244934082,11.88221263885498,11.868706703186035,121148398,0.0,0.0
2010-05-26,12.006746292114258,12.198278427124023,11.830656051635742,11.842362403869627,11.828901290893556,139545096,0.0,0.0
2010-05-27,12.078476905822754,12.26179027557373,11.981341361999512,12.215712547302246,12.201827049255373,112785168,0.0,0.0
2010-05-28,12.272500038146973,12.290183067321776,12.029909133911133,12.095413208007812,12.0816650390625,116226017,0.0,0.0
2010-06-01,11.965899467468262,12.230655670166016,11.95817756652832,12.0142183303833,12.00056266784668,107071833,0.0,0.0
2010-06-02,12.121564865112305,12.300643920898438,11.99155330657959,12.288190841674805,12.27422332763672,102012942,0.0,0.0
2010-06-03,12.331527709960938,12.65257453918457,12.321316719055176,12.592799186706545,12.578485488891602,146575349,0.0,0.0
2010-06-04,12.446348190307615,12.683708190917969,12.371129989624023,12.421441078186035,12.40732192993164,157399770,0.0,0.0
2010-06-07,12.429909706115724,12.475987434387209,12.033644676208496,12.092674255371094,12.07892894744873,145852650,0.0,0.0
2010-06-08,12.15070629119873,12.175363540649414,11.893918991088867,12.07424259185791,12.060518264770508,107806577,0.0,0.0
2010-06-09,12.135014533996582,12.17636013031006,11.755935668945312,11.806246757507324,11.792826652526855,109569158,0.0,0.0
2010-06-10,11.964404106140137,12.166894912719728,11.851576805114746,12.12978458404541,12.115997314453123,103502504,0.0,0.0
2010-06-11,12.0174560546875,12.172125816345217,11.995537757873535,12.166894912719728,12.15306568145752,71535130,0.0,0.0
2010-06-14,12.315836906433104,12.31633472442627,12.03464126586914,12.03464126586914,12.02096176147461,81921917,0.0,0.0
2010-06-15,12.031901359558104,12.463285446166992,12.009486198425291,12.403260231018066,12.389162063598633,171022641,0.0,0.0
2010-06-16,12.357929229736328,12.552947998046877,12.35643482208252,12.484952926635742,12.4707612991333,91915234,0.0,0.0
2010-06-17,12.539250373840332,12.599523544311523,12.37088108062744,12.455313682556152,12.441156387329102,79388456,0.0,0.0
2010-06-18,12.51583766937256,12.539748191833496,12.406745910644531,12.454069137573242,12.439912796020508,115346733,0.0,0.0
2010-06-21,12.450831413269045,12.4774808883667,12.076983451843262,12.168390274047852,12.154559135437012,119787316,0.0,0.0
2010-06-22,12.201765060424805,12.36863899230957,12.097904205322266,12.11085605621338,12.097089767456056,89120799,0.0,0.0
2010-06-23,12.126795768737791,12.126795768737791,11.909360885620115,12.006248474121094,11.99260139465332,81468223,0.0,0.0
2010-06-24,11.946721076965332,12.023681640625,11.787318229675291,11.83314609527588,11.819695472717283,76027907,0.0,0.0
2010-06-25,11.881962776184082,11.896657943725586,11.720069885253906,11.772871971130373,11.75949001312256,90144622,0.0,0.0
2010-06-28,11.770630836486816,11.89416790008545,11.68146514892578,11.757927894592283,11.744563102722168,70756221,0.0,0.0
2010-06-29,11.54273509979248,11.57038116455078,11.235884666442873,11.314091682434082,11.301231384277344,140609069,0.0,0.0
2010-06-30,11.33152675628662,11.403009414672852,11.076482772827148,11.082210540771484,11.069613456726074,144668227,0.0,0.0
2010-07-01,11.090679168701172,11.168139457702637,10.800268173217772,10.946221351623535,10.933778762817385,141070793,0.0,0.0
2010-07-02,10.999272346496582,11.01570987701416,10.859296798706056,10.872995376586914,10.860636711120604,77730264,0.0,0.0
2010-07-06,11.058549880981444,11.149956703186035,10.800268173217772,10.861040115356444,10.848694801330566,102787835,0.0,0.0
2010-07-07,10.916831016540527,11.240118980407717,10.843854904174805,11.212970733642578,11.200225830078123,125657235,0.0,0.0
2010-07-08,11.29640769958496,11.390555381774902,11.1995210647583,11.371376991271973,11.35845184326172,107156148,0.0,0.0
2010-07-09,11.754940032958984,11.787318229675291,11.526296615600586,11.643607139587402,11.630372047424316,173909421,0.0,0.0
2010-07-12,11.765151023864746,11.941241264343262,11.73302173614502,11.851327896118164,11.837857246398926,133875926,0.0,0.0
2010-07-13,12.011228561401367,12.278725624084473,11.962162971496582,12.184329986572266,12.170480728149414,159648166,0.0,0.0
2010-07-14,12.20126724243164,12.29964828491211,12.11608600616455,12.237629890441896,12.223719596862791,125187481,0.0,0.0
2010-07-15,12.247344017028809,12.321316719055176,12.021939277648926,12.304380416870115,12.29039478302002,195056389,0.0,0.0
2010-07-16,11.684205055236816,11.720069885253906,11.445100784301758,11.447342872619627,11.434330940246582,314165171,0.0,0.0
2010-07-19,11.48221206665039,11.697404861450195,11.395288467407228,11.610979080200195,11.59778118133545,182694226,0.0,0.0
2010-07-20,11.482709884643556,12.02966022491455,11.472000122070312,11.994791030883787,11.981157302856444,162787890,0.0,0.0
2010-07-21,12.054816246032717,12.097156524658203,11.841365814208984,11.892922401428224,11.879404067993164,131675710,0.0,0.0
2010-07-22,12.035636901855469,12.178851127624512,12.01695728302002,12.074990272521973,12.061264991760254,86230004,0.0,0.0
2010-07-23,11.974367141723633,12.218950271606444,11.955437660217283,12.205750465393066,12.191876411437988,90915501,0.0,0.0
2010-07-26,12.18159008026123,12.22293472290039,12.076732635498049,12.17860221862793,12.164759635925291,80107140,0.0,0.0
2010-07-27,12.218701362609863,12.3910551071167,12.208490371704102,12.269760131835938,12.255813598632812,98415508,0.0,0.0
2010-07-28,12.32729434967041,12.335015296936035,12.021690368652344,12.063532829284668,12.04982089996338,100214225,0.0,0.0
2010-07-29,12.103384017944336,12.17636013031006,11.938502311706545,12.079472541809082,12.06574249267578,107421137,0.0,0.0
2010-07-30,11.94647216796875,12.13850212097168,11.93376922607422,12.0759859085083,12.062259674072266,86085465,0.0,0.0
2010-08-02,12.179100036621094,12.285948753356934,12.12804126739502,12.21446704864502,12.200583457946776,74626675,0.0,0.0
2010-08-03,12.21670913696289,12.265525817871094,12.123558044433594,12.200020790100098,12.186153411865234,72362219,0.0,0.0
2010-08-04,12.258551597595217,12.627668380737305,12.230406761169434,12.610732078552246,12.59639835357666,153071607,0.0,0.0
2010-08-05,12.600022315979004,12.667518615722656,12.541990280151367,12.655065536499023,12.640681266784668,97178890,0.0,0.0
2010-08-06,12.587818145751951,12.596285820007324,12.354941368103027,12.45880126953125,12.444640159606934,133277692,0.0,0.0
2010-08-09,12.50936222076416,12.59030818939209,12.487195014953612,12.58657169342041,12.572264671325684,75168699,0.0,0.0
2010-08-10,12.511853218078612,12.60276222229004,12.417704582214355,12.54572582244873,12.531465530395508,83270954,0.0,0.0
2010-08-11,12.396783828735352,12.403509140014648,12.241615295410156,12.24759292602539,12.233671188354492,89253294,0.0,0.0
2010-08-12,12.05332088470459,12.322562217712402,12.017704963684082,12.254318237304688,12.240388870239258,88514535,0.0,0.0
2010-08-13,12.179348945617676,12.233894348144531,12.104878425598145,12.113346099853516,12.099576950073242,77678069,0.0,0.0
2010-08-16,12.046845436096191,12.20101833343506,11.967641830444336,12.094416618347168,12.080669403076172,52395658,0.0,0.0
2010-08-17,12.167642593383787,12.321316719055176,12.105376243591309,12.217206954956056,12.203320503234863,75911472,0.0,0.0
2010-08-18,12.215213775634766,12.225923538208008,11.993794441223145,12.008737564086914,11.995087623596191,107858771,0.0,0.0
2010-08-19,11.980344772338867,12.017704963684082,11.637628555297852,11.655562400817873,11.642313957214355,157588475,0.0,0.0
2010-08-20,11.655562400817873,11.745723724365234,11.482460975646973,11.507368087768556,11.494288444519045,157291365,0.0,0.0
2010-08-23,11.49441623687744,11.662535667419434,11.400518417358398,11.558425903320312,11.5452880859375,119895720,0.0,0.0
2010-08-24,11.399770736694336,11.416458129882812,11.23090362548828,11.242609977722168,11.229830741882324,110922211,0.0,0.0
2010-08-25,11.207989692687988,11.402510643005373,11.207989692687988,11.323058128356934,11.310187339782717,104072633,0.0,0.0
2010-08-26,11.35892391204834,11.388812065124512,11.218949317932127,11.23239803314209,11.219630241394045,71346425,0.0,0.0
2010-08-27,11.271751403808594,11.456807136535645,11.149458885192873,11.4279146194458,11.414924621582031,92842698,0.0,0.0
2010-08-30,11.435885429382324,11.451079368591309,11.268263816833496,11.274989128112791,11.262173652648926,49440624,0.0,0.0
2010-08-31,11.210728645324709,11.32928466796875,11.15817642211914,11.208488464355469,11.195748329162598,78163883,0.0,0.0
2010-09-01,11.332024574279783,11.580095291137695,11.270256042480469,11.465274810791016,11.452242851257324,129616018,0.0,0.0
2010-09-02,11.527791023254396,11.56739330291748,11.464776992797852,11.536258697509766,11.52314567565918,67620512,0.0,0.0
2010-09-03,11.719074249267578,11.752946853637695,11.642361640930176,11.713595390319824,11.700281143188477,101996882,0.0,0.0
2010-09-07,11.569135665893556,11.646098136901855,11.53227424621582,11.566644668579102,11.553497314453123,68652365,0.0,0.0
2010-09-08,11.586321830749512,11.768388748168944,11.569384574890137,11.72056770324707,11.707245826721191,96432101,0.0,0.0
2010-09-09,11.901142120361328,11.9651517868042,11.72056770324707,11.86004638671875,11.846565246582031,97588419,0.0,0.0
2010-09-10,11.930781364440918,11.949958801269531,11.832648277282717,11.859048843383787,11.845568656921388,79268006,0.0,0.0
2010-09-13,11.977604866027832,12.063532829284668,11.943483352661133,12.011727333068848,11.998074531555176,89996068,0.0,0.0
2010-09-14,12.005250930786133,12.073495864868164,11.957181930541992,11.965899467468262,11.952298164367676,88992319,0.0,0.0
2010-09-15,11.953944206237791,12.002263069152832,11.917828559875488,11.971129417419434,11.95752239227295,96472251,0.0,0.0
2010-09-16,11.953944206237791,12.016209602355955,11.9404935836792,11.981590270996094,11.967970848083496,79075287,0.0,0.0
2010-09-17,12.048588752746582,12.234143257141112,11.984579086303713,12.207990646362305,12.194114685058594,226509844,0.0,0.0
2010-09-20,12.266522407531738,12.712599754333496,12.255562782287598,12.65954875946045,12.645158767700195,176800216,0.0,0.0
2010-09-21,12.694417953491213,12.950957298278809,12.67523956298828,12.788564682006836,12.774028778076172,179321632,0.0,0.0
2010-09-22,12.77362060546875,12.896162033081056,12.74423122406006,12.85182762145996,12.83721923828125,101864387,0.0,0.0
2010-09-23,12.817208290100098,12.943734169006348,12.734766960144045,12.789063453674316,12.774526596069336,93043447,0.0,0.0
2010-09-24,12.994791984558104,13.14647388458252,12.908117294311523,13.133024215698242,13.118096351623535,134779299,0.0,0.0
2010-09-27,13.171878814697266,13.371131896972656,13.171878814697266,13.210733413696287,13.195716857910156,124761892,0.0,0.0
2010-09-28,13.287196159362791,13.289936065673828,12.912849426269531,13.130035400390623,13.115111351013184,146735949,0.0,0.0
2010-09-29,13.146971702575684,13.273747444152832,13.068764686584473,13.142987251281738,13.128047943115234,87213678,0.0,0.0
2010-09-30,13.17959976196289,13.24709701538086,12.924555778503418,13.095664024353027,13.08077907562256,130250387,0.0,0.0
2010-10-01,13.200521469116213,13.21596336364746,13.026174545288086,13.091429710388184,13.076549530029297,89333594,0.0,0.0
2010-10-04,13.074743270874023,13.15693473815918,12.922812461853027,13.009984970092772,12.995197296142578,77910939,0.0,0.0
2010-10-05,13.16017246246338,13.44958782196045,13.11459255218506,13.405503273010254,13.390265464782717,140809819,0.0,0.0
2010-10-06,13.431157112121582,13.448342323303224,13.199027061462402,13.30886459350586,13.293736457824709,110906151,0.0,0.0
2010-10-07,13.355191230773926,13.379849433898926,13.17910099029541,13.200770378112791,13.185765266418455,96191202,0.0,0.0
2010-10-08,13.269513130187988,13.389812469482422,13.141242980957031,13.358677864074709,13.343493461608888,114796679,0.0,0.0
2010-10-11,13.41172981262207,13.56415843963623,13.379101753234863,13.420696258544922,13.405441284179688,105445761,0.0,0.0
2010-10-12,13.45257568359375,13.598777770996094,13.394543647766112,13.484208106994627,13.468881607055664,150706777,0.0,0.0
2010-10-13,13.623933792114258,13.636137962341309,13.507619857788086,13.531780242919922,13.516399383544922,122682126,0.0,0.0
2010-10-14,13.553696632385254,13.580348014831545,13.377607345581056,13.472750663757324,13.457436561584473,266358649,0.0,0.0
2010-10-15,14.925804138183594,14.984832763671877,14.734769821166992,14.980100631713867,14.96307373046875,595214680,0.0,0.0
2010-10-18,14.957685470581056,15.43439769744873,14.957685470581056,15.385083198547363,15.367595672607422,284992232,0.0,0.0
2010-10-19,15.164409637451172,15.313102722167969,15.015218734741213,15.139004707336426,15.121796607971191,184203863,0.0,0.0
2010-10-20,15.14672565460205,15.376864433288574,15.130785942077637,15.142741203308104,15.125529289245604,141532518,0.0,0.0
2010-10-21,15.23066234588623,15.342493057250977,15.093425750732422,15.242616653442385,15.22529125213623,117257870,0.0,0.0
2010-10-22,15.240873336791992,15.313102722167969,15.194297790527344,15.256067276000977,15.238726615905762,90582257,0.0,0.0
2010-10-25,15.332281112670898,15.560176849365234,15.316839218139648,15.35494613647461,15.33749294281006,126809538,0.0,0.0
2010-10-26,15.270262718200684,15.472753524780272,15.218707084655762,15.40725040435791,15.389737129211426,100892759,0.0,0.0
2010-10-27,15.336764335632324,15.442118644714355,15.25108528137207,15.354199409484863,15.336747169494627,90012128,0.0,0.0
2010-10-28,15.443364143371582,15.467025756835938,15.27524471282959,15.40675163269043,15.389239311218262,87699492,0.0,0.0
2010-10-29,15.369142532348633,15.417213439941406,15.267523765563965,15.28520679473877,15.26783275604248,91473585,0.0,0.0
2010-11-01,15.33576774597168,15.458558082580566,15.223190307617188,15.317585945129396,15.300174713134766,123946848,0.0,0.0
2010-11-02,15.408992767333984,15.442118644714355,15.307125091552734,15.33253002166748,15.315102577209473,80203500,0.0,0.0
2010-11-03,15.379853248596191,15.48769760131836,15.28022575378418,15.44660186767578,15.429044723510742,135726838,0.0,0.0
2010-11-04,15.55768585205078,15.68919277191162,15.494422912597656,15.548471450805664,15.530797958374023,143367369,0.0,0.0
2010-11-05,15.521322250366213,15.578857421875,15.469765663146973,15.568644523620604,15.550948143005373,70892731,0.0,0.0
2010-11-08,15.542243957519531,15.67848300933838,15.520076751708984,15.610736846923828,15.592992782592772,84367048,0.0,0.0
2010-11-09,15.69118595123291,15.712355613708496,15.454821586608888,15.562169075012209,15.544480323791504,89823423,0.0,0.0
2010-11-10,15.493925094604492,15.516839027404783,15.380102157592772,15.513850212097168,15.4962158203125,100254375,0.0,0.0
2010-11-11,15.434646606445312,15.438383102416992,15.2979097366333,15.37213134765625,15.354658126831056,90803081,0.0,0.0
2010-11-12,15.29242992401123,15.364909172058104,14.974123001098633,15.02592945098877,15.00885009765625,136228712,0.0,0.0
2010-11-15,15.02069854736328,15.04361343383789,14.795791625976562,14.831158638000488,14.814300537109377,139677591,0.0,0.0
2010-11-16,14.763662338256836,14.891432762145996,14.531781196594238,14.53850555419922,14.521980285644531,132791878,0.0,0.0
2010-11-17,14.57038688659668,14.682467460632324,14.479974746704102,14.534272193908691,14.517751693725586,98066204,0.0,0.0
2010-11-18,14.670013427734377,14.943488121032717,14.659053802490234,14.858306884765623,14.841418266296388,103988318,0.0,0.0
2010-11-19,14.86926555633545,14.891432762145996,14.703388214111328,14.71559238433838,14.69886589050293,92244464,0.0,0.0
2010-11-22,14.631905555725098,14.780598640441896,14.514347076416016,14.725305557250977,14.70856761932373,87791837,0.0,0.0
2010-11-23,14.62044906616211,14.670262336730955,14.401021003723145,14.520821571350098,14.504316329956056,86828238,0.0,0.0
2010-11-24,14.627921104431152,14.859304428100586,14.621444702148438,14.818705558776855,14.801861763000488,96215292,0.0,0.0
2010-11-26,14.706377029418944,14.769142150878906,14.620200157165527,14.69491958618164,14.678215980529783,52640573,0.0,0.0
2010-11-29,14.674246788024902,14.68993854522705,14.444607734680176,14.498406410217283,14.481926918029783,114816754,0.0,0.0
2010-11-30,14.304384231567385,14.304384231567385,13.781094551086426,13.84087085723877,13.825138092041016,285763111,0.0,0.0
2010-12-01,14.02243995666504,14.23589038848877,14.007495880126951,14.056063652038574,14.04008674621582,150726852,0.0,0.0
2010-12-02,14.163412094116213,14.279726028442385,14.080970764160156,14.242116928100586,14.22592830657959,102298006,0.0,0.0
2010-12-03,14.183088302612305,14.358181953430176,14.146973609924316,14.271507263183594,14.255285263061523,105642495,0.0,0.0
2010-12-06,14.460049629211426,14.495667457580566,14.361419677734377,14.405006408691406,14.388632774353027,84065923,0.0,0.0
2010-12-07,14.726551055908203,14.76963996887207,14.595293045043944,14.623686790466309,14.607064247131348,122144116,0.0,0.0
2010-12-08,14.743986129760742,14.757684707641602,14.537758827209473,14.708369255065918,14.691650390625,70539412,0.0,0.0
2010-12-09,14.791558265686035,14.833898544311523,14.670013427734377,14.732279777526855,14.715534210205078,75036204,0.0,0.0
2010-12-10,14.773126602172852,14.794297218322754,14.702142715454102,14.749963760375977,14.733198165893556,68443585,0.0,0.0
2010-12-13,14.872255325317385,15.018706321716309,14.796788215637209,14.809988975524902,14.7931547164917,96299607,0.0,0.0
2010-12-14,14.87150764465332,14.901395797729492,14.756688117980955,14.817211151123049,14.800369262695312,65978380,0.0,0.0
2010-12-15,14.799528121948242,14.855567932128906,14.673748970031738,14.702391624450684,14.685680389404297,87033003,0.0,0.0
2010-12-16,14.765904426574709,14.788818359375,14.646849632263184,14.737509727478027,14.720758438110352,64115423,0.0,0.0
2010-12-17,14.719825744628906,14.758681297302246,14.636886596679688,14.714844703674316,14.698119163513184,123946848,0.0,0.0
2010-12-20,14.810735702514648,14.891183853149414,14.661544799804688,14.82094669342041,14.804100036621094,79227857,0.0,0.0
2010-12-21,14.908370018005373,15.061546325683594,14.884458541870115,15.0204496383667,15.003376960754396,75461793,0.0,0.0
2010-12-22,15.04361343383789,15.118332862854004,15.025679588317873,15.080723762512209,15.06358242034912,48481040,0.0,0.0
2010-12-23,15.076988220214844,15.093425750732422,14.994546890258787,15.049341201782228,15.032235145568848,44598542,0.0,0.0
2010-12-27,15.012229919433594,15.038132667541504,14.931532859802246,15.00326442718506,14.986210823059082,48505130,0.0,0.0
2010-12-28,14.995044708251951,15.040374755859377,14.894421577453612,14.917086601257324,14.900131225585938,42751645,0.0,0.0
2010-12-29,14.993800163269045,15.004011154174805,14.917086601257324,14.96889305114746,14.951878547668455,40920808,0.0,0.0
2010-12-30,14.894172668457031,14.97711181640625,14.878979682922363,14.915593147277832,14.898638725280762,39728356,0.0,0.0
2010-12-31,14.862791061401367,14.904634475708008,14.745479583740234,14.79379940032959,14.776984214782717,61802787,0.0,0.0
2011-01-03,14.856314659118652,15.083213806152344,14.856314659118652,15.052330017089844,15.035221099853516,94962614,0.0,0.0
2011-01-04,15.083962440490724,15.097908973693848,14.946974754333496,14.996788024902344,14.979742050170898,73253547,0.0,0.0
2011-01-05,14.945730209350586,15.201272010803224,14.945232391357422,15.16989040374756,15.152647018432615,101671667,0.0,0.0
2011-01-06,15.209988594055176,15.403016090393066,15.194297790527344,15.28022575378418,15.262857437133787,82620526,0.0,0.0
2011-01-07,15.340250968933104,15.39853286743164,15.196290969848633,15.353450775146484,15.335999488830566,84363033,0.0,0.0
2011-01-10,15.312604904174805,15.327300071716309,15.157187461853027,15.2979097366333,15.280521392822266,63404769,0.0,0.0
2011-01-11,15.385083198547363,15.4122314453125,15.305132865905762,15.34274196624756,15.325302124023438,57787794,0.0,0.0
2011-01-12,15.42593002319336,15.42593002319336,15.311857223510742,15.364160537719728,15.346696853637695,65552790,0.0,0.0
2011-01-13,15.36665153503418,15.433899879455566,15.296664237976074,15.359678268432615,15.342219352722168,53560006,0.0,0.0
2011-01-14,15.377362251281738,15.548471450805664,15.369392395019531,15.546229362487791,15.528558731079102,94978674,0.0,0.0
2011-01-18,15.593052864074709,15.989815711975098,15.573376655578612,15.931036949157717,15.912928581237791,145222296,0.0,0.0
2011-01-19,15.993054389953612,16.013975143432617,15.682717323303224,15.734771728515623,15.716886520385742,136754676,0.0,0.0
2011-01-20,15.74622917175293,15.792804718017578,15.524062156677246,15.610736846923828,15.592992782592772,220254485,0.0,0.0
2011-01-21,15.929791450500488,15.983341217041016,15.22692584991455,15.238632202148438,15.22131061553955,357511035,0.0,0.0
2011-01-24,15.132530212402344,15.255069732666016,14.974620819091797,15.219951629638672,15.202651977539062,184657557,0.0,0.0
2011-01-25,15.148221015930176,15.459304809570312,15.106377601623535,15.439878463745115,15.42232894897461,146418764,0.0,0.0
2011-01-26,15.45033836364746,15.50413703918457,15.324560165405272,15.35494613647461,15.33749294281006,81829572,0.0,0.0
2011-01-27,15.389566421508787,15.434646606445312,15.273999214172363,15.36216926574707,15.344707489013672,81070738,0.0,0.0
2011-01-28,15.41895580291748,15.451086044311523,14.93800926208496,14.96864414215088,14.951629638671877,169878368,0.0,0.0
2011-01-31,15.033650398254396,15.05531883239746,14.833151817321776,14.952953338623049,14.935956954956056,112616538,0.0,0.0
2011-02-01,15.055816650390623,15.276490211486816,15.021446228027344,15.218955993652344,15.20165729522705,110223602,0.0,0.0
2011-02-02,15.2179594039917,15.301148414611816,15.131532669067385,15.242865562438965,15.225539207458496,70691981,0.0,0.0
2011-02-03,15.18010139465332,15.229166984558104,15.096664428710938,15.196788787841797,15.17951488494873,60028160,0.0,0.0
2011-02-04,15.196788787841797,15.228918075561523,15.10861873626709,15.21746063232422,15.20016384124756,62264511,0.0,0.0
2011-02-07,15.19703769683838,15.402018547058104,15.173376083374023,15.299901962280272,15.282510757446287,72253814,0.0,0.0
2011-02-08,15.315841674804688,15.432904243469238,15.305381774902344,15.401769638061523,15.384263038635254,68050116,0.0,0.0
2011-02-09,15.364160537719728,15.428420066833496,15.251334190368652,15.35494613647461,15.33749294281006,73976246,0.0,0.0
2011-02-10,15.290188789367676,15.379853248596191,15.23190689086914,15.353450775146484,15.335999488830566,93725996,0.0,0.0
2011-02-11,15.28744888305664,15.566652297973633,15.267772674560549,15.55419922,15.536519050598145,103984303,0.0,0.0
2011-02-14,15.525306701660156,15.682218551635742,15.443115234375,15.645108222961426,15.627325057983398,85439051,0.0,0.0
2011-02-15,15.624436378479004,15.693427085876465,15.519330024719238,15.54548168182373,15.527812004089355,83993653,0.0,0.0
2011-02-16,15.58234405517578,15.604011535644531,15.494422912597656,15.54722499847412,15.529553413391112,67612482,0.0,0.0
2011-02-17,15.473252296447754,15.622692108154297,15.449092864990234,15.573127746582031,15.555426597595217,59373716,0.0,0.0
2011-02-18,15.591559410095217,15.720575332641602,15.546229362487791,15.693178176879885,15.67534065246582,129198459,0.0,0.0
2011-02-22,15.442866325378418,15.564908981323242,15.137511253356934,15.198283195495604,15.181008338928224,146141730,0.0,0.0
2011-02-23,15.201272010803224,15.310113906860352,15.04361343383789,15.225929260253906,15.208622932434082,116017237,0.0,0.0
2011-02-24,15.227672576904297,15.270013809204102,14.977609634399414,15.163662910461426,15.146427154541016,108874565,0.0,0.0
2011-02-25,15.239378929138184,15.310611724853516,15.180599212646484,15.194048881530762,15.17677879333496,77585724,0.0,0.0
2011-02-28,15.193053245544434,15.354697227478027,15.143487930297852,15.277734756469728,15.260369300842283,91602065,0.0,0.0
2011-03-01,15.386825561523438,15.42269229888916,14.926551818847656,14.962915420532228,14.945907592773438,133426247,0.0,0.0
2011-03-02,14.939004898071287,15.093425750732422,14.824185371398926,14.963663101196287,14.946654319763184,81371863,0.0,0.0
2011-03-03,15.102890968322754,15.23016357421875,15.06851863861084,15.182093620300291,15.164836883544922,78103658,0.0,0.0
2011-03-04,15.151458740234377,15.167648315429688,14.948967933654783,14.959427833557127,14.942423820495604,120891439,0.0,0.0
2011-03-07,14.957685470581056,15.03589153289795,14.620200157165527,14.736265182495115,14.719514846801758,139027162,0.0,0.0
2011-03-08,14.767895698547363,14.893674850463867,14.69990062713623,14.752453804016112,14.735685348510742,91738575,0.0,0.0
2011-03-09,14.719825744628906,14.807249069213867,14.589067459106444,14.739005088806152,14.722251892089844,86362499,0.0,0.0
2011-03-10,14.581345558166504,14.610734939575195,14.432154655456545,14.453325271606444,14.436896324157717,125592995,0.0,0.0
2011-03-11,14.401519775390623,14.445853233337402,14.279726028442385,14.363910675048828,14.347583770751951,121734587,0.0,0.0
2011-03-14,14.266526222229004,14.403263092041016,14.147472381591797,14.196537971496582,14.180401802062988,113066217,0.0,0.0
2011-03-15,13.885454177856444,14.221693992614746,13.835640907287598,14.18582820892334,14.169703483581545,160824559,0.0,0.0
2011-03-16,14.147223472595217,14.191556930541992,13.730534553527832,13.87549114227295,13.859719276428224,152509508,0.0,0.0
2011-03-17,14.05930233001709,14.171879768371582,13.961170196533203,13.98159408569336,13.965702056884766,116406692,0.0,0.0
2011-03-18,14.063286781311035,14.146724700927734,13.941245079040527,13.974122047424316,13.95823860168457,132438559,0.0,0.0
2011-03-21,14.202265739440918,14.440872192382812,14.172377586364746,14.35867977142334,14.342358589172363,121288923,0.0,0.0
2011-03-22,14.37785816192627,14.426674842834473,14.259303092956545,14.379103660583496,14.362759590148926,75758903,0.0,0.0
2011-03-23,14.326051712036133,14.506875038146973,14.246600151062012,14.499651908874512,14.48317050933838,72920303,0.0,0.0
2011-03-24,14.581095695495604,14.654820442199709,14.41596508026123,14.617460250854492,14.600845336914062,84262658,0.0,0.0
2011-03-25,14.61721134185791,14.617958068847656,14.426923751831056,14.439377784729004,14.422965049743652,114764559,0.0,0.0
2011-03-28,14.49740982055664,14.570137977600098,14.31409740447998,14.330286979675291,14.313998222351074,89068604,0.0,0.0
2011-03-29,14.346226692199709,14.492926597595217,14.271756172180176,14.48894214630127,14.47247314453125,64432607,0.0,0.0
2011-03-30,14.554944038391112,14.582839965820312,14.460298538208008,14.491682052612305,14.475210189819336,57105245,0.0,0.0
2011-03-31,14.520572662353516,14.649091720581056,14.489191055297852,14.614221572875977,14.597610473632812,81480268,0.0,0.0
2011-04-01,14.66403579711914,14.824185371398926,14.66403579711914,14.739751815795898,14.722997665405272,104919797,0.0,0.0
2011-04-04,14.76963996887207,14.812976837158203,14.523063659667969,14.637136459350586,14.620498657226562,82488031,0.0,0.0
2011-04-05,14.472752571105955,14.48296356201172,14.089189529418944,14.174121856689451,14.158010482788086,242806701,0.0,0.0
2011-04-06,14.251083374023438,14.325304985046388,14.146973609924316,14.300896644592283,14.28464126586914,107132058,0.0,0.0
2011-04-07,14.339502334594728,14.461793899536133,14.301145553588867,14.445853233337402,14.42943286895752,101639547,0.0,0.0
2011-04-08,14.567646980285645,14.567646980285645,14.39753532409668,14.400025367736816,14.383657455444336,76357137,0.0,0.0
2011-04-11,14.351207733154297,14.398530960083008,14.271507263183594,14.380349159240724,14.36400318145752,74606600,0.0,0.0
2011-04-12,14.321319580078123,14.368891716003418,14.148219108581545,14.211979866027832,14.195825576782228,83736694,0.0,0.0
2011-04-13,14.334023475646973,14.38607692718506,14.240373611450195,14.353200912475586,14.336886405944824,83086265,0.0,0.0
2011-04-14,14.326051712036133,14.432154655456545,14.249091148376465,14.40874195098877,14.392364501953123,219070062,0.0,0.0
2011-04-15,13.581343650817873,13.592801094055176,13.20201587677002,13.217955589294434,13.20293140411377,563853569,0.0,0.0
2011-04-18,13.11135482788086,13.142239570617676,12.92654800415039,13.12181568145752,13.106900215148926,202347616,0.0,0.0
2011-04-19,13.199275970458984,13.22243881225586,12.973871231079102,12.989562034606934,12.974797248840332,107766427,0.0,0.0
2011-04-20,13.098403930664062,13.121317863464355,12.986075401306152,13.09416961669922,13.079285621643066,122858785,0.0,0.0
2011-04-21,13.138006210327148,13.157682418823242,13.010981559753418,13.078478813171388,13.063612937927246,99174342,0.0,0.0
2011-04-25,13.082215309143066,13.12580108642578,13.001517295837402,13.07723331451416,13.062369346618652,65476506,0.0,0.0
2011-04-26,13.113845825195312,13.38582706451416,13.081217765808104,13.270757675170898,13.2556734085083,140524754,0.0,0.0
2011-04-27,13.399773597717283,13.402514457702637,13.30886459350586,13.393796920776367,13.378572463989258,92280599,0.0,0.0
2011-04-28,13.40126895904541,13.430908203125,13.30214023590088,13.39902687072754,13.383796691894531,80299860,0.0,0.0
2011-04-29,13.44958782196045,13.551705360412598,13.412476539611816,13.551705360412598,13.536301612854004,169773978,0.0,0.0
2011-05-02,13.59155559539795,13.592303276062012,13.377857208251951,13.413722038269045,13.398475646972656,85667905,0.0,0.0
2011-05-03,13.378106117248535,13.49965000152588,13.191306114196776,13.297408103942873,13.282293319702148,83572079,0.0,0.0
2011-05-04,13.329289436340332,13.424680709838867,13.275738716125488,13.344731330871582,13.32956314086914,84997401,0.0,0.0
2011-05-05,13.296661376953123,13.435141563415527,13.23788070678711,13.306873321533203,13.291748046875,80211530,0.0,0.0
2011-05-06,13.403510093688965,13.48595142364502,13.329538345336914,13.332526206970217,13.317371368408203,82552271,0.0,0.0
2011-05-09,13.325054168701172,13.411978721618652,13.22791862487793,13.391803741455078,13.376582145690918,78240168,0.0,0.0
2011-05-10,13.44958782196045,13.559924125671388,13.388317108154297,13.515838623046877,13.500475883483888,82022292,0.0,0.0
2011-05-11,13.453075408935549,13.538005828857422,13.29242706298828,13.336261749267578,13.3211030960083,93902656,0.0,0.0
2011-05-12,13.331031799316406,13.373373031616213,13.223185539245604,13.326299667358398,13.311152458190918,58149143,0.0,0.0
2011-05-13,13.315340995788574,13.34796905517578,13.176859855651855,13.189312934875488,13.174321174621582,84664157,0.0,0.0
2011-05-16,13.10861587524414,13.132526397705078,12.861790657043455,12.912101745605469,12.897424697875977,118771522,0.0,0.0
2011-05-17,12.837631225585938,13.230907440185549,12.827669143676758,13.2119779586792,13.19696044921875,132639308,0.0,0.0
2011-05-18,13.189064025878906,13.208740234375,13.093422889709473,13.195789337158203,13.180789947509766,78420843,0.0,0.0
2011-05-19,13.268515586853027,13.363410949707031,13.193547248840332,13.23165512084961,13.216615676879885,99118132,0.0,0.0
2011-05-20,13.245352745056152,13.25008487701416,13.029413223266602,13.05182933807373,13.036993980407717,93047462,0.0,0.0
2011-05-23,12.866771697998049,12.951455116271973,12.787071228027344,12.911355018615724,12.896678924560549,92344839,0.0,0.0
2011-05-24,12.960670471191406,13.050085067749023,12.905377388000488,12.908117294311523,12.893445014953612,76284867,0.0,0.0
2011-05-25,12.884954452514648,13.020445823669434,12.88296127319336,12.943236351013184,12.928524017333984,52259149,0.0,0.0
2011-05-26,12.894168853759766,13.004257202148438,12.826922416687012,12.904878616333008,12.890210151672363,85057626,0.0,0.0
2011-05-27,12.913597106933594,12.996038436889648,12.859299659729004,12.973871231079102,12.959124565124512,70093747,0.0,0.0
2011-05-31,13.075987815856934,13.176859855651855,13.03862762451172,13.17611312866211,13.161136627197266,107894906,0.0,0.0
2011-06-01,13.151703834533691,13.280221939086914,13.08370876312256,13.09093189239502,13.076051712036133,118679178,0.0,0.0
2011-06-02,13.13999843597412,13.207992553710938,13.013222694396973,13.152201652526855,13.137251853942873,88510520,0.0,0.0
2011-06-03,13.00126838684082,13.140745162963867,12.988815307617188,13.02816677093506,13.013358116149902,70202152,0.0,0.0
2011-06-06,13.039624214172363,13.121317863464355,12.932774543762209,12.977855682373049,12.963104248046877,77975179,0.0,0.0
2011-06-07,13.02343463897705,13.066773414611816,12.926299095153809,12.927294731140137,12.91260051727295,76590006,0.0,0.0
2011-06-08,12.865029335021973,12.982338905334473,12.846348762512209,12.930782318115234,12.91608428955078,66383894,0.0,0.0
2011-06-09,12.951455116271973,12.951455116271973,12.842862129211426,12.870010375976562,12.855381965637209,67817246,0.0,0.0
2011-06-10,12.804006576538086,12.869013786315918,12.684704780578612,12.690183639526367,12.675759315490724,97961814,0.0,0.0
2011-06-13,12.702387809753418,12.707369804382324,12.507369041442873,12.57112979888916,12.556840896606444,97455925,0.0,0.0
2011-06-14,12.65631103515625,12.804006576538086,12.627419471740724,12.66179084777832,12.647398948669434,94011061,0.0,0.0
2011-06-15,12.578601837158203,12.66129207611084,12.468515396118164,12.526796340942385,12.512557983398438,83242849,0.0,0.0
2011-06-16,12.523309707641602,12.616958618164062,12.370383262634276,12.462536811828612,12.448370933532717,110693357,0.0,0.0
2011-06-17,12.607245445251465,12.61994743347168,12.07474136352539,12.080220222473145,12.066489219665527,210602442,0.0,0.0
2011-06-20,12.07972240447998,12.110357284545898,11.93601131439209,12.069260597229004,12.0555419921875,121598077,0.0,0.0
2011-06-21,12.134267807006836,12.302388191223145,12.072997093200684,12.278974533081056,12.26501750946045,111030616,0.0,0.0
2011-06-22,12.24036979675293,12.26278591156006,12.122811317443848,12.12978458404541,12.115997314453123,96644896,0.0,0.0
2011-06-23,12.00823974609375,12.026421546936035,11.799023628234863,11.960667610168455,11.94707202911377,192787918,0.0,0.0
2011-06-24,11.972126007080078,11.973869323730469,11.78134059906006,11.827667236328123,11.814223289489746,152794573,0.0,0.0
2011-06-27,11.80574893951416,12.16440486907959,11.795785903930664,12.024928092956545,12.011260032653809,138304463,0.0,0.0
2011-06-28,12.05531406402588,12.358925819396973,12.05531406402588,12.295165061950684,12.281189918518066,109011074,0.0,0.0
2011-06-29,12.367144584655762,12.459548950195312,12.263532638549805,12.392799377441406,12.37871265411377,94071286,0.0,0.0
2011-06-30,12.502885818481444,12.6194486618042,12.490681648254396,12.612225532531738,12.59788990020752,97500090,0.0,0.0
2011-07-01,12.621192932128906,12.98084545135498,12.612225532531738,12.9771089553833,12.962358474731444,146013250,0.0,0.0
2011-07-05,13.083459854125977,13.335017204284668,13.083459854125977,13.261293411254885,13.246219635009766,154545110,0.0,0.0
2011-07-06,13.287693977355955,13.412476539611816,13.276236534118652,13.334020614624023,13.318864822387695,108228151,0.0,0.0
2011-07-07,13.474493980407717,13.715591430664062,13.346972465515137,13.613970756530762,13.598496437072754,158010049,0.0,0.0
2011-07-08,13.273996353149414,13.391057014465332,13.132526397705078,13.25008487701416,13.235024452209473,191523195,0.0,0.0
2011-07-11,13.155191421508787,13.34946346282959,13.088440895080566,13.13277530670166,13.117847442626951,113997696,0.0,0.0
2011-07-12,13.154692649841309,13.435141563415527,13.100894927978516,13.300396919250488,13.285279273986816,114073981,0.0,0.0
2011-07-13,13.374868392944336,13.549214363098145,13.361915588378906,13.40625,13.391011238098145,112026334,0.0,0.0
2011-07-14,13.427669525146484,13.499401092529297,13.119075775146484,13.17411994934082,13.15914535522461,266976958,0.0,0.0
2011-07-15,14.881719589233398,14.950213432312012,14.649091720581056,14.884708404541016,14.867789268493652,551342851,0.0,0.0
2011-07-18,14.75693702697754,14.995044708251951,14.744732856750488,14.81795883178711,14.80111598968506,179401931,0.0,0.0
2011-07-19,14.84784698486328,15.060548782348633,14.832653999328612,15.007497787475586,14.990439414978027,119144917,0.0,0.0
2011-07-20,14.998283386230469,15.014472007751465,14.828169822692873,14.828169822692873,14.811315536499023,89446014,0.0,0.0
2011-07-21,14.795293807983398,15.144734382629396,14.794795036315918,15.118083953857422,15.100899696350098,139300182,0.0,0.0
2011-07-22,15.078232765197754,15.429665565490724,15.050337791442873,15.39803409576416,15.380531311035156,141656982,0.0,0.0
2011-07-25,15.276739120483398,15.576864242553713,15.267772674560549,15.41671371459961,15.399189949035645,125733520,0.0,0.0
2011-07-26,15.393550872802734,15.628918647766112,15.372879028320312,15.504883766174316,15.487259864807127,94067271,0.0,0.0
2011-07-27,15.371882438659668,15.465780258178713,15.06229305267334,15.123811721801758,15.10662078857422,157965884,0.0,0.0
2011-07-28,15.073251724243164,15.341994285583496,15.018706321716309,15.21646499633789,15.199169158935549,124802042,0.0,0.0
2011-07-29,15.049341201782228,15.316590309143066,15.03589153289795,15.03589153289795,15.018800735473633,166116320,0.0,0.0
2011-08-01,15.22343921661377,15.330039024353027,14.92356300354004,15.112604141235352,15.095426559448242,159238637,0.0,0.0
2011-08-02,15.093425750732422,15.184833526611328,14.734023094177246,14.754695892333984,14.737924575805664,128503865,0.0,0.0
2011-08-03,14.801271438598633,15.018706321716309,14.53626537322998,14.973127365112305,14.95610809326172,153601587,0.0,0.0
2011-08-04,14.807000160217283,14.91534423828125,14.382840156555176,14.384084701538086,14.367734909057615,197320845,0.0,0.0
2011-08-05,14.509116172790527,14.69491958618164,13.997533798217772,14.421942710876465,14.405550003051758,238052949,0.0,0.0
2011-08-08,14.021942138671877,14.171879768371582,13.557931900024414,13.599526405334473,13.584068298339844,300987964,0.0,0.0
2011-08-09,13.972626686096191,14.311607360839844,13.474742889404297,14.281719207763672,14.265485763549805,259758001,0.0,0.0
2011-08-10,13.982091903686523,14.050335884094238,13.642115592956545,13.673996925354004,13.658453941345217,215589063,0.0,0.0
2011-08-11,13.79379653930664,14.15942668914795,13.659052848815918,14.000772476196287,13.984858512878418,193948251,0.0,0.0
2011-08-12,14.184333801269531,14.209239959716797,13.957682609558104,14.041619300842283,14.02565860748291,126644924,0.0,0.0
2011-08-15,13.78408432006836,14.07200527191162,13.60027313232422,13.878728866577148,13.862953186035156,286867234,0.0,0.0
2011-08-16,13.759177207946776,13.75942611694336,13.207992553710938,13.424680709838867,13.40942096710205,278616423,0.0,0.0
2011-08-17,13.450334548950195,13.54149341583252,13.219698905944824,13.278977394104004,13.263883590698242,163775579,0.0,0.0
2011-08-18,13.037880897521973,13.073247909545898,12.46552562713623,12.57486629486084,12.560572624206545,252571164,0.0,0.0
2011-08-19,12.436883926391602,12.823683738708496,12.225674629211426,12.22716999053955,12.213272094726562,217211120,0.0,0.0
2011-08-22,12.552947998046877,12.627668380737305,12.317083358764648,12.407743453979492,12.393640518188477,196971541,0.0,0.0
2011-08-23,12.540494918823242,12.986573219299316,12.429909706115724,12.922064781188965,12.907377243041992,174523715,0.0,0.0
2011-08-24,12.93476676940918,13.200521469116213,12.882463455200195,13.033397674560549,13.018583297729492,144318923,0.0,0.0
2011-08-25,13.209985733032228,13.381592750549316,12.909112930297852,12.9524507522583,12.93772792816162,132213719,0.0,0.0
2011-08-26,12.95120620727539,13.211729049682615,12.780594825744627,13.122314453125,13.107398986816406,144391193,0.0,0.0
2011-08-29,13.314096450805664,13.43588924407959,13.289189338684082,13.426673889160156,13.411412239074709,93782206,0.0,0.0
2011-08-30,13.40450668334961,13.524059295654297,13.220696449279783,13.467021942138672,13.451714515686035,120008140,0.0,0.0
2011-08-31,13.567645072937012,13.60649871826172,13.349961280822754,13.473498344421388,13.45818328857422,108135806,0.0,0.0
2011-09-01,13.468268394470217,13.5449800491333,13.230907440185549,13.262787818908691,13.24771213531494,96982155,0.0,0.0
2011-09-02,13.062787055969238,13.148715019226074,12.969636917114258,13.072003364562988,13.05714511871338,96408011,0.0,0.0
2011-09-06,12.72231388092041,13.020196914672852,12.714841842651367,13.00575065612793,12.990967750549316,109039179,0.0,0.0
2011-09-07,13.211729049682615,13.348466873168944,13.135764122009276,13.300894737243652,13.285776138305664,110645177,0.0,0.0
2011-09-08,13.295166015625,13.42717170715332,13.247843742370604,13.324057579040527,13.30891227722168,95576908,0.0,0.0
2011-09-09,13.235390663146973,13.316336631774902,12.981094360351562,13.07225227355957,13.05739402770996,131242091,0.0,0.0
2011-09-12,12.90064525604248,13.25008487701416,12.889187812805176,13.203510284423828,13.188502311706545,107216373,0.0,0.0
2011-09-13,13.250333786010742,13.297159194946287,13.036136627197266,13.188566207885742,13.173575401306152,94520965,0.0,0.0
2011-09-14,13.265028953552246,13.373621940612791,13.096410751342772,13.25207805633545,13.237014770507812,108179971,0.0,0.0
2011-09-15,13.33750820159912,13.573622703552246,13.314096450805664,13.513348579406738,13.4979887008667,118875912,0.0,0.0
2011-09-16,13.569140434265137,13.619949340820312,13.52779483795166,13.61596393585205,13.600486755371094,141901897,0.0,0.0
2011-09-19,13.45830535888672,13.696163177490234,13.334519386291504,13.615715026855469,13.600238800048828,99106087,0.0,0.0
2011-09-20,13.683710098266602,13.910859107971191,13.516087532043455,13.61471939086914,13.599244117736816,111580670,0.0,0.0
2011-09-21,13.641119956970217,13.823186874389648,13.421194076538086,13.429661750793455,13.41439723968506,100948969,0.0,0.0
2011-09-22,13.107121467590332,13.17013454437256,12.80201530456543,12.96789264678955,12.953152656555176,176671736,0.0,0.0
2011-09-23,12.86577606201172,13.11135482788086,12.814468383789062,13.088689804077148,13.073812484741213,111508400,0.0,0.0
2011-09-26,13.132027626037598,13.273497581481934,12.783334732055664,13.247594833374023,13.232537269592283,105762945,0.0,0.0
2011-09-27,13.404755592346191,13.625179290771484,13.351205825805664,13.433149337768556,13.417880058288574,120887424,0.0,0.0
2011-09-28,13.486948013305664,13.549712181091309,13.14323616027832,13.171628952026367,13.156657218933104,90871336,0.0,0.0
2011-09-29,13.350956916809082,13.38234043121338,12.936759948730469,13.13825511932373,13.123321533203123,116699786,0.0,0.0
2011-09-30,12.956685066223145,13.051080703735352,12.811478614807127,12.82791805267334,12.813337326049805,109352349,0.0,0.0
2011-10-03,12.698652267456056,12.752202033996582,12.32878875732422,12.341739654541016,12.32771110534668,179646846,0.0,0.0
2011-10-04,12.205002784729004,12.53900146484375,11.970132827758787,12.50064468383789,12.486435890197754,166975528,0.0,0.0
2011-10-05,12.36241340637207,12.647594451904297,11.974367141723633,12.570383071899414,12.556095123291016,182043797,0.0,0.0
2011-10-06,12.640122413635254,12.832650184631348,12.518078804016112,12.81969928741455,12.80512809753418,137485405,0.0,0.0
2011-10-07,12.872501373291016,12.963908195495604,12.70985984802246,12.829910278320312,12.815326690673828,114664185,0.0,0.0
2011-10-10,13.08047103881836,13.386573791503906,13.031155586242676,13.379101753234863,13.36389446258545,93236167,0.0,0.0
2011-10-11,13.286698341369627,13.618952751159668,13.286698341369627,13.528791427612305,13.513413429260254,114563810,0.0,0.0
2011-10-12,13.65207862854004,13.8289155960083,13.564905166625977,13.661293983459473,13.64576530456543,127588447,0.0,0.0
2011-10-13,13.699400901794434,13.92281436920166,13.649338722229004,13.922565460205078,13.906740188598633,228356741,0.0,0.0
2011-10-14,14.9307861328125,14.9340238571167,14.63439655303955,14.73676300048828,14.720012664794922,342474886,0.0,0.0
2011-10-17,14.53850555419922,14.740498542785645,14.396039962768556,14.505878448486328,14.48939037322998,160928949,0.0,0.0
2011-10-18,14.450586318969728,14.758681297302246,14.381095886230469,14.707621574401855,14.690903663635254,152601853,0.0,0.0
2011-10-19,14.628667831420898,14.746228218078612,14.42642593383789,14.46328830718994,14.44684886932373,117699519,0.0,0.0
2011-10-20,14.493176460266112,14.667272567749023,14.433649063110352,14.537261009216309,14.520736694335938,135666613,0.0,0.0
2011-10-21,14.682716369628906,14.763413429260254,14.612728118896484,14.707123756408691,14.690406799316406,136148412,0.0,0.0
2011-10-24,14.613225936889648,14.943239212036133,14.607747077941896,14.854820251464844,14.837935447692873,137589795,0.0,0.0
2011-10-25,14.772130012512209,14.819453239440918,14.516837120056152,14.524558067321776,14.508049011230469,102000897,0.0,0.0
2011-10-26,14.683712005615234,14.699402809143066,14.268019676208496,14.60301399230957,14.58641529083252,115354763,0.0,0.0
2011-10-27,14.904634475708008,15.011234283447266,14.777112007141112,14.910860061645508,14.893911361694336,151778780,0.0,0.0
2011-10-28,14.80749797821045,15.001272201538086,14.800772666931152,14.94747257232666,14.930481910705566,100696024,0.0,0.0
2011-10-31,14.821695327758787,14.936264991760254,14.7365140914917,14.760672569274902,14.743894577026367,102695490,0.0,0.0
2011-11-01,14.448344230651855,14.583088874816896,14.364907264709473,14.41222858428955,14.395846366882324,125472546,0.0,0.0
2011-11-02,14.567895889282228,14.644109725952148,14.457809448242188,14.565902709960938,14.549345970153809,85153986,0.0,0.0
2011-11-03,14.620200157165527,14.881719589233398,14.53850555419922,14.881719589233398,14.8648042678833,107192283,0.0,0.0
2011-11-04,14.782093048095703,14.937511444091797,14.75544261932373,14.84784698486328,14.83096981048584,113817021,0.0,0.0
2011-11-07,14.777609825134276,15.162667274475098,14.75046157836914,15.151458740234377,15.134236335754396,134799374,0.0,0.0
2011-11-08,15.168146133422852,15.301895141601562,15.033650398254396,15.251334190368652,15.23399829864502,121630197,0.0,0.0
2011-11-09,15.050088882446287,15.177860260009766,14.910611152648926,14.967647552490234,14.950634002685549,148996390,0.0,0.0
2011-11-10,15.091683387756348,15.092181205749512,14.733774185180664,14.821446418762209,14.80459976196289,115166059,0.0,0.0
2011-11-11,14.976365089416504,15.245107650756836,14.909116744995115,15.15195655822754,15.13473415374756,159676271,0.0,0.0
2011-11-14,15.14323902130127,15.39429759979248,15.137760162353516,15.267772674560549,15.250418663024902,128026081,0.0,0.0
2011-11-15,15.26279067993164,15.39429759979248,15.205506324768066,15.356439590454102,15.338984489440918,107441212,0.0,0.0
2011-11-16,15.244858741760254,15.399778366088867,15.208246231079102,15.22966480255127,15.212353706359863,104731092,0.0,0.0
2011-11-17,15.194297790527344,15.250088691711426,14.863786697387695,14.965655326843262,14.948644638061523,140255750,0.0,0.0
2011-11-18,14.993800163269045,15.056065559387209,14.78831958770752,14.8164644241333,14.799623489379885,132000924,0.0,0.0
2011-11-21,14.63912868499756,14.657560348510742,14.248842239379885,14.469265937805176,14.452818870544434,120501984,0.0,0.0
2011-11-22,14.445853233337402,14.569639205932615,14.327298164367676,14.445853233337402,14.42943286895752,96572626,0.0,0.0
2011-11-23,14.330038070678713,14.45207977294922,14.1995267868042,14.1995267868042,14.18338680267334,93380707,0.0,0.0
2011-11-25,14.076986312866213,14.30313777923584,13.980846405029297,14.02243995666504,14.00650119781494,62730250,0.0,0.0
2011-11-28,14.43016242980957,14.66553020477295,14.35867977142334,14.649839401245115,14.633187294006348,113580136,0.0,0.0
2011-11-29,14.642118453979492,14.703886032104492,14.478979110717772,14.51883029937744,14.502326965332031,73546641,0.0,0.0
2011-11-30,14.89292812347412,14.931781768798828,14.74697494506836,14.928792953491213,14.911824226379396,136389312,0.0,0.0
2011-12-01,14.94398593902588,15.342493057250977,14.919079780578612,15.286951065063477,15.269575119018556,145366836,0.0,0.0
2011-12-02,15.368644714355469,15.541746139526367,15.34896755218506,15.451086044311523,15.433523178100586,164040568,0.0,0.0
2011-12-05,15.632406234741213,15.738508224487305,15.5018949508667,15.582841873168944,15.565129280090332,128379401,0.0,0.0
2011-12-06,15.516590118408203,15.656813621520996,15.448097229003906,15.536017417907717,15.51835823059082,93408812,0.0,0.0
2011-12-07,15.483962059020996,15.583090782165527,15.394797325134276,15.5265531539917,15.508904457092283,90630437,0.0,0.0
2011-12-08,15.468022346496582,15.627674102783203,15.325057983398438,15.343737602233888,15.32629680633545,96885796,0.0,0.0
2011-12-09,15.392306327819824,15.669516563415527,15.367648124694824,15.62692642211914,15.609164237976074,111062736,0.0,0.0
2011-12-12,15.488944053649902,15.596041679382324,15.449341773986816,15.576366424560549,15.558661460876465,87683432,0.0,0.0
2011-12-13,15.660301208496094,15.854573249816896,15.513102531433104,15.58234405517578,15.564632415771484,161731947,0.0,0.0
2011-12-14,15.48819637298584,15.549715995788574,15.255069732666016,15.394048690795898,15.376550674438477,156733281,0.0,0.0
2011-12-15,15.504883766174316,15.541746139526367,15.409490585327148,15.430662155151367,15.41312313079834,96705121,0.0,0.0
2011-12-16,15.549715995788574,15.674248695373535,15.478732109069824,15.59056282043457,15.57284164428711,179040582,0.0,0.0
2011-12-19,15.641620635986328,15.653825759887695,15.442118644714355,15.48769760131836,15.470093727111816,86061375,0.0,0.0
2011-12-20,15.641371726989746,15.737013816833496,15.641122817993164,15.700401306152344,15.682555198669434,95886062,0.0,0.0
2011-12-21,15.691434860229492,15.736515998840332,15.416215896606444,15.587076187133787,15.569358825683594,100290510,0.0,0.0
2011-12-22,15.640127182006836,15.73427391052246,15.61671543121338,15.683713912963867,15.665886878967283,73165217,0.0,0.0
2011-12-23,15.740999221801758,15.807748794555664,15.705133438110352,15.769392013549805,15.75146770477295,58365953,0.0,0.0
2011-12-27,15.742243766784668,16.052082061767578,15.740999221801758,15.946478843688965,15.928353309631348,64496847,0.0,0.0
2011-12-28,16.008745193481445,16.06478500366211,15.892929077148438,15.932780265808104,15.91466999053955,85406931,0.0,0.0
2011-12-29,15.977362632751465,16.014972686767578,15.82069969177246,16.000028610229492,15.981842041015623,63252199,0.0,0.0
2011-12-30,15.99056339263916,16.10862159729004,15.99056339263916,16.087200164794922,16.06891441345215,71559220,0.0,0.0
2012-01-03,16.262544631958008,16.641374588012695,16.24834632873535,16.573129653930664,16.554290771484375,147611217,0.0,0.0
2012-01-04,16.56366539001465,16.69367790222168,16.453826904296875,16.644611358642578,16.62569236755371,114989399,0.0,0.0
2012-01-05,16.491436004638672,16.537263870239258,16.344486236572266,16.413726806640625,16.395069122314453,131808205,0.0,0.0
2012-01-06,16.417213439941406,16.438385009765625,16.1840877532959,16.189817428588867,16.171415328979492,108119746,0.0,0.0
2012-01-09,16.102144241333008,16.114599227905273,15.472753524780272,15.503389358520508,15.485767364501951,233776981,0.0,0.0
2012-01-10,15.684959411621094,15.785831451416016,15.365158081054688,15.520325660705566,15.502684593200684,176483032,0.0,0.0
2012-01-11,15.529292106628418,15.675992965698242,15.470014572143556,15.59056282043457,15.57284164428711,96359832,0.0,0.0
2012-01-12,15.721571922302246,15.763166427612305,15.604011535644531,15.682218551635742,15.664393424987791,75289148,0.0,0.0
2012-01-13,15.598034858703612,15.615220069885254,15.468520164489746,15.56640338897705,15.548709869384766,92637933,0.0,0.0
2012-01-17,15.740501403808594,15.740501403808594,15.583588600158691,15.655817985534668,15.638022422790527,76658261,0.0,0.0
2012-01-18,15.607250213623049,15.790811538696287,15.49492073059082,15.763664245605469,15.745746612548828,110882061,0.0,0.0
2012-01-19,15.964909553527832,15.964909553527832,15.727548599243164,15.92954158782959,15.9114351272583,253157352,0.0,0.0
2012-01-20,14.708120346069336,14.719825744628906,14.488195419311523,14.595044136047363,14.578454971313477,424637703,0.0,0.0
2012-01-23,14.595293045043944,14.661544799804688,14.524558067321776,14.583337783813477,14.566761016845703,137027695,0.0,0.0
2012-01-24,14.603262901306152,14.637136459350586,14.396039962768556,14.469017028808594,14.452570915222168,122690156,0.0,0.0
2012-01-25,14.383835792541504,14.413723945617676,14.106624603271484,14.18408489227295,14.167962074279783,200255805,0.0,0.0
2012-01-26,14.246102333068848,14.308368682861328,14.06104564666748,14.149463653564451,14.133380889892578,129531704,0.0,0.0
2012-01-27,14.216214179992676,14.453824043273926,14.180100440979004,14.445355415344238,14.428936004638672,145242371,0.0,0.0
2012-01-30,14.39728546142578,14.445853233337402,14.28147029876709,14.38831901550293,14.37196445465088,93569411,0.0,0.0
2012-01-31,14.520572662353516,14.545479774475098,14.325056076049805,14.448593139648438,14.432169914245604,86017210,0.0,0.0
2012-02-01,14.568891525268556,14.582839965820312,14.424433708190918,14.46652603149414,14.450082778930664,93175942,0.0,0.0
2012-02-02,14.56714916229248,14.605504989624023,14.497658729553224,14.573125839233398,14.556561470031738,96950036,0.0,0.0
2012-02-03,14.711358070373535,14.871009826660156,14.64635181427002,14.852579116821287,14.835697174072266,127215053,0.0,0.0
2012-02-06,14.8197021484375,15.213725090026855,14.794795036315918,15.170388221740724,15.15314483642578,147735682,0.0,0.0
2012-02-07,15.122069358825684,15.177860260009766,15.03763484954834,15.112604141235352,15.095426559448242,83997668,0.0,0.0
2012-02-08,15.15917969,15.226676940917969,15.062044143676758,15.189316749572754,15.172051429748535,73731331,0.0,0.0
2012-02-09,15.243364334106444,15.305132865905762,15.168146133422852,15.229415893554688,15.21210479736328,90927546,0.0,0.0
2012-02-10,15.140251159667969,15.146476745605469,15.04361343383789,15.091184616088867,15.074030876159668,93356617,0.0,0.0
2012-02-13,15.205506324768066,15.288694381713867,15.193551063537598,15.247846603393556,15.230514526367188,72924318,0.0,0.0
2012-02-14,15.231409072875977,15.242865562438965,15.062541961669922,15.187074661254885,15.169812202453612,72418428,0.0,0.0
2012-02-15,15.266029357910156,15.266029357910156,15.007746696472168,15.082467079162598,15.06532382965088,97399715,0.0,0.0
2012-02-16,15.014223098754885,15.163414001464844,14.88744831085205,15.106377601623535,15.08920669555664,101615457,0.0,0.0
2012-02-17,15.067771911621094,15.134023666381836,15.003762245178224,15.059553146362305,15.042435646057127,98331193,0.0,0.0
2012-02-21,15.040374755859377,15.38931655883789,15.015716552734377,15.292678833007812,15.275296211242676,99603946,0.0,0.0
2012-02-22,15.241869926452637,15.361920356750488,15.111109733581545,15.14174461364746,15.124533653259276,78974912,0.0,0.0
2012-02-23,15.118332862854004,15.14174461364746,14.952704429626465,15.096165657043455,15.07900619506836,82508106,0.0,0.0
2012-02-24,15.127050399780272,15.234148979187012,15.081221580505373,15.19056224822998,15.173295974731444,77714204,0.0,0.0
2012-02-27,15.108120918273926,15.251832008361816,15.070013999938965,15.175867080688477,15.15861701965332,72827958,0.0,0.0
2012-02-28,15.193053245544434,15.43639087677002,15.135269165039062,15.402018547058104,15.384511947631836,114330940,0.0,0.0
2012-02-29,15.40725040435791,15.58159637451172,15.330039024353027,15.39853286743164,15.381030082702637,125946315,0.0,0.0
2012-03-01,15.498408317565918,15.584087371826172,15.396041870117188,15.5018949508667,15.484274864196776,89843498,0.0,0.0
2012-03-02,15.491931915283203,15.541746139526367,15.45008945465088,15.473252296447754,15.45566463470459,63167885,0.0,0.0
2012-03-05,15.452829360961914,15.50413703918457,15.227423667907717,15.298906326293944,15.281517028808594,63970883,0.0,0.0
2012-03-06,15.144485473632812,15.163414001464844,14.790560722351074,15.067523002624512,15.050395965576172,127451937,0.0,0.0
2012-03-07,15.169390678405762,15.222691535949709,15.08993911743164,15.113350868225098,15.096172332763672,50769586,0.0,0.0
2012-03-08,15.194048881530762,15.230413436889648,15.102143287658691,15.121820449829102,15.104632377624512,54021731,0.0,0.0
2012-03-09,15.14199447631836,15.240374565124512,14.94398593902588,14.950213432312012,14.933219909667969,107224403,0.0,0.0
2012-03-12,14.94398593902588,15.118332862854004,14.925555229187012,15.07225513458252,15.055123329162598,67010233,0.0,0.0
2012-03-13,15.16191864013672,15.388569831848145,15.082218170166016,15.386825561523438,15.369336128234863,90168712,0.0,0.0
2012-03-14,15.317585945129396,15.511360168457031,15.279230117797852,15.342244148254396,15.32480525970459,117916329,0.0,0.0
2012-03-15,15.357437133789062,15.529292106628418,15.31335163116455,15.470264434814451,15.452679634094238,97769094,0.0,0.0
2012-03-16,15.464285850524902,15.589317321777344,15.443364143371582,15.567648887634276,15.54995346069336,122477361,0.0,0.0
2012-03-19,15.519827842712402,15.872257232666016,15.473003387451172,15.790313720703123,15.77236557006836,87237768,0.0,0.0
2012-03-20,15.714099884033203,15.842120170593262,15.62318992614746,15.778109550476074,15.760174751281738,61850967,0.0,0.0
2012-03-21,15.806004524230955,16.124311447143555,15.753701210021973,15.939753532409668,15.921635627746582,99154267,0.0,0.0
2012-03-22,15.902892112731934,16.1594295501709,15.716092109680176,16.0909366607666,16.072647094726562,96769361,0.0,0.0
2012-03-23,16.10463523864746,16.151958465576172,15.962668418884276,16.0047607421875,15.986568450927734,77898894,0.0,0.0
2012-03-26,16.06478500366211,16.176616668701172,15.928794860839844,16.172630310058594,16.154247283935547,73040752,0.0,0.0
2012-03-27,16.115346908569336,16.276491165161133,16.059804916381836,16.115097045898438,16.096778869628906,80588939,0.0,0.0
2012-03-28,16.239879608154297,16.40326690673828,16.216218948364258,16.332780838012695,16.31421661376953,101936657,0.0,0.0
2012-03-29,16.27499771118164,16.353452682495117,16.047351837158203,16.149717330932617,16.13136100769043,77260510,0.0,0.0
2012-03-30,16.2329044342041,16.276243209838867,15.96515941619873,15.971136093139648,15.95298194885254,92774443,0.0,0.0
2012-04-02,15.959429740905762,16.127052307128906,15.811734199523926,16.112606048583984,16.09429168701172,91710470,0.0,0.0
2012-04-03,16.074996948242188,16.138259887695312,15.906378746032717,16.00550651550293,15.987313270568848,82102591,0.0,0.0
2012-04-04,15.901646614074709,15.915345191955566,15.718583106994627,15.81945514678955,15.801473617553713,65348026,0.0,0.0
2012-04-05,15.746975898742676,15.85133457183838,15.655569076538086,15.748969078063965,15.731067657470703,93095642,0.0,0.0
2012-04-09,15.653326988220217,15.823938369750977,15.573875427246094,15.712106704711914,15.694247245788574,87635252,0.0,0.0
2012-04-10,15.778857231140137,15.803264617919922,15.55544376373291,15.6129789352417,15.595232009887695,99652126,0.0,0.0
2012-04-11,15.790064811706545,15.840624809265137,15.72356414794922,15.839629173278809,15.821624755859377,88289696,0.0,0.0
2012-04-12,15.998783111572266,16.26752471923828,15.946727752685549,16.214473724365234,16.196043014526367,231127086,0.0,0.0
2012-04-13,16.128297805786133,16.16416358947754,15.530288696289062,15.556690216064451,15.539007186889648,327595322,0.0,0.0
2012-04-16,15.516839027404783,15.537013053894045,14.98533058166504,15.095170021057127,15.078011512756348,228537416,0.0,0.0
2012-04-17,15.157187461853027,15.3845853805542,15.118581771850586,15.182342529296877,15.165085792541504,121409373,0.0,0.0
2012-04-18,15.144485473632812,15.26279067993164,15.0139741897583,15.129541397094728,15.112343788146973,107180238,0.0,0.0
2012-04-19,15.085704803466797,15.34896755218506,14.919079780578612,14.926551818847656,14.909584999084473,132277959,0.0,0.0
2012-04-20,15.049839973449709,15.164409637451172,14.840126037597656,14.845853805541992,14.8289794921875,122794545,0.0,0.0
2012-04-23,14.767148971557615,14.905381202697754,14.69990062713623,14.884209632873535,14.867291450500488,88241516,0.0,0.0
2012-04-24,14.900151252746582,15.109116554260254,14.877236366271973,14.975618362426758,14.958596229553224,77453230,0.0,0.0
2012-04-25,15.04361343383789,15.226676940917969,15.015716552734377,15.186079025268556,15.168817520141602,73117037,0.0,0.0
2012-04-26,15.215718269348145,15.392306327819824,15.18558120727539,15.32929229736328,15.311867713928224,84013728,0.0,0.0
2012-04-27,15.31808376312256,15.360922813415527,15.20799732208252,15.31708812713623,15.299677848815918,65701345,0.0,0.0
2012-04-30,15.267523765563965,15.34448528289795,14.959178924560549,15.064783096313477,15.047659873962402,96652926,0.0,0.0
2012-05-01,15.038381576538086,15.232902526855469,14.948719024658203,15.054323196411133,15.037211418151855,80392204,0.0,0.0
2012-05-02,14.97387409210205,15.145978927612305,14.959178924560549,15.12480926513672,15.107617378234863,64701612,0.0,0.0
2012-05-03,15.183588027954102,15.31335163116455,15.166900634765623,15.218457221984863,15.201159477233888,75000069,0.0,0.0
2012-05-04,15.09143352508545,15.14050006866455,14.864534378051758,14.868518829345703,14.851618766784668,88626955,0.0,0.0
2012-05-07,14.819453239440918,15.20724868774414,14.819453239440918,15.132031440734863,15.114831924438477,80079035,0.0,0.0
2012-05-08,15.081720352172852,15.364909172058104,14.961421012878418,15.26254177093506,15.245193481445312,107493407,0.0,0.0
2012-05-09,15.113849639892578,15.351957321166992,14.98906707763672,15.171881675720217,15.15463638305664,93501157,0.0,0.0
2012-05-10,15.266776084899902,15.347225189208984,15.19878101348877,15.28421115875244,15.266838073730469,61666277,0.0,0.0
2012-05-11,15.201769828796388,15.306378364562988,15.062790870666504,15.074248313903809,15.057113647460938,84290763,0.0,0.0
2012-05-14,14.96341323852539,15.15569305419922,14.9584321975708,15.04361343383789,15.026514053344728,73249532,0.0,0.0
2012-05-15,15.077237129211426,15.317585945129396,15.037385940551758,15.220699310302734,15.203398704528809,84399167,0.0,0.0
2012-05-16,15.39130973815918,15.693675994873049,15.340997695922852,15.66453456878662,15.646729469299316,194128926,0.0,0.0
2012-05-17,15.786578178405762,15.88670253753662,15.472753524780272,15.518083572387695,15.500444412231444,134654835,0.0,0.0
2012-05-18,15.569143295288086,15.751460075378418,14.861794471740724,14.953948974609377,14.936951637268066,239835606,0.0,0.0
2012-05-21,14.95668888092041,15.334772109985352,14.94398593902588,15.295418739318848,15.278033256530762,123477094,0.0,0.0
2012-05-22,15.278732299804688,15.287946701049805,14.8443603515625,14.963912010192873,14.946903228759766,122533571,0.0,0.0
2012-05-23,14.985081672668455,15.183090209960938,14.872255325317385,15.17960262298584,15.162348747253418,127600492,0.0,0.0
2012-05-24,15.172130584716797,15.240873336791992,14.915842056274414,15.035144805908203,15.018054962158203,75935562,0.0,0.0
2012-05-25,14.96889305114746,14.987074851989746,14.652079582214355,14.733027458190918,14.716280937194824,143813034,0.0,0.0
2012-05-29,14.839627265930176,14.922316551208496,14.653077125549316,14.803014755249023,14.786189079284668,104618672,0.0,0.0
2012-05-30,14.649091720581056,14.742241859436035,14.533774375915527,14.650835037231444,14.63418197631836,76553871,0.0,0.0
2012-05-31,14.663039207458496,14.69491958618164,14.420947074890137,14.467272758483888,14.450828552246094,119177037,0.0,0.0
2012-06-01,14.24137020111084,14.262789726257324,14.155691146850586,14.221195220947266,14.20503044128418,122774470,0.0,0.0
2012-06-04,14.202265739440918,14.45805835723877,14.197035789489746,14.41073513031006,14.394354820251465,97672734,0.0,0.0
2012-06-05,14.332528114318848,14.399277687072754,14.108866691589355,14.206998825073242,14.190850257873535,93946821,0.0,0.0
2012-06-06,14.358181953430176,14.494918823242188,14.286700248718262,14.460049629211426,14.443613052368164,84146223,0.0,0.0
2012-06-07,14.635144233703612,14.642367362976074,14.377360343933104,14.401768684387209,14.385398864746094,70603652,0.0,0.0
2012-06-08,14.342491149902344,14.470760345458984,14.310858726501465,14.457060813903809,14.440628051757812,56627461,0.0,0.0
2012-06-11,14.55070972442627,14.578356742858888,14.11434555053711,14.15942668914795,14.143332481384276,106842978,0.0,0.0
2012-06-12,14.191058158874512,14.204258918762209,13.912352561950684,14.07474422454834,14.058746337890623,129451404,0.0,0.0
2012-06-13,13.990559577941896,14.12206745147705,13.914843559265137,13.974868774414062,13.95898438,78460993,0.0,0.0
2012-06-14,13.980098724365234,14.073996543884276,13.861044883728027,13.92405891418457,13.908231735229492,94147570,0.0,0.0
2012-06-15,13.956189155578612,14.060298919677734,13.875242233276367,14.060049057006836,14.0440673828125,120497969,0.0,0.0
2012-06-18,14.012975692749023,14.301644325256348,13.929040908813477,14.217958450317385,14.201797485351562,100250360,0.0,0.0
2012-06-19,14.286202430725098,14.552453994750977,14.274496078491213,14.48396110534668,14.46749782562256,83359284,0.0,0.0
2012-06-20,14.441121101379396,14.445853233337402,14.284209251403809,14.383835792541504,14.367486000061035,94219840,0.0,0.0
2012-06-21,14.44186782836914,14.44186782836914,14.040621757507324,14.077484130859377,14.061482429504396,80753554,0.0,0.0
2012-06-22,14.146973609924316,14.233649253845217,14.092677116394045,14.233649253845217,14.217470169067385,89450029,0.0,0.0
2012-06-25,14.13028621673584,14.149214744567873,13.881717681884766,13.965154647827148,13.949280738830566,63501129,0.0,0.0
2012-06-26,14.01646327972412,14.112104415893556,13.934768676757812,14.064284324645996,14.048297882080078,54210435,0.0,0.0
2012-06-27,14.139501571655272,14.29616355895996,14.09765911102295,14.179351806640623,14.16323471069336,67945726,0.0,0.0
2012-06-28,14.094670295715332,14.10288906097412,13.878231048583984,14.055068016052246,14.039092063903809,77124000,0.0,0.0
2012-06-29,14.320323944091797,14.449090957641602,14.251582145690918,14.447596549987791,14.431174278259276,101157748,0.0,0.0
2012-07-02,14.491183280944824,14.520572662353516,14.35867977142334,14.457559585571287,14.441125869750977,66468209,0.0,0.0
2012-07-03,14.446102142333984,14.655318260192873,14.396039962768556,14.64087200164795,14.62423038482666,47758342,0.0,0.0
2012-07-05,14.66403579711914,14.945481300354004,14.65855598449707,14.842367172241213,14.825496673583984,94187720,0.0,0.0
2012-07-06,14.755941390991213,14.782590866088867,14.516090393066406,14.59479522705078,14.578206062316896,86796118,0.0,0.0
2012-07-09,14.569141387939451,14.660051345825195,14.4769868850708,14.595541954040527,14.578951835632324,68861145,0.0,0.0
2012-07-10,14.699651718139648,14.75544261932373,14.414470672607422,14.488195419311523,14.47172737121582,77212330,0.0,0.0
2012-07-11,14.35369873046875,14.392304420471191,14.070758819580078,14.226426124572754,14.21025562286377,140496649,0.0,0.0
2012-07-12,14.125056266784668,14.24485683441162,13.999774932861328,14.208742141723633,14.192591667175291,92738308,0.0,0.0
2012-07-13,14.250335693359377,14.4246826171875,14.160672187805176,14.359177589416504,14.342856407165527,79336261,0.0,0.0
2012-07-16,14.35544204711914,14.425679206848145,14.241121292114258,14.319328308105469,14.303051948547363,58723287,0.0,0.0
2012-07-17,14.406749725341797,14.46254062652588,14.156935691833496,14.364409446716309,14.348081588745115,67455897,0.0,0.0
2012-07-18,14.370635032653809,14.537758827209473,14.349465370178224,14.464781761169434,14.44834041595459,62160121,0.0,0.0
2012-07-19,14.598779678344728,14.9061279296875,14.595293045043944,14.77113437652588,14.754344940185549,187688877,0.0,0.0
2012-07-20,15.1621675491333,15.266278266906738,14.898655891418455,15.213476181030272,15.19618320465088,259517101,0.0,0.0
2012-07-23,14.955941200256348,15.401022911071776,14.900400161743164,15.33028793334961,15.312862396240234,143002005,0.0,0.0
2012-07-24,15.317585945129396,15.390562057495115,15.052081108093262,15.132530212402344,15.11532974243164,80677269,0.0,0.0
2012-07-25,15.151209831237791,15.277236938476562,15.07773494720459,15.142990112304688,15.125777244567873,73193322,0.0,0.0
2012-07-26,15.317585945129396,15.364160537719728,15.19379997253418,15.276739120483398,15.259374618530272,67660662,0.0,0.0
2012-07-27,15.414472579956056,15.815718650817873,15.379853248596191,15.814723014831545,15.796747207641602,142520206,0.0,0.0
2012-07-30,15.84187126159668,16.005008697509766,15.67873191833496,15.7484712600708,15.730570793151855,87795852,0.0,0.0
2012-07-31,15.64784812927246,15.853078842163086,15.646851539611816,15.76515769958496,15.747238159179688,74903709,0.0,0.0
2012-08-01,15.873003959655762,15.928048133850098,15.725557327270508,15.7579345703125,15.740023612976074,74060561,0.0,0.0
2012-08-02,15.579355239868164,15.891185760498049,15.527050971984863,15.660052299499512,15.642251968383787,79404516,0.0,0.0
2012-08-03,15.940252304077148,16.03290557861328,15.844112396240234,15.97337818145752,15.955222129821776,76168432,0.0,0.0
2012-08-06,15.930538177490234,16.17387580871582,15.920825004577637,16.010488510131836,15.992289543151855,71563235,0.0,0.0
2012-08-07,15.984834671020508,16.046354293823242,15.85233211517334,15.953701972961426,15.93556785583496,79569131,0.0,0.0
2012-08-08,15.916590690612791,16.086454391479492,15.902892112731934,15.995794296264648,15.977612495422363,53086237,0.0,0.0
2012-08-09,16.052581787109375,16.098907470703125,15.978110313415527,15.998783111572266,15.980597496032717,42972470,0.0,0.0
2012-08-10,15.905134201049805,15.99604320526123,15.843862533569336,15.99006462097168,15.97188949584961,57599089,0.0,0.0
2012-08-13,16.125059127807617,16.442121505737305,16.10662841796875,16.438634872436523,16.419950485229492,131205956,0.0,0.0
2012-08-14,16.41970443725586,16.758434295654297,16.41347885131836,16.654075622558594,16.63514518737793,147016998,0.0,0.0
2012-08-15,16.694425582885742,16.793304443359375,16.540502548217773,16.62618064880371,16.607282638549805,96789436,0.0,0.0
2012-08-16,16.62543487548828,16.80301856994629,16.614723205566406,16.75893211364746,16.739883422851562,68965534,0.0,0.0
2012-08-17,16.790067672729492,16.868024826049805,16.729793548583984,16.865285873413086,16.846115112304688,87434502,0.0,0.0
2012-08-20,16.824438095092773,16.90837287902832,16.75370216369629,16.8254337310791,16.80630874633789,70587592,0.0,0.0
2012-08-21,16.764911651611328,16.886703491210938,16.492431640625,16.675247192382812,16.656293869018555,89221174,0.0,0.0
2012-08-22,16.622196197509766,16.951461791992188,16.60525894165039,16.866281509399414,16.847110748291016,76654246,0.0,0.0
2012-08-23,16.79380226135254,16.94847297668457,16.712358474731445,16.8568172454834,16.837656021118164,71635505,0.0,0.0
2012-08-24,16.826929092407227,16.947725296020508,16.78907012939453,16.902395248413086,16.883182525634766,57277890,0.0,0.0
2012-08-27,16.512855529785156,16.73726463317871,16.419456481933594,16.66802406311035,16.649078369140625,104939872,0.0,0.0
2012-08-28,16.562917709350586,16.877239227294922,16.556442260742188,16.868024826049805,16.848852157592773,82652646,0.0,0.0
2012-08-29,16.871013641357422,17.160429000854492,16.840627670288086,17.13602066040039,17.11654281616211,120060335,0.0,0.0
2012-08-30,17.04212188720703,17.12057876586914,16.941001892089844,16.978361129760742,16.959062576293945,65319921,0.0,0.0
2012-08-31,17.036144256591797,17.150217056274414,16.93751335144043,17.06329345703125,17.04389762878418,85402916,0.0,0.0
2012-09-04,17.049842834472656,17.061050415039062,16.774625778198242,16.962421417236328,16.943140029907227,75867307,0.0,0.0
2012-09-05,16.9365177154541,17.098411560058594,16.915098190307617,16.954450607299805,16.935178756713867,68584110,0.0,0.0
2012-09-06,17.08496094,17.43191146850586,17.054325103759766,17.419706344604492,17.399906158447266,122196311,0.0,0.0
2012-09-07,17.434650421142578,17.739757537841797,17.376617431640625,17.587827682495117,17.56783676147461,129804723,0.0,0.0
2012-09-10,17.677738189697266,17.753704071044922,17.394550323486328,17.453828811645508,17.433990478515625,102783820,0.0,0.0
2012-09-11,17.383840560913086,17.45083999633789,17.210491180419922,17.240129470825195,17.22053337097168,75232938,0.0,0.0
2012-09-12,17.170888900756836,17.307876586914062,16.95843505859375,17.207502365112305,17.187942504882812,106088160,0.0,0.0
2012-09-13,17.26254653930664,17.658809661865234,17.199033737182617,17.585086822509766,17.56509780883789,106758663,0.0,0.0
2012-09-14,17.67375373840332,17.75843620300293,17.60924530029297,17.67574691772461,17.655654907226562,105132591,0.0,0.0
2012-09-17,17.63664436340332,17.755447387695312,17.55918312072754,17.68321990966797,17.66312026977539,60558139,0.0,0.0
2012-09-18,17.6284236907959,17.8994083404541,17.603517532348633,17.889944076538086,17.869609832763672,82981875,0.0,0.0
2012-09-19,17.87051773071289,18.145984649658203,17.843368530273438,18.11958312988281,18.098987579345703,124396528,0.0,0.0
2012-09-20,18.04411506652832,18.21622085571289,17.96316909790039,18.135025024414062,18.114412307739254,116731906,0.0,0.0
2012-09-21,18.236894607543945,18.304391860961918,18.184839248657227,18.281227111816406,18.260448455810547,255317419,0.0,0.0
2012-09-24,18.206756591796875,18.68097877502441,18.188077926635746,18.66454124450684,18.643325805664062,143086320,0.0,0.0
2012-09-25,18.75594711303711,19.05084228515625,18.621700286865234,18.65906143188477,18.63785171508789,243248350,0.0,0.0
2012-09-26,18.676246643066406,18.95993423461914,18.45582389831543,18.766159057617188,18.744829177856445,227766537,0.0,0.0
2012-09-27,18.92780494689941,18.99978446960449,18.721078872680664,18.841875076293945,18.820457458496094,157833389,0.0,0.0
2012-09-28,18.783344268798828,18.9116153717041,18.70862579345703,18.79206275939941,18.770702362060547,111757330,0.0,0.0
2012-10-01,18.90538787841797,19.05358123779297,18.83465385437012,18.9733829498291,18.95181655883789,127194978,0.0,0.0
2012-10-02,19.058563232421875,19.07823944091797,18.686708450317383,18.854080200195312,18.83264923095703,112026334,0.0,0.0
2012-10-03,18.82244873046875,19.026683807373047,18.734777450561523,18.991315841674805,18.969728469848636,88663090,0.0,0.0
2012-10-04,18.997543334960938,19.175376892089844,18.91410446166992,19.129547119140625,19.10780334472656,98535958,0.0,0.0
2012-10-05,19.195798873901367,19.287206649780277,19.053831100463867,19.119585037231445,19.09785270690918,109846193,0.0,0.0
2012-10-08,18.953956604003903,19.01821517944336,18.783344268798828,18.87525177001953,18.853797912597656,78637653,0.0,0.0
2012-10-09,18.92082977294922,18.9619255065918,18.49393081665039,18.53278541564941,18.511720657348636,120578269,0.0,0.0
2012-10-10,18.477243423461918,18.61846351623535,18.38832664489746,18.544490814208984,18.523412704467773,81901842,0.0,0.0
2012-10-11,18.752212524414062,18.89168930053711,18.687206268310547,18.71684455871582,18.69556999206543,95713418,0.0,0.0
2012-10-12,18.72606086730957,18.80127716064453,18.53303337097168,18.549222946166992,18.528139114379883,96528461,0.0,0.0
2012-10-15,18.47923469543457,18.526308059692383,18.19928550720215,18.455324172973636,18.43434715270996,121216653,0.0,0.0
2012-10-16,18.434154510498047,18.60501480102539,18.34274673461914,18.54797744750977,18.52689552307129,82636586,0.0,0.0
2012-10-17,18.529298782348636,18.83789063,18.43739128112793,18.81671905517578,18.795330047607425,92059774,0.0,0.0
2012-10-18,18.81796646118164,18.91460227966309,16.836891174316406,17.310117721557617,17.290441513061523,499561487,0.0,0.0
2012-10-19,17.57362937927246,17.601524353027344,16.73726463317871,16.98110008239746,16.9617977142334,461009524,0.0,0.0
2012-10-22,16.961673736572266,17.051836013793945,16.67997932434082,16.903392791748047,16.884180068969727,162832055,0.0,0.0
2012-10-23,16.73751449584961,17.119083404541016,16.73726463317871,16.945234298706055,16.925973892211914,117101285,0.0,0.0
2012-10-24,17.10588264465332,17.110864639282227,16.818708419799805,16.86927032470703,16.850095748901367,100234300,0.0,0.0
2012-10-25,16.9365177154541,16.986331939697266,16.774873733520508,16.880727767944336,16.861539840698242,96403996,0.0,0.0
2012-10-26,16.84934425354004,17.011985778808594,16.71733856201172,16.81572151184082,16.796607971191406,78324483,0.0,0.0
2012-10-31,16.93303108215332,16.961423873901367,16.81198501586914,16.94399070739746,16.92473030090332,61710442,0.0,0.0
2012-11-01,16.92406463623047,17.20800018310547,16.90463638305664,17.125558853149414,17.10609245300293,82311371,0.0,0.0
2012-11-02,17.304887771606445,17.323816299438477,17.120080947875977,17.133777618408203,17.114301681518555,93324497,0.0,0.0
2012-11-05,17.04859733581543,17.107376098632812,16.825931549072266,17.01024055480957,16.99090576171875,65681270,0.0,0.0
2012-11-06,17.07300567626953,17.098411560058594,16.87549591064453,16.97935676574707,16.96005630493164,63549309,0.0,0.0
2012-11-07,16.81198501586914,16.892433166503906,16.60002899169922,16.615720748901367,16.596834182739258,89626688,0.0,0.0
2012-11-08,16.692432403564453,16.72456169128418,16.219953536987305,16.246355056762695,16.227888107299805,104269368,0.0,0.0
2012-11-09,16.305133819580078,16.646106719970703,16.19679069519043,16.513851165771484,16.495080947875977,125030896,0.0,0.0
2012-11-12,16.531784057617188,16.682470321655273,16.460054397583008,16.58533477783203,16.566482543945312,56446786,0.0,0.0
2012-11-13,16.513105392456055,16.627674102783203,16.39430046081543,16.414724349975586,16.396066665649414,64007018,0.0,0.0
2012-11-14,16.454822540283203,16.4926815032959,16.201772689819336,16.252830505371094,16.234355926513672,66986143,0.0,0.0
2012-11-15,16.18931770324707,16.438385009765625,16.03738784790039,16.121074676513672,16.102750778198242,74233205,0.0,0.0
2012-11-16,16.08944320678711,16.264537811279297,15.840624809265137,16.119081497192383,16.100759506225586,138043489,0.0,0.0
2012-11-19,16.33128547668457,16.660551071166992,16.327051162719727,16.642868041992188,16.623950958251953,95083064,0.0,0.0
2012-11-20,16.675247192382812,16.886703491210938,16.552207946777344,16.686704635620117,16.66773796081543,83861158,0.0,0.0
2012-11-21,16.662296295166016,16.682470321655273,16.448347091674805,16.58458709716797,16.565736770629883,84804682,0.0,0.0
2012-11-23,16.686704635620117,16.687450408935547,16.590314865112305,16.636890411376953,16.617979049682617,37038310,0.0,0.0
2012-11-26,16.598783493041992,16.61273193359375,16.413976669311523,16.46702766418457,16.44831085205078,88514535,0.0,0.0
2012-11-27,16.44261932373047,16.81198501586914,16.388572692871094,16.705135345458984,16.686147689819336,100724129,0.0,0.0
2012-11-28,16.63788604736328,17.058809280395508,16.5352725982666,17.027925491333008,17.008569717407227,122136087,0.0,0.0
2012-11-29,17.130290985107422,17.2827205657959,16.986331939697266,17.23265838623047,17.213069915771484,111476280,0.0,0.0
2012-11-30,17.218212127685547,17.41522216796875,17.078237533569336,17.394052505493164,17.37428092956543,127018318,0.0,0.0
2012-12-03,17.490442276000977,17.581350326538086,17.28795051574707,17.316343307495117,17.296661376953125,88028721,0.0,0.0
2012-12-04,17.310117721557617,17.32282066345215,17.0784854888916,17.211238861083984,17.191675186157227,79966615,0.0,0.0
2012-12-05,17.239133834838867,17.297664642333984,16.994550704956055,17.131288528442383,17.11181641,74775229,0.0,0.0
2012-12-06,17.125558853149414,17.32530975341797,17.048847198486328,17.213729858398438,17.194164276123047,58711242,0.0,0.0
2012-12-07,17.310117721557617,17.35694122314453,16.99679183959961,17.04137420654297,17.022003173828125,77059760,0.0,0.0
2012-12-10,17.070764541625977,17.226680755615234,17.030914306640625,17.07151222229004,17.052106857299805,54872909,0.0,0.0
2012-12-11,17.185583114624023,17.482471466064453,17.12879753112793,17.35694122314453,17.33721160888672,107906951,0.0,0.0
2012-12-12,17.41547393798828,17.52207374572754,17.272258758544922,17.373878479003906,17.354129791259766,97403730,0.0,0.0
2012-12-13,17.83116340637207,17.844863891601562,17.423442840576172,17.50189971923828,17.482006072998047,138312493,0.0,0.0
2012-12-14,17.413978576660156,17.62942123413086,17.39554786682129,17.48346710205078,17.463594436645508,85523366,0.0,0.0
2012-12-17,17.571636199951172,17.98060417175293,17.534774780273438,17.952211380004883,17.931806564331055,121871097,0.0,0.0
2012-12-18,17.848100662231445,18.159433364868164,17.80949592590332,17.959434509277344,17.93902015686035,120646524,0.0,0.0
2012-12-19,17.95046615600586,18.007503509521484,17.850093841552734,17.935522079467773,17.915136337280273,77031655,0.0,0.0
2012-12-20,18.013978958129883,18.048599243164062,17.857315063476562,17.99156379699707,17.971113204956055,66528434,0.0,0.0
2012-12-21,17.782596588134766,17.90339469909668,17.69666862487793,17.82394027709961,17.803680419921875,141568653,0.0,0.0
2012-12-24,17.796045303344727,17.812734603881836,17.620702743530273,17.6712646484375,17.65117835998535,33762076,0.0,0.0
2012-12-26,17.63564682006836,17.755447387695312,17.49467658996582,17.65557289123535,17.6355037689209,47473277,0.0,0.0
2012-12-27,17.612483978271484,17.65482521057129,17.4000301361084,17.591312408447266,17.571317672729492,66142994,0.0,0.0
2012-12-28,17.476743698120117,17.60675621032715,17.434900283813477,17.434900283813477,17.415082931518555,56290202,0.0,0.0
2012-12-31,17.434650421142578,17.697914123535156,17.335023880004883,17.61846160888672,17.598434448242188,80195470,0.0,0.0
2013-01-02,17.918338775634766,18.10713005065918,17.84685516357422,18.013729095458984,17.993253707885742,102033017,0.0,0.0
2013-01-03,18.055572509765625,18.22991943359375,17.950716018676758,18.02419090270996,18.003704071044922,93075567,0.0,0.0
2013-01-04,18.16541290283203,18.467529296875,18.124067306518555,18.380355834960938,18.35946273803711,110954331,0.0,0.0
2013-01-07,18.317590713500977,18.41547393798828,18.19629669189453,18.30015754699707,18.279356002807617,66476239,0.0,0.0
2013-01-08,18.319833755493164,18.338762283325195,18.043119430541992,18.26404190063477,18.243282318115234,67295297,0.0,0.0
2013-01-09,18.23838806152344,18.389820098876957,18.14698028564453,18.384092330932617,18.363195419311523,81291563,0.0,0.0
2013-01-10,18.50140190124512,18.555450439453125,18.269023895263672,18.467777252197266,18.44678497314453,73703226,0.0,0.0
2013-01-11,18.48073005676269,18.491439819335938,18.338762283325195,18.430667877197266,18.409717559814453,51600690,0.0,0.0
2013-01-14,18.3561954498291,18.48571014404297,17.991313934326172,18.013729095458984,17.993253707885742,114985384,0.0,0.0
2013-01-15,17.916095733642578,18.30638313293457,17.736021041870117,18.055572509765625,18.03504943847656,157696879,0.0,0.0
2013-01-16,17.9925594329834,18.04087829589844,17.775123596191406,17.8129825592041,17.792736053466797,81239368,0.0,0.0
2013-01-17,17.875747680664062,17.923816680908203,17.709121704101562,17.716594696044922,17.696456909179688,88791570,0.0,0.0
2013-01-18,17.69268226623535,17.752708435058594,17.467775344848633,17.546979904174805,17.527034759521484,129555794,0.0,0.0
2013-01-22,17.550716400146484,17.567651748657227,17.323068618774414,17.506132125854492,17.48623275756836,152264594,0.0,0.0
2013-01-23,18.33104133605957,18.655075073242188,18.326059341430664,18.46827507019043,18.44728279113769,237249950,0.0,0.0
2013-01-24,18.461801528930664,18.850095748901367,18.443618774414062,18.784839630126957,18.763486862182617,135815168,0.0,0.0
2013-01-25,18.699161529541016,18.891191482543945,18.686208724975582,18.771390914916992,18.75005340576172,89369729,0.0,0.0
2013-01-28,18.723819732666016,18.819459915161133,18.627429962158203,18.698165893554688,18.676912307739254,65327951,0.0,0.0
2013-01-29,18.599035263061523,18.853084564208984,18.59380531311035,18.771638870239254,18.750301361083984,70145942,0.0,0.0
2013-01-30,18.773134231567383,18.95271110534668,18.752460479736328,18.775375366210938,18.7540340423584,69579828,0.0,0.0
2013-01-31,18.692684173583984,18.869770050048828,18.686208724975582,18.821701049804688,18.80030632019043,65613015,0.0,0.0
2013-02-01,18.88421630859375,19.342500686645508,18.88172721862793,19.31759262084961,19.295635223388672,150405652,0.0,0.0
2013-02-04,19.120580673217773,19.189821243286133,18.885961532592773,18.904640197753903,18.88315200805664,122075862,0.0,0.0
2013-02-05,18.95719337463379,19.20576286315918,18.915849685668945,19.07201385498047,19.05033493041992,75108474,0.0,0.0
2013-02-06,18.905885696411133,19.25183868408203,18.89168930053711,19.182350158691406,19.160547256469727,83435569,0.0,0.0
2013-02-07,19.17064476013184,19.39754295349121,19.066036224365234,19.27649688720703,19.25458526611328,114033831,0.0,0.0
2013-02-08,19.430419921875,19.59330940246582,19.416223526000977,19.560930252075195,19.5386962890625,121256803,0.0,0.0
2013-02-11,19.38733291625977,19.501901626586918,19.27151679992676,19.487455368041992,19.46530532836914,87037018,0.0,0.0
2013-02-12,19.47076988220215,19.62394523620605,19.41149139404297,19.444616317749023,19.422513961791992,74638720,0.0,0.0
2013-02-13,19.430419921875,19.56043243408203,19.42643547058105,19.498414993286133,19.47625160217285,48107646,0.0,0.0
2013-02-14,19.42045783996582,19.64486694335937,19.371639251708984,19.62195205688477,19.59964942932129,69672173,0.0,0.0
2013-02-15,19.61149024963379,19.757444381713867,19.603271484375,19.74822807312012,19.725780487060547,109601278,0.0,0.0
2013-02-19,19.825439453125,20.09966278076172,19.807756423950195,20.09592628479004,20.07308387756348,117711564,0.0,0.0
2013-02-20,20.05731964111328,20.148727416992188,19.7208309173584,19.737518310546875,19.71508407592773,110982436,0.0,0.0
2013-02-21,19.87550163269043,20.06105613708496,19.70663452148437,19.81398200988769,19.791460037231445,140781714,0.0,0.0
2013-02-22,19.906883239746094,19.95644760131836,19.770893096923828,19.918092727661133,19.89545249938965,82463941,0.0,0.0
2013-02-25,19.98259925842285,20.134780883789062,19.688453674316406,19.69542694091797,19.67304039001465,92501423,0.0,0.0
2013-02-26,19.80078125,19.824443817138672,19.536771774291992,19.67948532104492,19.657115936279297,88430220,0.0,0.0
2013-02-27,19.795799255371094,20.043621063232425,19.703895568847656,19.919836044311523,19.897193908691406,81347773,0.0,0.0
2013-02-28,19.95271110534668,20.09941291809082,19.95096969604492,19.955202102661133,19.932519912719727,90971711,0.0,0.0
2013-03-01,19.870519638061523,20.103147506713867,19.829423904418945,20.079486846923828,20.056663513183597,87342157,0.0,0.0
2013-03-04,20.05731964111328,20.49418258666992,20.049848556518555,20.46080780029297,20.43755149841309,111440145,0.0,0.0
2013-03-05,20.645864486694336,20.925317764282227,20.645116806030277,20.88671112060547,20.86297035217285,162370331,0.0,0.0
2013-03-06,20.947235107421875,21.02120780944824,20.64287567138672,20.706886291503903,20.683349609375,115350748,0.0,0.0
2013-03-07,20.77363586425781,20.8373966217041,20.66205406188965,20.73727226257324,20.713701248168945,82415761,0.0,0.0
2013-03-08,20.78459358215332,20.795055389404297,20.549226760864254,20.710372924804688,20.68683242797852,116912581,0.0,0.0
2013-03-11,20.71460723876953,20.914108276367188,20.70987319946289,20.792564392089844,20.768930435180664,64027093,0.0,0.0
2013-03-12,20.69019889831543,20.719587326049805,20.514854431152344,20.612987518310547,20.58955764770508,80633104,0.0,0.0
2013-03-13,20.620210647583008,20.689699172973636,20.480981826782227,20.555702209472656,20.532337188720703,65898080,0.0,0.0
2013-03-14,20.597545623779297,20.597545623779297,20.358442306518555,20.461803436279297,20.43854522705078,66295564,0.0,0.0
2013-03-15,20.38608741760254,20.4309196472168,20.257570266723636,20.28148078918457,20.2584285736084,124452737,0.0,0.0
2013-03-18,20.049848556518555,20.24312400817871,19.96192741394043,20.11933708190918,20.09646797180176,73807616,0.0,0.0
2013-03-19,20.20526695251465,20.404767990112305,20.085962295532227,20.207258224487305,20.184289932250977,84242583,0.0,0.0
2013-03-20,20.3444938659668,20.36142921447754,20.21024703979492,20.29169273376465,20.268627166748047,58771467,0.0,0.0
2013-03-21,20.20651054382324,20.34673500061035,20.17064476013184,20.20576477050781,20.18279838562012,59325536,0.0,0.0
2013-03-22,20.29243850708008,20.30489158630371,20.165414810180664,20.18210220336914,20.159162521362305,59751126,0.0,0.0
2013-03-25,20.234405517578125,20.40427017211914,20.095178604125977,20.165414810180664,20.14249420166016,68736680,0.0,0.0
2013-03-26,20.261554718017575,20.27400779724121,20.11933708190918,20.234655380249023,20.211654663085938,47854701,0.0,0.0
2013-03-27,20.09169006347656,20.09966278076172,19.95844078063965,19.991567611694336,19.968843460083008,86852328,0.0,0.0
2013-03-28,20.02469253540039,20.059064865112305,19.758441925048828,19.780607223510746,19.75812339782715,91855009,0.0,0.0
2013-04-01,19.8010311126709,19.981355667114254,19.75719451904297,19.954954147338867,19.93227195739746,72562968,0.0,0.0
2013-04-02,20.03839111328125,20.294681549072266,20.02494239807129,20.250097274780277,20.22707939147949,81966082,0.0,0.0
2013-04-03,20.260557174682617,20.27898979187012,19.94200134277344,20.079736709594727,20.05691337585449,69800653,0.0,0.0
2013-04-04,20.03116798400879,20.068527221679688,19.708627700805664,19.80252456665039,19.78001594543457,98270968,0.0,0.0
2013-04-05,19.57811546325684,19.601280212402344,19.3375186920166,19.50314712524414,19.48097801208496,137870844,0.0,0.0
2013-04-08,19.39604949951172,19.41597366333008,19.13826560974121,19.298912048339844,19.276975631713867,113708616,0.0,0.0
2013-04-09,19.31510162353516,19.52058219909668,19.25557518005371,19.36865234,19.346635818481445,86615444,0.0,0.0
2013-04-10,19.499910354614254,19.73477935791016,19.327556610107425,19.68073272705078,19.65836334228516,79440651,0.0,0.0
2013-04-11,19.74798011779785,19.75345993041992,19.528303146362305,19.685962677001957,19.6635856628418,81452163,0.0,0.0
2013-04-12,19.725812911987305,19.728553771972656,19.500158309936523,19.677494049072266,19.655126571655277,65713390,0.0,0.0
2013-04-15,19.57537651062012,19.850595474243164,19.35296058654785,19.475252151489254,19.45311546325684,98491793,0.0,0.0
2013-04-16,19.59131622314453,19.825687408447266,19.524816513061523,19.760183334350582,19.737722396850582,69941178,0.0,0.0
2013-04-17,19.59530258178711,19.69717025756836,19.379859924316406,19.490943908691406,19.46879005432129,81785407,0.0,0.0
2013-04-18,19.56043243408203,19.57164192199707,18.960432052612305,19.076248168945312,19.0545654296875,133398142,0.0,0.0
2013-04-19,19.15719413757324,20.01099395751953,19.084964752197266,19.92207717895508,19.899433135986328,232998073,0.0,0.0
2013-04-22,19.94025993347168,20.023944854736328,19.302648544311523,19.928054809570312,19.90540313720703,115768308,0.0,0.0
2013-04-23,19.95022201538086,20.311368942260746,19.93428039550781,20.12207794189453,20.099205017089844,92035684,0.0,0.0
2013-04-24,20.127307891845703,20.373634338378903,20.124568939208984,20.26030921936035,20.237279891967773,73438237,0.0,0.0
2013-04-25,20.330047607421875,20.335527420043945,20.115352630615234,20.15196418762207,20.129058837890625,79986690,0.0,0.0
2013-04-26,20.114606857299805,20.118091583251957,19.840133666992188,19.960681915283203,19.9379940032959,99880980,0.0,0.0
2013-04-29,20.006261825561523,20.49069595336914,20.00003433227539,20.400035858154297,20.376848220825195,92376959,0.0,0.0
2013-04-30,20.39854049682617,20.61373519897461,20.365663528442383,20.53727149963379,20.5139274597168,92613843,0.0,0.0
2013-05-01,20.5046443939209,20.54100608825684,20.332788467407227,20.434158325195312,20.410932540893555,58418148,0.0,0.0
2013-05-02,20.425939559936523,20.785839080810547,20.39978790283203,20.66280174255371,20.639314651489254,81034603,0.0,0.0
2013-05-03,20.84586524963379,21.09094619750977,20.82195472717285,21.06404685974121,21.04010391235352,100880714,0.0,0.0
2013-05-06,21.127309799194336,21.465791702270508,21.127309799194336,21.45831871032715,21.433927536010746,85973045,0.0,0.0
2013-05-07,21.49468231201172,21.516101837158203,21.187334060668945,21.35072135925293,21.326452255249023,78653713,0.0,0.0
2013-05-08,21.344993591308597,21.765417098999023,21.243125915527344,21.759191513061523,21.734458923339844,99102072,0.0,0.0
2013-05-09,21.689701080322266,21.90937805175781,21.62469482421875,21.705642700195312,21.680971145629883,88353936,0.0,0.0
2013-05-10,21.801034927368164,21.93129539489746,21.72257804870605,21.92357444763184,21.89865493774414,76192522,0.0,0.0
2013-05-13,21.890199661254883,21.979366302490234,21.752965927124023,21.85632705688477,21.831483840942383,58157173,0.0,0.0
2013-05-14,21.855579376220703,22.13428497314453,21.846614837646484,22.09468460083008,22.06957054138184,63408784,0.0,0.0
2013-05-15,22.30389976501465,22.823949813842773,22.267038345336918,22.81174659729004,22.785818099975582,160033605,0.0,0.0
2013-05-16,22.889205932617188,22.91361427307129,22.466041564941406,22.51236724853516,22.486778259277344,128865215,0.0,0.0
2013-05-17,22.66554450988769,22.75197029113769,22.428930282592773,22.64462280273437,22.61888313293457,112098604,0.0,0.0
2013-05-20,22.540512084960938,22.92905616760254,22.540512084960938,22.628433227539062,22.602712631225582,91248746,0.0,0.0
2013-05-21,22.61573028564453,22.70639038085937,22.35645294189453,22.58957862854004,22.56390190124512,79617311,0.0,0.0
2013-05-22,22.479740142822266,22.647859573364254,22.089204788208008,22.152467727661133,22.12728881835937,102807910,0.0,0.0
2013-05-23,21.84312629699707,22.165916442871094,21.768407821655277,21.987335205078125,21.962343215942383,91345105,0.0,0.0
2013-05-24,21.799789428710938,21.88845634460449,21.69393539428711,21.7514705657959,21.72674560546875,92216359,0.0,0.0
2013-05-28,22.00502014160156,22.220212936401367,21.92780876159668,21.949478149414062,21.92452812194824,90638467,0.0,0.0
2013-05-29,21.810997009277344,21.86778450012207,21.52656364440918,21.62668800354004,21.60210609436035,80837869,0.0,0.0
2013-05-30,21.66678810119629,21.89044952392578,21.579364776611328,21.68770980834961,21.663057327270508,85145956,0.0,0.0
2013-05-31,21.62195587158203,21.84312629699707,21.607011795043945,21.69916534423828,21.674501419067383,79071272,0.0,0.0
2013-06-03,21.74349975585937,21.767658233642575,21.295679092407227,21.609750747680664,21.585187911987305,99399181,0.0,0.0
2013-06-04,21.61523056030273,21.68347549438477,21.272016525268555,21.39729881286621,21.37297821044922,75024159,0.0,0.0
2013-06-05,21.48222923278809,21.65508079528809,21.34823226928711,21.412242889404297,21.38790512084961,84587872,0.0,0.0
2013-06-06,21.526811599731445,21.577373504638672,21.10140609741211,21.535280227661133,21.510801315307617,103550684,0.0,0.0
2013-06-07,21.67924118041992,21.9178466796875,21.552217483520508,21.911121368408203,21.886215209960938,107385002,0.0,0.0
2013-06-10,21.970149993896484,22.19182014465332,21.92008781433105,22.17239189147949,22.14719009399414,93862506,0.0,0.0
2013-06-11,22.016725540161133,22.092193603515625,21.90589141845703,21.91311454772949,21.888206481933597,70567517,0.0,0.0
2013-06-12,22.05383682250977,22.067285537719727,21.660062789916992,21.718095779418945,21.693408966064453,88522565,0.0,0.0
2013-06-13,21.64337539672852,21.90937805175781,21.556699752807617,21.84312629699707,21.81829833984375,83106340,0.0,0.0
2013-06-14,21.920337677001957,22.03490829467773,21.77164459228516,21.794309616088867,21.7695369720459,90136592,0.0,0.0
2013-06-17,21.89866828918457,22.1527156829834,21.87500762939453,22.07351303100586,22.048423767089844,86173794,0.0,0.0
2013-06-18,22.133289337158203,22.44088554382324,22.125816345214844,22.431421279907227,22.40592384338379,87000883,0.0,0.0
2013-06-19,22.450101852416992,22.68596649169922,22.35371208190918,22.43291664123535,22.40741729736328,117073180,0.0,0.0
2013-06-20,22.26629066467285,22.44088554382324,22.000288009643555,22.035903930664062,22.01085662841797,135385563,0.0,0.0
2013-06-21,22.125568389892575,22.163923263549805,21.74524307250977,21.94100952148437,21.91607093811035,159889066,0.0,0.0
2013-06-24,21.71560478210449,21.826190948486328,21.500659942626957,21.663549423217773,21.638925552368164,121128323,0.0,0.0
2013-06-25,21.84960174560547,21.909875869750977,21.53204345703125,21.57413482666016,21.54961204528809,102510801,0.0,0.0
2013-06-26,21.76218032836914,21.868032455444336,21.6829776763916,21.759689331054688,21.734956741333008,73530581,0.0,0.0
2013-06-27,21.887958526611328,22.03465843200684,21.83440971374512,21.84486961364746,21.820039749145508,77348840,0.0,0.0
2013-06-28,21.79082298278809,21.96367454528809,21.77313995361328,21.927061080932617,21.902137756347656,94324230,0.0,0.0
2013-07-01,22.078493118286133,22.218719482421875,22.04237937927246,22.114110946655277,22.08897399902344,69250599,0.0,0.0
2013-07-02,22.171894073486328,22.19182014465332,21.849851608276367,21.97538185119629,21.950403213500977,75943592,0.0,0.0
2013-07-03,21.915355682373047,22.146240234375,21.8804874420166,22.07799530029297,22.05290031433105,42036977,0.0,0.0
2013-07-05,22.16716194152832,22.301658630371094,22.10066032409668,22.25383758544922,22.22854232788086,68331166,0.0,0.0
2013-07-08,22.396303176879883,22.5721435546875,22.34325218200684,22.54275321960449,22.51712989807129,79075287,0.0,0.0
2013-07-09,22.6899528503418,22.7385196685791,22.36566734313965,22.54648971557617,22.520862579345703,79472771,0.0,0.0
2013-07-10,22.50190734863281,22.693439483642575,22.425443649291992,22.565170288085938,22.539522171020508,68592140,0.0,0.0
2013-07-11,22.739765167236328,22.93428611755371,22.628183364868164,22.920089721679688,22.8940372467041,103755449,0.0,0.0
2013-07-12,22.914112091064453,22.988832473754883,22.795557022094727,22.988832473754883,22.96270179748535,103113050,0.0,0.0
2013-07-15,23.021211624145508,23.113365173339844,22.82345199584961,23.03092384338379,23.00474548339844,78713937,0.0,0.0
2013-07-16,23.091697692871094,23.11261749267578,22.762182235717773,22.90439987182617,22.87836456298828,79617311,0.0,0.0
2013-07-17,22.93901824951172,23.0849723815918,22.82195854187012,22.87799835205078,22.851993560791016,60469809,0.0,0.0
2013-07-18,22.88895606994629,22.914112091064453,22.49543190002441,22.681982040405277,22.656200408935547,145924920,0.0,0.0
2013-07-19,22.08247947692871,22.48945426940918,21.80850601196289,22.331296920776367,22.3059139251709,295475379,0.0,0.0
2013-07-22,22.46579360961914,22.73154640197754,22.341259002685547,22.68247985839844,22.65669822692871,116563276,0.0,0.0
2013-07-23,22.68247985839844,22.739765167236328,22.40526962280273,22.5106258392334,22.48503875732422,82134711,0.0,0.0
2013-07-24,22.5968017578125,22.672517776489254,22.43341445922852,22.488208770751957,22.462646484375,83451629,0.0,0.0
2013-07-25,22.263301849365234,22.337522506713867,22.069278717041016,22.109628677368164,22.084497451782227,120493954,0.0,0.0
2013-07-26,22.091943740844727,22.16666412353516,21.967660903930664,22.051097869873047,22.026033401489254,71374530,0.0,0.0
2013-07-29,22.039888381958008,22.286962509155277,21.940013885498047,21.974384307861328,21.94940757751465,75959652,0.0,0.0
2013-07-30,22.05383682250977,22.306638717651367,21.93951416015625,22.18982696533203,22.16460418701172,70487217,0.0,0.0
2013-07-31,22.241384506225582,22.32905578613281,22.07176971435547,22.11087226867676,22.085739135742188,87265872,0.0,0.0
2013-08-01,22.291446685791016,22.52930450439453,22.291446685791016,22.521085739135746,22.49548721313477,85856610,0.0,0.0
2013-08-02,22.501657485961918,22.5903263092041,22.436403274536133,22.57961654663086,22.55395126342773,68812965,0.0,0.0
2013-08-05,22.55022621154785,22.553464889526367,22.396053314208984,22.540512084960938,22.514890670776367,52584363,0.0,0.0
2013-08-06,22.532791137695312,22.65782356262207,22.309627532958984,22.330549240112305,22.30516624450684,60469809,0.0,0.0
2013-08-07,22.292442321777344,22.37737464904785,22.14424705505371,22.18310165405273,22.157886505126957,55374783,0.0,0.0
2013-08-08,22.30364990234375,22.312368392944336,22.04960250854492,22.2331657409668,22.20789337158203,59743096,0.0,0.0
2013-08-09,22.18086051940918,22.30439758300781,22.166912078857425,22.177125930786133,22.151918411254883,53146462,0.0,0.0
2013-08-12,22.08970260620117,22.092193603515625,21.95894241333008,22.055082321166992,22.030014038085938,55286453,0.0,0.0
2013-08-13,22.08795928955078,22.129552841186523,21.82320022583008,21.9489803314209,21.92403221130371,57004870,0.0,0.0
2013-08-14,21.87724876403809,21.92357444763184,21.598045349121094,21.664047241210938,21.639423370361328,83600184,0.0,0.0
2013-08-15,21.530298233032227,21.54225349426269,21.36989974975586,21.411245346069336,21.38690757751465,75048249,0.0,0.0
2013-08-16,21.45159339904785,21.48048591613769,21.33353614807129,21.34275245666504,21.318492889404297,67255147,0.0,0.0
2013-08-19,21.3626766204834,21.71859359741211,21.356201171875,21.560436248779297,21.53592872619629,72707508,0.0,0.0
2013-08-20,21.627683639526367,21.721332550048828,21.50788307189941,21.55470848083496,21.530208587646484,49504863,0.0,0.0
2013-08-21,21.684968948364254,21.84088516235352,21.58160781860352,21.6520938873291,21.62748336791992,70555472,0.0,0.0
2013-08-22,21.73602867126465,21.787086486816406,21.67500686645508,21.76118469238281,21.7364501953125,34926424,0.0,0.0
2013-08-23,21.86379814147949,21.868032455444336,21.662553787231445,21.67400932312012,21.64937400817871,43245489,0.0,0.0
2013-08-26,21.668779373168945,21.79082298278809,21.57039833068848,21.578866958618164,21.554338455200195,42257801,0.0,0.0
2013-08-27,21.410249710083008,21.512615203857425,21.118343353271484,21.17438316345215,21.150314331054688,69623993,0.0,0.0
2013-08-28,21.1768741607666,21.305391311645508,21.11510467529297,21.1345329284668,21.110509872436523,53395392,0.0,0.0
2013-08-29,21.147483825683597,21.42917823791504,21.135528564453125,21.305889129638672,21.28167152404785,59361671,0.0,0.0
2013-08-30,21.314109802246094,21.37089729309082,21.060062408447266,21.09343719482422,21.06946182250977,74743109,0.0,0.0
2013-09-03,21.279239654541016,21.57388687133789,21.269027709960938,21.42917823791504,21.404821395874023,82210996,0.0,0.0
2013-09-04,21.428430557250977,21.755952835083008,21.299415588378903,21.70937728881836,21.684701919555664,81954037,0.0,0.0
2013-09-05,21.755952835083008,21.914857864379883,21.708879470825195,21.90688705444336,21.881986618041992,51845604,0.0,0.0
2013-09-06,21.97861862182617,22.011993408203125,21.76193046569824,21.90738677978516,21.88248634338379,62698130,0.0,0.0
2013-09-09,22.0107479095459,22.16068649291992,21.978120803833008,22.11834526062012,22.093204498291016,49569103,0.0,0.0
2013-09-10,22.16741180419922,22.216726303100582,22.017473220825195,22.133787155151367,22.10862922668457,51697050,0.0,0.0
2013-09-11,22.13054847717285,22.340511322021484,22.069278717041016,22.32108497619629,22.295713424682617,64665477,0.0,0.0
2013-09-12,22.351221084594727,22.36367416381836,22.16716194152832,22.243127822875977,22.21784400939941,43984248,0.0,0.0
2013-09-13,22.278993606567383,22.30838394165039,22.03839492797852,22.143749237060547,22.118579864501957,53214717,0.0,0.0
2013-09-16,22.321334838867188,22.341259002685547,22.039142608642575,22.111122131347656,22.08598899841309,53660381,0.0,0.0
2013-09-17,22.102405548095703,22.126813888549805,21.94275283813477,22.07002639770508,22.044940948486328,50564822,0.0,0.0
2013-09-18,22.076004028320312,22.51485824584961,21.99431037902832,22.498668670654297,22.473094940185547,77678069,0.0,0.0
2013-09-19,22.565170288085938,22.565170288085938,22.301408767700195,22.375879287719727,22.35044479370117,64155573,0.0,0.0
2013-09-20,22.375879287719727,22.518844604492188,22.306888580322266,22.493438720703125,22.467870712280277,174463490,0.0,0.0
2013-09-23,22.32008934020996,22.455581665039062,22.047361373901367,22.079740524291992,22.054643630981445,71362485,0.0,0.0
2013-09-24,22.079740524291992,22.169403076171875,21.952716827392575,22.088207244873047,22.063100814819336,59694916,0.0,0.0
2013-09-25,22.080984115600582,22.080984115600582,21.808256149291992,21.848854064941406,21.824018478393555,66207234,0.0,0.0
2013-09-26,21.87550544738769,21.9863395690918,21.793312072753903,21.87226676940918,21.84740447998047,50584897,0.0,0.0
2013-09-27,21.7888298034668,21.856077194213867,21.70140838623047,21.82793426513672,21.803123474121094,50540732,0.0,0.0
2013-09-30,21.64586639404297,21.93876838684082,21.62668800354004,21.815977096557617,21.791179656982425,69154239,0.0,0.0
2013-10-01,21.924072265625,22.10887908935547,21.919092178344727,22.092193603515625,22.067081451416016,67644602,0.0,0.0
2013-10-02,21.985841751098636,22.150972366333008,21.863550186157227,22.116851806640625,22.09171295166016,60036190,0.0,0.0
2013-10-03,22.11709976196289,22.26902961730957,21.72108459472656,21.82046127319336,21.795658111572266,84997401,0.0,0.0
2013-10-04,21.793312072753903,21.8558292388916,21.668779373168945,21.727310180664062,21.702613830566406,54523605,0.0,0.0
2013-10-07,21.605268478393555,21.76815795898437,21.52207946777344,21.56267738342285,21.53816795349121,51937949,0.0,0.0
2013-10-08,21.552217483520508,21.56865501403809,21.211244583129883,21.26205444335937,21.237886428833008,78039419,0.0,0.0
2013-10-09,21.32706069946289,21.485715866088867,20.99580383300781,21.316600799560547,21.29237174987793,106449509,0.0,0.0
2013-10-10,21.51535415649414,21.63963890075684,21.424943923950195,21.62494468688965,21.600364685058597,90550137,0.0,0.0
2013-10-11,21.569900512695312,21.755455017089844,21.551719665527344,21.71834373474121,21.69365692138672,56567236,0.0,0.0
2013-10-14,21.58559226989746,21.824447631835938,21.5539608001709,21.820959091186523,21.79615592956543,49930453,0.0,0.0
2013-10-15,21.81224250793457,22.05807113647461,21.768407821655277,21.96790885925293,21.94293785095215,63914673,0.0,0.0
2013-10-16,22.064048767089844,22.374385833740234,22.01772117614746,22.366912841796875,22.34148979187012,80604999,0.0,0.0
2013-10-17,22.241384506225582,22.338769912719727,22.060562133789062,22.136775970458984,22.11161422729492,170902191,0.0,0.0
2013-10-18,24.32332992553711,25.29170036315918,24.259071350097656,25.190828323364254,25.16219520568848,464390148,0.0,0.0
2013-10-21,25.192073822021484,25.37986946105957,24.895435333251957,24.98883628845215,24.960432052612305,145675990,0.0,0.0
2013-10-22,25.031177520751957,25.230430603027344,24.80178642272949,25.080989837646484,25.05248069763184,88675135,0.0,0.0
2013-10-23,24.931549072265625,25.77215003967285,24.922334671020508,25.68896102905273,25.659761428833008,106927293,0.0,0.0
2013-10-24,25.70041847229004,25.91710662841797,25.524328231811523,25.54300880432129,25.513975143432617,83997668,0.0,0.0
2013-10-25,25.624452590942383,25.624452590942383,25.17414093017578,25.28522491455078,25.25648498535156,81524432,0.0,0.0
2013-10-28,25.28522491455078,25.490205764770508,25.230180740356445,25.280242919921875,25.251508712768555,46521724,0.0,0.0
2013-10-29,25.382360458374023,25.82669448852539,25.242883682250977,25.809261322021484,25.779924392700195,64440637,0.0,0.0
2013-10-30,25.83889961242676,25.840892791748047,25.55421638488769,25.664304733276367,25.635133743286133,53162522,0.0,0.0
2013-10-31,25.62719345092773,25.940767288208008,25.5036563873291,25.668289184570312,25.63911247253418,65845885,0.0,0.0
2013-11-01,25.69842529296875,25.80328369140625,25.531801223754883,25.58011817932129,25.55104255676269,51524405,0.0,0.0
2013-11-04,25.69120216369629,25.712871551513672,25.455337524414062,25.55695533752441,25.52790641784668,45722740,0.0,0.0
2013-11-05,25.413494110107425,25.69493865966797,25.340518951416016,25.44263458251953,25.413715362548828,47433127,0.0,0.0
2013-11-06,25.54425430297852,25.57912254333496,25.289459228515625,25.47327041625977,25.444316864013672,36652871,0.0,0.0
2013-11-07,25.469783782958984,25.502660751342773,25.09693145751953,25.10465240478516,25.07611656188965,67435822,0.0,0.0
2013-11-08,25.12457656860352,25.367416381835938,25.118349075317383,25.305896759033203,25.27713203430176,51825529,0.0,0.0
2013-11-11,25.143505096435547,25.303407669067383,25.105897903442383,25.1704044342041,25.141794204711918,44670812,0.0,0.0
2013-11-12,25.098424911499023,25.344003677368164,25.031177520751957,25.200044631958008,25.17140007019043,48906630,0.0,0.0
2013-11-13,25.074764251708984,25.72482681274414,25.06853675842285,25.715362548828125,25.686132431030277,63412799,0.0,0.0
2013-11-14,25.7514762878418,25.89668273925781,25.662559509277344,25.78410530090332,25.754796981811523,46842923,0.0,0.0
2013-11-15,25.77513885498047,25.85309600830078,25.661563873291016,25.742511749267575,25.7132511138916,51243355,0.0,0.0
2013-11-18,25.79705619812012,26.120594024658203,25.63491439819336,25.69244766235352,25.663244247436523,70651832,0.0,0.0
2013-11-19,25.696683883666992,25.77215003967285,25.48074150085449,25.534290313720703,25.505266189575195,45433661,0.0,0.0
2013-11-20,25.652597427368164,25.737529754638672,25.413742065429688,25.462310791015625,25.433368682861328,38692487,0.0,0.0
2013-11-21,25.57912254333496,25.860816955566406,25.55421638488769,25.75521278381348,25.72593879699707,43835693,0.0,0.0
2013-11-22,25.739023208618164,25.80751609802246,25.634416580200195,25.700916290283203,25.671703338623047,50356042,0.0,0.0
2013-11-25,25.83217430114746,26.231428146362305,25.77887344360352,26.05060577392578,26.020994186401367,64761837,0.0,0.0
2013-11-26,26.117107391357425,26.43840217590332,25.97613525390625,26.361440658569336,26.33147621154785,91794785,0.0,0.0
2013-11-27,26.451602935791016,26.60029602050781,26.401042938232425,26.47850227355957,26.44840431213379,45112461,0.0,0.0
2013-11-29,26.45484161376953,26.5659236907959,26.38734436035156,26.390830993652344,26.3608341217041,47890836,0.0,0.0
2013-12-02,26.48846435546875,26.559200286865234,26.1709041595459,26.26355743408203,26.233705520629883,55133884,0.0,0.0
2013-12-03,26.175636291503903,26.48672103881836,26.12756729125977,26.23317146301269,26.203353881835938,67295297,0.0,0.0
2013-12-04,26.186098098754883,26.500171661376957,26.151975631713867,26.355712890625,26.325756072998047,47842656,0.0,0.0
2013-12-05,26.3313045501709,26.39257431030273,26.17912483215332,26.33479118347168,26.30485725402832,45517975,0.0,0.0
2013-12-06,26.64487838745117,26.650108337402344,26.40303421020508,26.64687156677246,26.6165828704834,57366220,0.0,0.0
2013-12-09,26.674766540527344,26.956710815429688,26.600793838500977,26.85284805297852,26.822324752807617,59526286,0.0,0.0
2013-12-10,26.803285598754883,27.20577621459961,26.790830612182617,27.01523971557617,26.984533309936523,74433955,0.0,0.0
2013-12-11,27.083484649658203,27.18111801147461,26.77887535095215,26.83167839050293,26.801179885864254,68728650,0.0,0.0
2013-12-12,26.888465881347656,26.972400665283203,26.62520217895508,26.649112701416016,26.61882209777832,64099363,0.0,0.0
2013-12-13,26.78460502624512,26.806772232055664,26.34848976135254,26.42071914672852,26.390687942504883,86820208,0.0,0.0
2013-12-16,26.50066947937012,26.76692008972168,26.45110511779785,26.72433090209961,26.69395446777344,64320188,0.0,0.0
2013-12-17,26.720346450805664,26.91810417175293,26.609760284423828,26.64662170410156,26.6163330078125,61658247,0.0,0.0
2013-12-18,26.696186065673828,27.022462844848636,26.377132415771484,27.01748275756836,26.986772537231445,88743390,0.0,0.0
2013-12-19,26.918352127075195,27.19780540466309,26.87626075744629,27.054094314575195,27.02334213256836,66877738,0.0,0.0
2013-12-20,27.105899810791016,27.426448822021484,27.09842872619629,27.412750244140625,27.381591796875,130953011,0.0,0.0
2013-12-23,27.592575073242188,27.79083251953125,27.524829864501957,27.77339744567871,27.74182891845703,69122119,0.0,0.0
2013-12-24,27.770160675048828,27.77688407897949,27.59905242919922,27.69220352172852,27.66072654724121,29478078,0.0,0.0
2013-12-26,27.74625015258789,27.870534896850582,27.613746643066406,27.832178115844727,27.8005428314209,53712576,0.0,0.0
2013-12-27,27.89544105529785,27.90241432189941,27.719600677490234,27.8555908203125,27.82392883300781,63023345,0.0,0.0
2013-12-30,27.90390968322754,27.907894134521484,27.621965408325195,27.632925033569336,27.60151672363281,49629328,0.0,0.0
2013-12-31,27.70216560363769,27.92034721374512,27.553224563598636,27.913124084472656,27.881397247314453,54519590,0.0,0.0
2014-01-02,27.782365798950195,27.839401245117188,27.603036880493164,27.724082946777344,27.692569732666016,73129082,0.0,0.0
2014-01-03,27.77090835571289,27.81897735595703,27.520097732543945,27.521841049194336,27.490558624267575,66917888,0.0,0.0
2014-01-06,27.721343994140625,27.86704635620117,27.557706832885746,27.828691482543945,27.797060012817383,71037271,0.0,0.0
2014-01-07,28.01997375488281,28.385852813720703,27.92433357238769,28.36517906188965,28.332937240600582,102486711,0.0,0.0
2014-01-08,28.543014526367188,28.575891494750977,28.226449966430664,28.42420959472656,28.39190101623535,90036218,0.0,0.0
2014-01-09,28.4792537689209,28.498680114746094,28.03392219543457,28.150484085083008,28.118486404418945,83692529,0.0,0.0
2014-01-10,28.37066078186035,28.37066078186035,27.95148086547852,28.14899063110352,28.11699485778809,86061375,0.0,0.0
2014-01-13,28.05658721923828,28.5656795501709,27.824954986572266,27.96966361999512,27.9378719329834,97118665,0.0,0.0
2014-01-14,28.34251594543457,28.66754722595215,28.0969352722168,28.627695083618164,28.595155715942383,99676216,0.0,0.0
2014-01-15,28.71711158752441,28.767173767089844,28.48797035217285,28.60826873779297,28.57575035095215,78300393,0.0,0.0
2014-01-16,28.62022399902344,28.840150833129883,28.59282684326172,28.79755973815918,28.76482582092285,67608467,0.0,0.0
2014-01-17,28.813251495361328,28.907398223876957,28.49818229675293,28.655841827392575,28.62327003479004,108457005,0.0,0.0
2014-01-21,28.91486930847168,28.9913330078125,28.675018310546875,28.983861923217773,28.950916290283203,79492846,0.0,0.0
2014-01-22,29.056339263916016,29.08822059631348,28.86331367492676,29.01673889160156,28.98375701904297,63091600,0.0,0.0
2014-01-23,28.891706466674805,28.953723907470703,28.75148200988769,28.894197463989254,28.86135482788086,78256228,0.0,0.0
2014-01-24,28.66779518127441,28.73105812072754,27.97016143798828,27.990833282470703,27.95901679992676,156283602,0.0,0.0
2014-01-27,28.047372817993164,28.057334899902344,26.955713272094727,27.427942276000977,27.396766662597656,174796734,0.0,0.0
2014-01-28,27.65434455871582,28.038654327392575,27.644880294799805,27.970409393310547,27.938615798950195,88739375,0.0,0.0
2014-01-29,27.873523712158203,27.939027786254883,27.382862091064453,27.56966209411621,27.5383243560791,95552818,0.0,0.0
2014-01-30,28.51810646057129,28.70465850830078,28.07601356506348,28.27875328063965,28.24661064147949,204419353,0.0,0.0
2014-01-31,29.174396514892575,29.5527286529541,28.670785903930664,29.41399955749512,29.380565643310547,223486554,0.0,0.0
2014-02-03,29.36991310119629,29.43267822265625,28.19457054138184,28.229936599731445,28.19784927368164,183449044,0.0,0.0
2014-02-04,28.3435115814209,28.767173767089844,28.3191032409668,28.347745895385746,28.31552505493164,112897588,0.0,0.0
2014-02-05,28.477758407592773,28.66181755065918,28.095191955566406,28.47327423095703,28.44091033935547,96139007,0.0,0.0
2014-02-06,28.670785903930664,28.895692825317383,28.581619262695312,28.89071083068848,28.857872009277344,78155853,0.0,0.0
2014-02-07,29.081743240356445,29.337535858154297,28.90565490722656,29.326078414916992,29.292743682861328,105843245,0.0,0.0
2014-02-10,29.185604095458984,29.449615478515625,29.116365432739254,29.2137508392334,29.180543899536133,78099643,0.0,0.0
2014-02-11,29.394073486328125,29.685482025146484,29.19581794738769,29.643388748168945,29.60969352722168,82339476,0.0,0.0
2014-02-12,29.613998413085938,29.63890647888184,29.424211502075195,29.55646514892578,29.522869110107425,69238554,0.0,0.0
2014-02-13,29.408519744873047,29.885482788085938,29.381370544433597,29.885482788085938,29.851512908935547,73731331,0.0,0.0
2014-02-14,29.77863121032715,29.997312545776367,29.70864486694336,29.95771026611328,29.92365837097168,87795852,0.0,0.0
2014-02-18,29.92309188842773,30.208520889282227,29.88797378540039,30.15895652770996,30.124675750732425,84672187,0.0,0.0
2014-02-19,30.01997756958008,30.11761283874512,29.825706481933597,29.94625473022461,29.91221618652344,84459392,0.0,0.0
2014-02-20,29.96617889404297,30.059579849243164,29.893451690673828,29.990339279174805,29.95625114440918,68287001,0.0,0.0
2014-02-21,30.08249282836914,30.1338005065918,29.95870780944824,29.98236846923828,29.948287963867188,74771214,0.0,0.0
2014-02-24,30.021472930908203,30.39009094238281,30.01499557495117,30.19955444335937,30.16522789001465,67223027,0.0,0.0
2014-02-25,30.284984588623047,30.49818420410156,30.147499084472656,30.386104583740234,30.351566314697266,57763704,0.0,0.0
2014-02-26,30.48573112487793,30.607276916503903,30.230688095092773,30.39034080505371,30.355796813964844,79585191,0.0,0.0
2014-02-27,30.346006393432617,30.4914608001709,30.311634063720703,30.36642837524414,30.33191299438477,50588912,0.0,0.0
2014-02-28,30.39457321166992,30.490463256835938,30.042892456054688,30.277761459350582,30.24334526062012,92890878,0.0,0.0
2014-03-03,30.05609130859375,30.083240509033203,29.69220542907715,29.95497131347656,29.920923233032227,84507572,0.0,0.0
2014-03-04,30.261571884155277,30.28647994995117,30.12458610534668,30.25933074951172,30.22493553161621,58928052,0.0,0.0
2014-03-05,30.2628173828125,30.462818145751957,30.172157287597656,30.3427677154541,30.308279037475582,49597208,0.0,0.0
2014-03-06,30.44289207458496,30.539281845092773,30.35123634338379,30.376392364501957,30.34186553955078,50914126,0.0,0.0
2014-03-07,30.55547142028809,30.560203552246094,30.17290496826172,30.2563419342041,30.22195053100586,60831159,0.0,0.0
2014-03-10,30.278757095336918,30.32732582092285,29.98984146118164,30.1761417388916,30.14184188842773,48766105,0.0,0.0
2014-03-11,30.23093605041504,30.24463653564453,29.80428504943848,29.88772392272949,29.85375213623047,68776830,0.0,0.0
2014-03-12,29.798309326171875,30.0834903717041,29.494199752807617,30.06979179382324,30.03561210632324,78866507,0.0,0.0
2014-03-13,30.08597946166992,30.149492263793945,29.508394241333008,29.615493774414062,29.581830978393555,94175675,0.0,0.0
2014-03-14,29.439403533935547,29.66057586669922,29.203786849975582,29.210512161254883,29.177309036254883,92099924,0.0,0.0
2014-03-17,29.37116050720215,29.81499671936035,29.34276580810547,29.69120979309082,29.65746116638184,86808163,0.0,0.0
2014-03-18,29.755220413208008,30.175146102905277,29.71512031555176,30.168420791625977,30.134130477905277,72872123,0.0,0.0
2014-03-19,30.18187141418457,30.186603546142575,29.748743057250977,29.869293212890625,29.83534240722656,64757822,0.0,0.0
2014-03-20,29.88672637939453,30.1273250579834,29.77240562438965,29.817237854003903,29.78334617614746,67640587,0.0,0.0
2014-03-21,30.04513359069824,30.127824783325195,29.45086097717285,29.46555519104004,29.43206214904785,128821050,0.0,0.0
2014-03-24,29.494199752807617,29.511882781982425,28.541767120361328,28.840150833129883,28.80736923217773,121939352,0.0,0.0
2014-03-25,29.041147232055664,29.13678741455078,28.567920684814453,28.859825134277344,28.8270206451416,96769361,0.0,0.0
2014-03-26,28.941768646240234,29.17987632751465,28.181867599487305,28.193574905395508,28.161527633666992,103586819,0.0,0.0
2014-03-27,28.322240829467773,28.322240829467773,27.5703067779541,27.846546173095703,27.81489372253418,262719,0.0,2.002
2014-03-28,27.98317146301269,28.243955612182617,27.85701942443848,27.92283821105957,27.89109992980957,824257,0.0,0.0
2014-03-31,28.26689338684082,28.27237892150879,27.7702579498291,27.77225112915039,27.74068260192871,216593,0.0,0.0
2014-04-01,27.85901260375977,28.34468078613281,27.85901260375977,28.28035545349121,28.248210906982425,158434,0.0,0.0
2014-04-02,29.91736221313477,30.15869903564453,28.03253746032715,28.27237892150879,28.24024200439453,2942055,0.0,0.0
2014-04-03,28.41448783874512,29.283601760864254,28.129270553588867,28.40900230407715,28.376710891723636,101983228,0.0,0.0
2014-04-04,28.653831481933597,28.809404373168945,27.075664520263672,27.08264541625977,27.05186080932617,127386783,0.0,0.0
2014-04-07,26.96297264099121,27.348913192749023,26.28533363342285,26.83382797241211,26.803327560424805,88033033,0.0,0.0
2014-04-08,27.05571937561035,27.674020767211918,27.0063533782959,27.669034957885746,27.637584686279297,63024560,0.0,0.0
2014-04-09,27.90438842773437,28.19110107421875,27.571802139282227,28.129770278930664,28.097795486450195,66616395,0.0,0.0
2014-04-10,28.172651290893555,28.172651290893555,26.92108726501465,26.97344398498535,26.942785263061523,80737057,0.0,0.0
2014-04-11,26.554594039916992,26.92607307434082,26.254417419433597,26.45736122131348,26.42728805541992,78496923,0.0,0.0
2014-04-14,26.83881378173828,27.130512237548828,26.40550422668457,26.553098678588867,26.52291679382324,51501009,0.0,0.0
2014-04-15,26.76750946044922,26.848787307739254,25.852022171020508,26.74856185913086,26.718158721923828,77101101,0.0,0.0
2014-04-16,27.075664520263672,27.77374649047852,26.92607307434082,27.750810623168945,27.71926689147949,97865955,0.0,0.0
2014-04-17,27.365367889404297,27.3997745513916,26.48478507995605,26.73160743713379,26.70122337341309,136190888,0.0,0.0
2014-04-21,26.73160743713379,26.76152610778809,26.208045959472656,26.358631134033203,26.328670501708984,51334553,0.0,0.0
2014-04-22,26.3596305847168,26.787954330444336,26.30328369140625,26.667285919189453,26.6369743347168,47307527,0.0,0.0
2014-04-23,26.616424560546875,26.62041473388672,26.24045753479004,26.27486228942871,26.244997024536133,41046384,0.0,0.0
2014-04-24,26.43093490600586,26.50971794128418,26.034521102905277,26.18610572814941,26.15634155273437,37663121,0.0,0.0
2014-04-25,26.05396842956543,26.163169860839844,25.700439453125,25.73833465576172,25.70907974243164,42007014,0.0,0.0
2014-04-28,25.788198471069336,25.8590030670166,25.0711669921875,25.78670310974121,25.75739288330078,66710653,0.0,0.0
2014-04-29,25.77423667907715,26.40051651000977,25.74531555175781,26.31275749206543,26.282848358154297,53981801,0.0,0.0
2014-04-30,26.307771682739254,26.327716827392575,26.054466247558597,26.260900497436523,26.231050491333008,35023895,0.0,0.0
2014-05-01,26.28333854675293,26.57354164123535,26.12228012084961,26.49475860595703,26.464643478393555,38110345,0.0,0.0
2014-05-02,26.61492919921875,26.626895904541016,26.20854377746582,26.32422637939453,26.29430389404297,33770463,0.0,0.0
2014-05-05,26.169153213500977,26.372594833374023,25.994632720947266,26.3182430267334,26.288328170776367,20482080,0.0,0.0
2014-05-06,26.18959617614746,26.26837921142578,25.6824893951416,25.68647766113281,25.65727996826172,33780490,0.0,0.0
2014-05-07,25.718889236450195,25.763267517089844,25.096099853515625,25.428186416625977,25.399282455444336,64486563,0.0,0.0
2014-05-08,25.353391647338867,25.790691375732425,25.25316619873047,25.48004531860352,25.451082229614254,40426688,0.0,0.0
2014-05-09,25.467578887939453,25.923826217651367,25.14097595214844,25.86548614501953,25.83608627319336,48789585,0.0,0.0
2014-05-12,26.103832244873047,26.43691635131836,25.87944793701172,26.42345428466797,26.39341926574707,38250730,0.0,0.0
2014-05-13,26.47182273864746,26.730112075805664,26.403011322021484,26.581520080566406,26.551305770874023,33068541,0.0,0.0
2014-05-14,26.5770320892334,26.5770320892334,26.192588806152344,26.26040267944336,26.230552673339844,23835261,0.0,0.0
2014-05-15,26.213031768798828,26.22150993347168,25.8001651763916,25.927814483642575,25.898344039916992,34087331,0.0,0.0
2014-05-16,25.99812126159668,26.0185661315918,25.70143699645996,25.96022605895996,25.93071746826172,29705333,0.0,0.0
2014-05-19,25.913854598999023,26.416473388671875,25.808292388916016,26.3705997467041,26.340625762939453,25555972,0.0,0.0
2014-05-20,26.414478302001957,26.73809051513672,26.242950439453125,26.41597557067871,26.385950088500977,35695734,0.0,0.0
2014-05-21,26.572046279907227,26.88533592224121,26.522682189941406,26.873220443725582,26.842674255371094,23925508,0.0,0.0
2014-05-22,26.982419967651367,27.30503463745117,26.964967727661133,27.17838287353516,27.14748954772949,32316482,0.0,0.0
2014-05-23,27.2880802154541,27.6062068939209,27.110567092895508,27.559335708618164,27.52800941467285,38643806,0.0,0.0
2014-05-27,27.72388458251953,28.22251510620117,27.64160919189453,28.22002220153809,28.18794631958008,42083223,0.0,0.0
2014-05-28,28.15121078491211,28.31426239013672,27.97319984436035,28.00710678100586,27.97527313232422,33040464,0.0,0.0
2014-05-29,28.090377807617188,28.12278938293457,27.85901260375977,27.927326202392575,27.89558219909668,27082150,0.0,0.0
2014-05-30,27.96322631835937,27.990652084350582,27.719396591186523,27.9178524017334,27.886119842529297,35422988,0.0,0.0
2014-06-02,27.958240509033203,27.968212127685547,27.211790084838867,27.62066650390625,27.58927154541016,28700582,0.0,0.0
2014-06-03,27.474069595336918,27.54138565063477,27.053224563598636,27.17239761352539,27.141511917114254,37332215,0.0,0.0
2014-06-04,27.00086975097656,27.355396270751957,26.863746643066406,27.15843772888184,27.12756729125977,36329469,0.0,0.0
2014-06-05,27.245197296142575,27.671527862548828,27.147964477539062,27.619171142578125,27.587778091430664,33782496,0.0,0.0
2014-06-06,27.826602935791016,27.826602935791016,27.37135124206543,27.740339279174805,27.70880699157715,34735104,0.0,0.0
2014-06-09,27.781227111816406,28.06793975830078,27.725879669189453,28.02904510498047,27.99718475341797,29350361,0.0,0.0
2014-06-10,27.948766708374023,28.10284423828125,27.81862449645996,27.950761795043945,27.918991088867188,27034019,0.0,0.0
2014-06-11,27.823610305786133,27.9173526763916,27.675018310546875,27.86549568176269,27.83382225036621,22002242,0.0,0.0
2014-06-12,27.788705825805664,27.82311248779297,27.347915649414062,27.492021560668945,27.460771560668945,29169867,0.0,0.0
2014-06-13,27.53739547729492,27.539390563964844,27.20331382751465,27.51246452331543,27.48119163513184,24410836,0.0,0.0
2014-06-16,27.387807846069336,27.40575790405273,27.00186538696289,27.139488220214844,27.108640670776367,34051232,0.0,0.0
2014-06-17,27.135498046875,27.19134521484375,26.89266586303711,27.07616233825684,27.045385360717773,28891103,0.0,0.0
2014-06-18,27.16840934753418,27.602218627929688,27.125526428222656,27.592744827270508,27.56138038635254,34835379,0.0,0.0
2014-06-19,27.636125564575195,27.674020767211918,27.35040855407715,27.669034957885746,27.637584686279297,49136535,0.0,0.0
2014-06-20,27.766267776489254,27.80266761779785,27.44425201416016,27.74183464050293,27.710302352905277,90166875,0.0,0.0
2014-06-23,27.68149948120117,28.172651290893555,27.63662338256836,28.17015838623047,28.13813781738281,30736155,0.0,0.0
2014-06-24,28.18212509155273,28.553905487060547,27.97369766235352,28.153703689575195,28.121702194213867,44142862,0.0,0.0
2014-06-25,28.18561553955078,28.918603897094727,28.18362236022949,28.8532829284668,28.820486068725582,39387843,0.0,0.0
2014-06-26,28.970462799072266,29.042762756347656,28.51421356201172,28.72114562988281,28.688499450683597,34839390,0.0,0.0
2014-06-27,28.779985427856445,28.91411590576172,28.611446380615234,28.78297615051269,28.750259399414062,44738493,0.0,0.0
2014-06-30,28.853782653808597,28.89915657043457,28.65881729125977,28.685245513916016,28.65263938903809,26275943,0.0,0.0
2014-07-01,28.836828231811523,29.13999557495117,28.753557205200195,29.053733825683597,29.02070999145508,28959290,0.0,0.0
2014-07-02,29.0876407623291,29.19185447692871,28.94004440307617,29.037029266357425,29.004024505615234,21127848,0.0,0.0
2014-07-03,29.0876407623291,29.170412063598636,28.966472625732425,29.156450271606445,29.123310089111328,14283107,0.0,0.0
2014-07-07,29.108083724975582,29.24121856689453,28.90015411376953,29.03278923034668,28.99978828430176,21292298,0.0,0.0
2014-07-08,28.803918838500977,28.897062301635746,28.229246139526367,28.476318359375,28.44395065307617,38190565,0.0,0.0
2014-07-09,28.500751495361328,28.75704765319824,28.390853881835938,28.725135803222656,28.69248580932617,22335153,0.0,0.0
2014-07-10,28.218027114868164,28.750564575195312,28.17315101623535,28.476816177368164,28.444448471069336,27134293,0.0,0.0
2014-07-11,28.5172061920166,28.96298217773437,28.492773056030277,28.879711151123047,28.84688377380371,32434806,0.0,0.0
2014-07-14,29.050243377685547,29.18038558959961,28.82236862182617,29.16343116760254,29.130281448364254,37081529,0.0,0.0
2014-07-15,29.20681381225586,29.210054397583008,28.749069213867188,29.15894317626953,29.12579917907715,32460877,0.0,0.0
2014-07-16,29.319503784179688,29.339448928833008,29.030296325683597,29.0532341003418,29.02021026611328,27942506,0.0,0.0
2014-07-17,28.89716339111328,28.96996307373047,28.352657318115234,28.60795783996582,28.575439453125,60331186,0.0,0.0
2014-07-18,29.568819046020508,29.758298873901367,29.02032470703125,29.672534942626957,29.63880729675293,80283816,0.0,0.0
2014-07-21,29.50649070739746,29.63862609863281,29.18153190612793,29.39280128479004,29.35939216613769,41242922,0.0,0.0
2014-07-22,29.45513153076172,29.90040779113769,29.449146270751957,29.655580520629883,29.621871948242188,33983045,0.0,0.0
2014-07-23,29.58028793334961,29.81065559387207,29.543886184692383,29.71741104125977,29.683631896972656,24663528,0.0,0.0
2014-07-24,29.740846633911133,29.89292907714844,29.50748634338379,29.586271286010746,29.552640914916992,20702684,0.0,0.0
2014-07-25,29.43917465209961,29.5119743347168,29.271135330200195,29.370363235473636,29.33697891235352,18649061,0.0,0.0
2014-07-28,29.32299423217773,29.543886184692383,29.1575984954834,29.449146270751957,29.415672302246094,19736037,0.0,0.0
2014-07-29,29.35690116882324,29.40427017211914,29.095867156982425,29.20033073425293,29.167139053344727,26997920,0.0,0.0
2014-07-30,29.247201919555664,29.3942985534668,29.12005043029785,29.29058265686035,29.25728988647461,20329662,0.0,0.0
2014-07-31,28.950515747070312,29.102598190307617,28.42196655273437,28.501747131347656,28.469350814819336,42055146,0.0,0.0
2014-08-01,28.441913604736328,28.719152450561523,28.06544685363769,28.22600555419922,28.19392204284668,39105069,0.0,0.0
2014-08-04,28.374099731445312,28.68873405456543,28.127775192260746,28.579036712646484,28.54655265808105,28546159,0.0,0.0
2014-08-05,28.424461364746094,28.52069664001465,28.0534782409668,28.1761417388916,28.144115447998047,31024946,0.0,0.0
2014-08-06,28.01209259033203,28.45687294006348,27.92333602905273,28.24116325378418,28.209062576293945,26687069,0.0,0.0
2014-08-07,28.322240829467773,28.41648292541504,27.978185653686523,28.09087562561035,28.05894660949707,22218835,0.0,0.0
2014-08-08,28.100849151611328,28.43443298339844,27.94078826904297,28.36063575744629,28.328399658203125,29895854,0.0,0.0
2014-08-11,28.42146873474121,28.446399688720703,28.22251510620117,28.31625747680664,28.28407096862793,24294518,0.0,0.0
2014-08-12,28.148717880249023,28.217529296875,27.96721649169922,28.05946350097656,28.027568817138672,30840441,0.0,0.0
2014-08-13,28.2878360748291,28.671283721923828,28.21004867553711,28.66031265258789,28.627735137939453,28784812,0.0,0.0
2014-08-14,28.730121612548828,28.81588554382324,28.46584701538086,28.653831481933597,28.621261596679688,19709966,0.0,0.0
2014-08-15,28.81389045715332,28.88968276977539,28.447895050048828,28.59549140930176,28.56298828,30383189,0.0,0.0
2014-08-18,28.72663116455078,29.14548110961914,28.72114562988281,29.028303146362305,28.99530792236328,25682318,0.0,0.0
2014-08-19,29.16991424560547,29.28659439086914,29.12005043029785,29.262659072875977,29.22939682006836,19573592,0.0,0.0
2014-08-20,29.213794708251957,29.25468063354492,29.04874610900879,29.14448356628418,29.11135673522949,20734771,0.0,0.0
2014-08-21,29.11107635498047,29.144981384277344,28.977441787719727,29.08863639831543,29.055572509765625,18296094,0.0,0.0
2014-08-22,29.099607467651367,29.18168258666992,28.952510833740234,29.048248291015625,29.015230178833008,15781209,0.0,0.0
2014-08-25,29.15595245361328,29.16991424560547,28.87073516845703,28.930570602416992,28.897686004638672,27228551,0.0,0.0
2014-08-26,28.98342514038086,29.010351181030277,28.75006675720215,28.81389045715332,28.781139373779297,32793789,0.0,0.0
2014-08-27,28.78447151184082,28.845304489135746,28.42710304260254,28.471830368041992,28.439468383789062,34067276,0.0,0.0
2014-08-28,28.40002822875977,28.584022521972656,28.27736473083496,28.38207626342773,28.349815368652344,25858801,0.0,0.0
2014-08-29,28.488285064697266,28.5236873626709,28.275819778442383,28.501747131347656,28.469350814819336,21675347,0.0,0.0
2014-09-02,28.51421356201172,28.812395095825195,28.48130416870117,28.787464141845703,28.75474166870117,31568434,0.0,0.0
2014-09-03,28.920597076416016,29.06968879699707,28.671283721923828,28.817880630493164,28.78512382507324,24302540,0.0,0.0
2014-09-04,28.920597076416016,29.219776153564453,28.881704330444336,29.01932716369629,28.98634147644043,29163850,0.0,0.0
2014-09-05,29.119054794311523,29.247201919555664,29.017831802368164,29.223766326904297,29.190547943115234,32647388,0.0,0.0
2014-09-08,29.24969482421875,29.50748634338379,29.2347354888916,29.4052677154541,29.37184333801269,28620362,0.0,0.0
2014-09-09,29.3643798828125,29.369365692138672,28.920597076416016,28.97096061706543,28.93803024291992,25744488,0.0,0.0
2014-09-10,28.99539375305176,29.09511947631836,28.768016815185547,29.07517433166504,29.042125701904297,19547521,0.0,0.0
2014-09-11,28.938549041748047,29.01085090637207,28.73410987854004,28.987913131713867,28.95496368408203,24420864,0.0,0.0
2014-09-12,28.970462799072266,29.00237464904785,28.64435768127441,28.702198028564453,28.669572830200195,32033708,0.0,0.0
2014-09-15,28.568565368652344,28.668790817260746,28.332712173461918,28.5765438079834,28.5440616607666,31951483,0.0,0.0
2014-09-16,28.559589385986328,28.99539375305176,28.55460357666016,28.91810417175293,28.885234832763672,29607064,0.0,0.0
2014-09-17,28.92109680175781,29.295568466186523,28.859516143798828,29.158445358276367,29.125301361083984,33856699,0.0,0.0
2014-09-18,29.26963996887207,29.39629173278809,29.16991424560547,29.38282966613769,29.34943199157715,28891103,0.0,0.0
2014-09-19,29.4940242767334,29.742341995239254,29.3942985534668,29.722396850585938,29.68861198425293,74732617,0.0,0.0
2014-09-22,29.60970687866211,29.616138458251957,29.09312438964844,29.288089752197266,29.25479888916016,33790518,0.0,0.0
2014-09-23,29.26216125488281,29.26216125488281,28.970462799072266,28.97694396972656,28.94400787353516,29428575,0.0,0.0
2014-09-24,28.99339866638184,29.400779724121094,28.9465274810791,29.31900405883789,29.28567886352539,34562632,0.0,0.0
2014-09-25,29.29706573486328,29.318506240844727,28.630395889282227,28.67427444458008,28.641681671142575,38519466,0.0,0.0
2014-09-26,28.72413825988769,28.883201599121094,28.65432929992676,28.7759952545166,28.7432861328125,28873054,0.0,0.0
2014-09-29,28.509227752685547,28.830345153808597,28.48030662536621,28.739097595214844,28.706430435180664,25648224,0.0,0.0
2014-09-30,28.767518997192383,28.91311836242676,28.564077377319336,28.788959503173828,28.756237030029297,32434806,0.0,0.0
2014-10-01,28.72164535522461,28.79993057250977,28.272876739501957,28.3357048034668,28.303497314453125,28909153,0.0,0.0
2014-10-02,28.2878360748291,28.5172061920166,28.088882446289062,28.42595672607422,28.39364624023437,23568530,0.0,0.0
2014-10-03,28.574050903320312,28.782228469848636,28.5466251373291,28.685245513916016,28.65263938903809,22834521,0.0,0.0
2014-10-06,28.860763549804688,28.970462799072266,28.643360137939453,28.788461685180664,28.755739212036133,24292512,0.0,0.0
2014-10-07,28.64136505126953,28.68474578857422,28.10982322692871,28.10982322692871,28.07787132263184,38226664,0.0,0.0
2014-10-08,28.201074600219727,28.61543655395508,27.798179626464844,28.5466251373291,28.51417732238769,39817018,0.0,0.0
2014-10-09,28.480806350708008,28.49626350402832,27.87646484,27.96721649169922,27.935426712036133,50496258,0.0,0.0
2014-10-10,27.809648513793945,28.179134368896484,27.128019332885746,27.149959564208984,27.11909866333008,61638766,0.0,0.0
2014-10-13,27.17489051818848,27.3997745513916,26.582019805908203,26.58750343322754,26.557283401489254,51633371,0.0,0.0
2014-10-14,26.871225357055664,27.28458976745605,26.585508346557617,26.82335662841797,26.79286766052246,44451708,0.0,0.0
2014-10-15,26.47780418395996,26.56706047058105,25.84404563903809,26.428939819335938,26.39889907836914,74387672,0.0,0.0
2014-10-16,25.87894821166992,26.39902114868164,25.67949676513672,26.15369415283203,26.123966217041016,74171079,0.0,0.0
2014-10-17,26.290319442749023,26.47630882263184,25.356882095336918,25.48852157592773,25.459548950195312,110787334,0.0,0.0
2014-10-20,25.40275764465332,26.016572952270508,25.33544158935547,25.9706974029541,25.941177368164062,52150788,0.0,0.0
2014-10-21,26.18760108947754,26.267383575439453,25.88443374633789,26.25491714477539,26.225074768066406,46725935,0.0,0.0
2014-10-22,26.421958923339844,26.91610145568848,26.36760711669922,26.562572479248047,26.532379150390625,58385859,0.0,0.0
2014-10-23,26.892168045043945,27.28608512878418,26.71914291381836,27.124530792236328,27.093698501586918,46976621,0.0,0.0
2014-10-24,27.143478393554688,27.16940689086914,26.71615028381348,26.91510581970215,26.88451194763184,39462046,0.0,0.0
2014-10-27,26.77798080444336,27.145971298217773,26.77798080444336,26.96446990966797,26.933820724487305,23706909,0.0,0.0
2014-10-28,27.075664520263672,27.37384414672852,27.00685310363769,27.369855880737305,27.3387451171875,25419598,0.0,0.0
2014-10-29,27.424705505371094,27.63363265991211,27.274118423461918,27.39129638671875,27.36016082763672,35410955,0.0,0.0
2014-10-30,27.37234878540039,27.564321517944336,27.101093292236328,27.440162658691406,27.408971786499023,29113713,0.0,0.0
2014-10-31,27.89092445373535,27.90189552307129,27.66155433654785,27.87746238708496,27.845775604248047,40701440,0.0,0.0
2014-11-03,27.69895362854004,27.81862449645996,27.58576393127441,27.68499183654785,27.65352249145508,27645693,0.0,0.0
2014-11-04,27.574295043945312,27.69895362854004,27.389801025390625,27.629642486572266,27.59823608398437,24884132,0.0,0.0
2014-11-05,27.76377487182617,27.76377487182617,27.128019332885746,27.221263885498047,27.19032287597656,40645286,0.0,0.0
2014-11-06,27.20032119750977,27.26938247680664,26.974441528320312,27.027795791625977,26.997074127197266,26665008,0.0,0.0
2014-11-07,27.2357234954834,27.2357234954834,26.85975646972656,26.976436614990234,26.94577407836914,32675465,0.0,0.0
2014-11-10,26.99887466430664,27.40426254272461,26.9769344329834,27.299549102783203,27.268518447875977,22692131,0.0,0.0
2014-11-11,27.34941291809082,27.521440505981445,27.240211486816406,27.439165115356445,27.40797615051269,19310873,0.0,0.0
2014-11-12,27.44415283203125,27.447641372680664,27.18386650085449,27.290573120117188,27.25955390930176,22593862,0.0,0.0
2014-11-13,27.41473388671875,27.41473388671875,27.099597930908203,27.194337844848636,27.163427352905277,26787343,0.0,0.0
2014-11-14,27.25915908813477,27.25915908813477,27.033279418945312,27.145471572875977,27.11461639404297,25790614,0.0,0.0
2014-11-17,27.10458374023437,27.11505508422852,26.62993812561035,26.752052307128903,26.721643447875977,34520517,0.0,0.0
2014-11-18,26.801416397094727,27.02280807495117,26.635372161865234,26.67825508117676,26.647930145263672,39253475,0.0,0.0
2014-11-19,26.676759719848636,26.838314056396484,26.431432723999023,26.77598762512207,26.74555206298828,27844237,0.0,0.0
2014-11-20,26.48977279663086,26.68224334716797,26.48129653930664,26.66828155517578,26.63796806335449,31267610,0.0,0.0
2014-11-21,27.0063533782959,27.03278160095215,26.754545211791992,26.801416397094727,26.770952224731445,44485801,0.0,0.0
2014-11-24,26.808895111083984,27.060705184936523,26.707674026489254,26.889673233032227,26.859107971191406,34127440,0.0,0.0
2014-11-25,26.87621116638184,27.124530792236328,26.856365203857425,26.97992706298828,26.94926071166992,35798014,0.0,0.0
2014-11-26,26.969953536987305,27.00336265563965,26.778579711914062,26.94452476501465,26.913898468017575,30459397,0.0,0.0
2014-11-28,26.95698928833008,27.02580070495605,26.756540298461918,27.01732444763184,26.98661422729492,22966883,0.0,0.0
2014-12-01,26.871225357055664,26.996381759643555,26.52018928527832,26.61692237854004,26.586668014526367,42307838,0.0,0.0
2014-12-02,26.602462768554688,26.701690673828125,26.41747093200684,26.614429473876957,26.584177017211918,30533600,0.0,0.0
2014-12-03,26.49924659729004,26.726423263549805,26.390544891357425,26.493263244628903,26.463150024414062,25559983,0.0,0.0
2014-12-04,26.48528480529785,26.793439865112305,26.35713577270508,26.791942596435547,26.761489868164062,27842232,0.0,0.0
2014-12-05,26.4773063659668,26.571548461914062,26.14222717285156,26.191091537475582,26.16132164001465,51312493,0.0,0.0
2014-12-08,26.28433609008789,26.4773063659668,26.117794036865234,26.276857376098636,26.246990203857425,46587556,0.0,0.0
2014-12-09,26.035518646240234,26.636369705200195,25.953744888305664,26.595481872558597,26.56525230407715,37426473,0.0,0.0
2014-12-10,26.58102226257324,26.74307632446289,26.20605087280273,26.23098373413086,26.20116806030273,34245764,0.0,0.0
2014-12-11,26.317745208740234,26.622907638549805,26.28284072875977,26.34467124938965,26.31472587585449,32216207,0.0,0.0
2014-12-12,26.103832244873047,26.352649688720703,25.861995697021484,25.861995697021484,25.832599639892575,39891221,0.0,0.0
2014-12-15,26.06543731689453,26.08338737487793,25.593233108520508,25.61966133117676,25.590539932250977,56268061,0.0,0.0
2014-12-16,25.50796890258789,25.582263946533203,24.383056640625,24.70168113708496,24.673603057861328,79285081,0.0,0.0
2014-12-17,24.78196144104004,25.28059196472168,24.77248764038086,25.17538070678711,25.146764755249023,57663883,0.0,0.0
2014-12-18,25.57727813720703,25.623151779174805,25.16590690612793,25.485031127929688,25.456064224243164,58534266,0.0,0.0
2014-12-19,25.50547409057617,25.81512451171875,25.276153564453125,25.74681282043457,25.717548370361328,73804074,0.0,0.0
2014-12-22,25.733348846435547,26.25092887878418,25.733348846435547,26.171646118164062,26.14189720153809,54475152,0.0,0.0
2014-12-23,26.277854919433597,26.65481948852539,26.242450714111328,26.456863403320312,26.42679023742676,43952341,0.0,0.0
2014-12-24,26.45287322998047,26.51515388488769,26.27885055541992,26.366111755371094,26.33614158630371,14118657,0.0,0.0
2014-12-26,26.366111755371094,26.63936233520508,26.293312072753903,26.62839126586914,26.59812355041504,20810980,0.0,0.0
2014-12-29,26.536643981933597,26.700693130493164,26.42799186706543,26.443897247314453,26.41383934020996,45570772,0.0,0.0
2014-12-30,26.332204818725582,26.48478507995605,26.28433609008789,26.44838523864746,26.41832160949707,17525986,0.0,0.0
2014-12-31,26.48977279663086,26.55708885192871,26.218017578125,26.247936248779297,26.218101501464844,27364925,0.0,0.0
2015-01-02,26.37807846069336,26.49077033996582,26.133251190185547,26.16865348815918,26.13890838623047,28951268,0.0,0.0
2015-01-05,26.091365814208984,26.14472007751465,25.582763671875,25.623151779174805,25.59402656555176,41196796,0.0,0.0
2015-01-06,25.67949676513672,25.738086700439453,24.98390769958496,25.029281616210938,25.000831604003903,57998800,0.0,0.0
2015-01-07,25.28059196472168,25.29275894165039,24.914098739624023,24.986400604248047,24.95800018310547,41301082,0.0,0.0
2015-01-08,24.83132553100586,25.105073928833008,24.4827823638916,25.065183639526367,25.036693572998047,67071641,0.0,0.0
2015-01-09,25.16889953613281,25.176876068115234,24.671764373779297,24.740575790405277,24.71245384216309,41427428,0.0,0.0
2015-01-12,24.679243087768555,24.73090171813965,24.31125259399414,24.5600700378418,24.532154083251957,46535413,0.0,0.0
2015-01-13,24.873708724975582,25.080141067504883,24.552091598510746,24.74107360839844,24.71295166015625,47409807,0.0,0.0
2015-01-14,24.664783477783203,25.092607498168945,24.582508087158203,24.974931716918945,24.9465446472168,44714427,0.0,0.0
2015-01-15,25.209287643432617,25.214773178100582,24.81985664367676,25.02080535888672,24.99236488342285,54316718,0.0,0.0
2015-01-16,24.932048797607425,25.33992958068848,24.931549072265625,25.334444046020508,25.305646896362305,45965854,0.0,0.0
2015-01-20,25.48004531860352,25.554838180541992,25.23152732849121,25.275606155395508,25.246875762939453,44640224,0.0,0.0
2015-01-21,25.293058395385746,25.892911911010746,25.24070167541504,25.83108139038086,25.801719665527344,45374234,0.0,0.0
2015-01-22,26.002609252929688,26.74307632446289,25.913854598999023,26.64634132385254,26.61605262756348,53538588,0.0,0.0
2015-01-23,26.706178665161133,27.034276962280277,26.5770320892334,26.92358016967773,26.892976760864254,45634948,0.0,0.0
2015-01-26,26.85277557373047,26.87621116638184,26.41098976135254,26.68722915649414,26.65689468383789,30874534,0.0,0.0
2015-01-27,26.42594718933105,26.46234893798828,25.83856010437012,25.86050033569336,25.83110618591309,38080263,0.0,0.0
2015-01-28,26.067432403564453,26.077903747558597,25.4301815032959,25.4301815032959,25.401275634765625,33676205,0.0,0.0
2015-01-29,25.48004531860352,25.48453140258789,24.99138641357422,25.463090896606445,25.43414878845215,83727244,0.0,0.0
2015-01-30,25.72237968444824,26.919591903686523,25.70542526245117,26.65282440185547,26.622529983520508,112127002,0.0,0.0
2015-02-02,26.51370620727539,26.5770320892334,25.85651016235352,26.351652145385746,26.32169914245605,56996054,0.0,0.0
2015-02-03,26.327716827392575,26.59697723388672,26.091365814208984,26.38954734802246,26.35955047607422,40773638,0.0,0.0
2015-02-04,26.38954734802246,26.560678482055664,25.99213981628418,26.06643486022949,26.036806106567383,33273101,0.0,0.0
2015-02-05,26.117794036865234,26.352649688720703,26.03302574157715,26.306774139404297,26.27687263488769,36995292,0.0,0.0
2015-02-06,26.30976676940918,26.786457061767575,26.24843406677246,26.4773063659668,26.44721031188965,35270570,0.0,0.0
2015-02-09,26.327716827392575,26.52717018127441,26.228988647460938,26.31924057006836,26.28932380676269,25355423,0.0,0.0
2015-02-10,26.39253807067871,26.811389923095703,26.27386474609375,26.77349281311035,26.743061065673828,34997823,0.0,0.0
2015-02-11,26.69171714782715,26.848787307739254,26.59588050842285,26.72512626647949,26.694747924804688,27555446,0.0,0.0
2015-02-12,26.788951873779297,27.166414260864254,26.66045379638672,27.072172164916992,27.041400909423828,32404724,0.0,0.0
2015-02-13,27.093116760253903,27.42021751403809,27.08214569091797,27.375341415405277,27.34422492980957,38006060,0.0,0.0
2015-02-17,27.266639709472656,27.424705505371094,26.980424880981445,27.067686080932617,27.03691864013672,32336537,0.0,0.0
2015-02-18,26.99588394165039,27.1998233795166,26.80191421508789,26.911115646362305,26.88052749633789,29061570,0.0,0.0
2015-02-19,26.82834243774414,27.081148147583008,26.826847076416016,27.069181442260746,27.03841209411621,19782163,0.0,0.0
2015-02-20,27.08214569091797,27.113061904907227,26.71664810180664,26.87371826171875,26.843172073364254,28887092,0.0,0.0
2015-02-23,26.729114532470703,26.748512268066406,26.39802360534668,26.522682189941406,26.49253463745117,29157834,0.0,0.0
2015-02-24,26.42744255065918,26.766014099121094,26.34018325805664,26.731109619140625,26.70072555541992,20101036,0.0,0.0
2015-02-25,26.721635818481445,27.236223220825195,26.69894790649414,27.11904525756836,27.08822059631348,36519991,0.0,0.0
2015-02-26,27.08613586425781,27.730865478515625,27.00086975097656,27.697954177856445,27.66647148132324,46230579,0.0,0.0
2015-02-27,27.636125564575195,28.158191680908203,27.569307327270508,27.843555450439453,27.811906814575195,48203982,0.0,0.0
2015-03-02,27.949764251708984,28.529172897338867,27.861007690429688,28.488784790039062,28.45640182495117,42592618,0.0,0.0
2015-03-03,28.44440650939941,28.69072914123535,28.248443603515625,28.60346984863281,28.57095718383789,34095352,0.0,0.0
2015-03-04,28.51521110534668,28.77649307250977,28.32274055480957,28.59000587463379,28.55750846862793,37536775,0.0,0.0
2015-03-05,28.67227935791016,28.81638526916504,28.59200096130371,28.6877384185791,28.65513038635254,27792094,0.0,0.0
2015-03-06,28.665298461914062,28.75505256652832,28.26041030883789,28.30653381347656,28.27435874938965,33182854,0.0,0.0
2015-03-09,28.265396118164062,28.4354305267334,28.0996036529541,28.364625930786133,28.33238410949707,21242161,0.0,0.0
2015-03-10,28.135255813598636,28.165172576904297,27.660558700561523,27.67452049255371,27.643064498901367,35846146,0.0,0.0
2015-03-11,27.681001663208008,27.830591201782227,27.4586124420166,27.483543395996094,27.45230484008789,36415706,0.0,0.0
2015-03-12,27.5997257232666,27.742332458496094,27.447641372680664,27.699451446533203,27.667966842651367,27792094,0.0,0.0
2015-03-13,27.599225997924805,27.843555450439453,27.136497497558597,27.291072845458984,27.26005172729492,34071287,0.0,0.0
2015-03-16,27.472074508666992,27.766267776489254,27.225252151489254,27.649587631225582,27.61816024780273,32819860,0.0,0.0
2015-03-17,27.509971618652344,27.614185333251957,27.32497978210449,27.466590881347656,27.43537139892578,36110871,0.0,0.0
2015-03-18,27.549362182617188,27.91236686706543,27.275115966796875,27.89840507507324,27.8666934967041,42690887,0.0,0.0
2015-03-19,27.892919540405277,27.96322631835937,27.73111343383789,27.82311248779297,27.791486740112305,23945563,0.0,0.0
2015-03-20,28.00561141967773,28.00910186767578,27.87596702575684,27.941286087036133,27.90952682495117,52337299,0.0,0.0
2015-03-23,27.94477844238281,28.041013717651367,27.71540641784668,27.863998413085938,27.83232688903809,32876014,0.0,0.0
2015-03-24,28.05098533630371,28.65083885192871,27.98367118835449,28.431440353393555,28.39912414550781,51665459,0.0,0.0
2015-03-25,28.4468994140625,28.53465843200684,27.860509872436523,27.86275291442871,27.83108329772949,43045859,0.0,0.0
2015-03-26,27.803165435791016,27.868486404418945,27.457115173339844,27.68249893188477,27.651033401489254,31452115,0.0,0.0
2015-03-27,27.574295043945312,27.6879825592041,27.33146095275879,27.34193229675293,27.310853958129883,37949906,0.0,0.0
2015-03-30,27.505483627319336,27.59773063659668,27.33345603942871,27.525928497314453,27.4946403503418,25750504,0.0,0.0
2015-03-31,27.424705505371094,27.65956115722656,27.261154174804688,27.32497978210449,27.293920516967773,31760961,0.0,0.0
2015-04-01,27.35489654541016,27.48154830932617,26.901142120361328,27.05372428894043,27.022974014282227,39261497,0.0,0.0
2015-04-02,26.96845817565918,26.96845817565918,26.61926651000977,26.70318603515625,26.672834396362305,34327989,0.0,0.0
2015-04-06,26.53813934326172,26.846792221069336,26.40600204467773,26.764766693115234,26.734344482421875,26488525,0.0,0.0
2015-04-07,26.830337524414062,27.060205459594727,26.726621627807617,26.77748107910156,26.74704360961914,26057345,0.0,0.0
2015-04-08,26.84529685974121,27.1180477142334,26.84529685974121,27.0063533782959,26.97565650939941,23570536,0.0,0.0
2015-04-09,26.97743225097656,27.02330780029297,26.70119285583496,26.964967727661133,26.93431854248047,31157308,0.0,0.0
2015-04-10,27.040260314941406,27.040260314941406,26.791942596435547,26.926572799682617,26.895965576171875,28189181,0.0,0.0
2015-04-13,26.846792221069336,27.12851905822754,26.791942596435547,26.88468742370605,26.854127883911133,32906096,0.0,0.0
2015-04-14,26.73908805847168,26.804906845092773,26.332305908203125,26.446889877319336,26.416828155517575,52082601,0.0,0.0
2015-04-15,26.362621307373047,26.66329574584961,26.08937263488769,26.55359649658203,26.523414611816406,46376979,0.0,0.0
2015-04-16,26.422456741333008,26.706178665161133,26.407997131347656,26.61692237854004,26.586668014526367,25997180,0.0,0.0
2015-04-17,26.360626220703125,26.419464111328125,25.97917366027832,26.13075828552246,26.101057052612305,43037837,0.0,0.0
2015-04-20,26.208045959472656,26.731109619140625,26.153196334838867,26.695707321166992,26.665363311767575,33585958,0.0,0.0
2015-04-21,26.80191421508789,26.895658493041992,26.610689163208008,26.62540054321289,26.59513664245605,36895018,0.0,0.0
2015-04-22,26.646841049194336,26.97992706298828,26.51470375061035,26.894411087036133,26.863842010498047,31871263,0.0,0.0
2015-04-23,26.97593879699707,27.47257423400879,26.937543869018555,27.275115966796875,27.24411392211914,83697161,0.0,0.0
2015-04-24,28.227500915527344,28.47881126403809,27.786212921142575,28.17564392089844,28.143617630004883,98650102,0.0,0.0
2015-04-27,28.16950035095215,28.29750061035156,27.65999984741211,27.76849937438965,27.736936569213867,47960000,0.0,1.0027455
2015-04-28,27.73200035095215,27.801000595092773,27.518299102783203,27.68400001525879,27.65253257751465,29820000,0.0,0.0
2015-04-29,27.523500442504883,27.68400001525879,27.34524917602539,27.45400047302246,27.422794342041016,33976000,0.0,0.0
2015-04-30,27.39349937438965,27.429500579833984,26.752500534057617,26.867000579833984,26.836462020874023,41644000,0.0,0.0
2015-05-01,26.921499252319336,26.976999282836918,26.604999542236328,26.895000457763672,26.864429473876957,35364000,0.0,0.0
2015-05-04,26.92650032043457,27.203500747680664,26.75300025939941,27.03899955749512,27.008264541625977,26160000,0.0,0.0
2015-05-05,26.910499572753903,26.98699951171875,26.519550323486328,26.540000915527344,26.50983428955078,27662000,0.0,0.0
2015-05-06,26.562000274658203,26.61899948120117,26.05425071716309,26.211000442504883,26.18120765686035,31340000,0.0,0.0
2015-05-07,26.199499130249023,26.67300033569336,26.087499618530277,26.53499984741211,26.504838943481445,30926000,0.0,0.0
2015-05-08,26.832500457763672,27.0575008392334,26.25,26.910999298095703,26.88041114807129,30552000,0.0,0.0
2015-05-11,26.918500900268555,27.099000930786133,26.770000457763672,26.78499984741211,26.75455474853516,18106000,0.0,0.0
2015-05-12,26.57999992370605,26.660449981689453,26.26300048828125,26.45199966430664,26.421932220458984,32684000,0.0,0.0
2015-05-13,26.527999877929688,26.716100692749023,26.432750701904297,26.481000900268555,26.45090103149414,25046000,0.0,0.0
2015-05-14,26.688499450683597,26.950000762939453,26.620500564575195,26.920000076293945,26.88940048217773,28078000,0.0,0.0
2015-05-15,26.958999633789062,26.963699340820312,26.518999099731445,26.6924991607666,26.662158966064453,39426000,0.0,0.0
2015-05-18,26.600500106811523,26.74099922180176,26.4424991607666,26.614999771118164,26.584747314453125,40068000,0.0,0.0
2015-05-19,26.698999404907227,27.03300094604492,26.652000427246094,26.868000030517575,26.837459564208984,39338000,0.0,0.0
2015-05-20,26.92449951171875,27.145999908447266,26.64859962463379,26.963499069213867,26.932849884033203,28616000,0.0,0.0
2015-05-21,26.897499084472656,27.191999435424805,26.798999786376957,27.1254997253418,27.094667434692383,29254000,0.0,0.0
2015-05-22,27.00749969482422,27.20949935913086,26.975500106811523,27.00550079345703,26.974803924560547,23524000,0.0,0.0
2015-05-26,26.9060001373291,26.950000762939453,26.49399948120117,26.61599922180176,26.58574676513672,48130000,0.0,0.0
2015-05-27,26.63999938964844,27.02750015258789,26.58550071716309,26.989500045776367,26.95882225036621,30500000,0.0,0.0
2015-05-28,26.90049934387207,27.030500411987305,26.8125,26.98900032043457,26.95832252502441,20596000,0.0,0.0
2015-05-29,26.86849975585937,26.93149948120117,26.57250022888184,26.605499267578125,26.575258255004883,51948000,0.0,0.0
2015-06-01,26.839500427246094,26.839500427246094,26.488000869750977,26.699499130249023,26.669151306152344,38086000,0.0,0.0
2015-06-02,26.646499633789062,27.149999618530277,26.566499710083008,26.958999633789062,26.928356170654297,38780000,0.0,0.0
2015-06-03,26.995500564575195,27.174999237060547,26.855499267578125,27.015499114990234,26.984790802001957,34340000,0.0,0.0
2015-06-04,26.88800048828125,27.02949905395508,26.715999603271484,26.834999084472656,26.80449676513672,26966000,0.0,0.0
2015-06-05,26.8174991607666,26.86000061035156,26.625999450683597,26.66650009155273,26.63618850708008,27764000,0.0,0.0
2015-06-08,26.66550064086914,26.70599937438965,26.312000274658203,26.34149932861328,26.31155776977539,30412000,0.0,0.0
2015-06-09,26.37800025939941,26.459999084472656,26.15049934387207,26.33449935913086,26.3045654296875,29106000,0.0,0.0
2015-06-10,26.468000411987305,26.917999267578125,26.467500686645508,26.83449935913086,26.80399703979492,36300000,0.0,0.0
2015-06-11,26.92124938964844,26.948999404907227,26.650999069213867,26.730499267578125,26.700115203857425,24350000,0.0,0.0
2015-06-12,26.57999992370605,26.6560001373291,26.507999420166016,26.616500854492188,26.58624649047852,19116000,0.0,0.0
2015-06-15,26.399999618530277,26.415000915527344,26.200000762939453,26.36000061035156,26.33003807067871,32654000,0.0,0.0
2015-06-16,26.420000076293945,26.48200035095215,26.277999877929688,26.40749931335449,26.37748336791992,21436000,0.0,0.0
2015-06-17,26.4685001373291,26.548999786376957,26.2549991607666,26.46299934387207,26.432920455932617,25884000,0.0,0.0
2015-06-18,26.549999237060547,26.90749931335449,26.539499282836918,26.83650016784668,26.80599594116211,36662000,0.0,0.0
2015-06-19,26.86050033569336,26.912500381469727,26.65049934387207,26.83449935913086,26.80399703979492,37870000,0.0,0.0
2015-06-22,26.97949981689453,27.187000274658203,26.87649917602539,26.909500122070312,26.87891387939453,25006000,0.0,0.0
2015-06-23,26.98200035095215,27.074949264526367,26.762500762939453,27.02400016784668,26.993282318115234,23950000,0.0,0.0
2015-06-24,27.0,27.0,26.78300094604492,26.892000198364254,26.861433029174805,25732000,0.0,0.0
2015-06-25,26.943500518798828,27.045000076293945,26.761499404907227,26.761499404907227,26.731081008911133,26714000,0.0,0.0
2015-06-26,26.863000869750977,26.88800048828125,26.5674991607666,26.58449935913086,26.55428123474121,42182000,0.0,0.0
2015-06-29,26.2504997253418,26.430500030517575,26.027000427246094,26.076000213623047,26.04636001586914,38756000,0.0,0.0
2015-06-30,26.301000595092773,26.3125,26.024999618530277,26.02549934387207,25.99591636657715,44344000,0.0,0.0
2015-07-01,26.236499786376957,26.284500122070312,25.911500930786133,26.09199905395508,26.06234169006348,39220000,0.0,0.0
2015-07-02,26.054000854492188,26.232500076293945,26.054000854492188,26.170000076293945,26.1402530670166,24718000,0.0,0.0
2015-07-06,25.975000381469727,26.262500762939453,25.950000762939453,26.14299964904785,26.113283157348636,25610000,0.0,0.0
2015-07-07,26.1564998626709,26.30900001525879,25.75900077819824,26.250999450683597,26.221160888671875,31944000,0.0,0.0
2015-07-08,26.052499771118164,26.136699676513672,25.805500030517575,25.84149932861328,25.81212615966797,25934000,0.0,0.0
2015-07-09,26.1560001373291,26.188499450683597,26.01749992370605,26.03400039672852,26.00440788269043,36846000,0.0,0.0
2015-07-10,26.31450080871582,26.62800025939941,26.27750015258789,26.506500244140625,26.47637176513672,39134000,0.0,0.0
2015-07-13,26.643999099731445,27.355499267578125,26.6200008392334,27.32749938964844,27.29643821716309,44130000,0.0,0.0
2015-07-14,27.33799934387207,28.292449951171875,27.33550071716309,28.05500030517578,28.02311134338379,64882000,0.0,0.0
2015-07-15,28.006500244140625,28.32514953613281,27.839500427246094,28.01099967956543,27.97916030883789,35692000,0.0,0.0
2015-07-16,28.256000518798828,29.03400039672852,28.25,28.99250030517578,28.959545135498047,95366000,0.0,0.0
2015-07-17,32.45000076293945,33.7234001159668,32.25,33.64649963378906,33.608253479003906,223298000,0.0,0.0
2015-07-20,32.96200180053711,33.444000244140625,32.6505012512207,33.1510009765625,33.113319396972656,117218000,0.0,0.0
2015-07-21,32.760501861572266,33.650001525878906,32.71500015258789,33.1150016784668,33.077362060546875,67544000,0.0,0.0
2015-07-22,33.04449844360352,33.93199920654297,32.95000076293945,33.10499954223633,33.0673713684082,78586000,0.0,0.0
2015-07-23,33.063499450683594,33.18149948120117,32.04999923706055,32.2140007019043,32.17738342285156,60582000,0.0,0.0
2015-07-24,32.349998474121094,32.40850067138672,31.125999450683597,31.17799949645996,31.142560958862305,72514000,0.0,0.0
2015-07-27,31.049999237060547,31.71500015258789,31.024999618530277,31.363000869750977,31.32735252380371,53508000,0.0,0.0
2015-07-28,31.64150047302246,31.64150047302246,31.16550064086914,31.399999618530277,31.36430931091309,34546000,0.0,0.0
2015-07-29,31.440000534057617,31.667999267578125,31.13249969482422,31.59650039672852,31.560585021972656,31502000,0.0,0.0
2015-07-30,31.5,31.76099967956543,31.102500915527344,31.629499435424805,31.59354782104492,29484000,0.0,0.0
2015-07-31,31.569000244140625,31.64550018310547,31.274999618530277,31.280500411987305,31.244945526123047,34122000,0.0,0.0
2015-08-03,31.267000198364254,31.65279960632324,31.267000198364254,31.56049919128418,31.52462577819824,26090000,0.0,0.0
2015-08-04,31.42099952697754,31.74049949645996,31.357999801635746,31.462499618530277,31.42673683166504,29818000,0.0,0.0
2015-08-05,31.71649932861328,32.393001556396484,31.65800094604492,32.18899917602539,32.15241241455078,46686000,0.0,0.0
2015-08-06,32.25,32.268951416015625,31.612499237060547,32.13399887084961,32.09747314453125,31452000,0.0,0.0
2015-08-07,32.01150131225586,32.13399887084961,31.48550033569336,31.76499938964844,31.728893280029297,28078000,0.0,0.0
2015-08-10,31.974000930786133,32.172000885009766,31.562450408935547,31.686500549316406,31.650484085083008,36184000,0.0,0.0
2015-08-11,33.459999084472656,33.744998931884766,32.7135009765625,33.03900146484375,33.00144577026367,100584000,0.0,0.0
2015-08-12,33.15399932861328,33.25,32.614498138427734,32.97800064086914,32.94051742553711,58734000,0.0,0.0
2015-08-13,32.96609878540039,33.224998474121094,32.58304977416992,32.8224983215332,32.78519058227539,36214000,0.0,0.0
2015-08-14,32.7504997253418,32.99274826049805,32.632999420166016,32.85599899291992,32.81865310668945,21442000,0.0,0.0
2015-08-17,32.84000015258789,33.069000244140625,32.5620002746582,33.04349899291992,33.00593948364258,21034000,0.0,0.0
2015-08-18,33.095001220703125,33.20000076293945,32.67300033569336,32.80649948120117,32.76921081542969,29122000,0.0,0.0
2015-08-19,32.83000183105469,33.349998474121094,32.70949935913086,33.04499816894531,33.00743865966797,42682000,0.0,0.0
2015-08-20,32.77299880981445,33.14950180053711,32.14500045776367,32.34149932861328,32.30473709106445,57106000,0.0,0.0
2015-08-21,31.98900032043457,32.002498626708984,30.616500854492188,30.624000549316406,30.589191436767575,85304000,0.0,0.0
2015-08-24,28.649999618530277,29.96649932861328,28.252500534057617,29.480499267578125,29.44698905944824,115406000,0.0,0.0
2015-08-25,30.745500564575195,30.872499465942383,29.055500030517575,29.10300064086914,29.06991958618164,70760000,0.0,0.0
2015-08-26,30.51749992370605,31.58550071716309,29.95249938964844,31.43099975585937,31.395273208618164,84718000,0.0,0.0
2015-08-27,31.96999931335449,32.179500579833984,31.100000381469727,31.88050079345703,31.844263076782227,69826000,0.0,0.0
2015-08-28,31.641000747680664,31.8439998626709,31.22800064086914,31.518999099731445,31.483173370361328,39574000,0.0,0.0
2015-08-31,31.37700080871582,31.790000915527344,30.88400077819824,30.912500381469727,30.87736320495605,43534000,0.0,0.0
2015-09-01,30.118000030517575,30.64299964904785,29.70499992370605,29.88949966430664,29.855525970458984,74042000,0.0,0.0
2015-09-02,30.27949905395508,30.71699905395508,29.98550033569336,30.71699905395508,30.682085037231445,51512000,0.0,0.0
2015-09-03,30.850000381469727,30.98550033569336,30.14105033874512,30.3125,30.278045654296875,35192000,0.0,0.0
2015-09-04,30.0,30.17350006103516,29.762500762939453,30.03499984741211,30.0008602142334,41780000,0.0,0.0
2015-09-08,30.624500274658203,30.81550025939941,30.20599937438965,30.732999801635746,30.69806671142578,45590000,0.0,0.0
2015-09-09,31.06100082397461,31.326000213623047,30.479999542236328,30.63599967956543,30.60117721557617,34042000,0.0,0.0
2015-09-10,30.655000686645508,31.20800018310547,30.57150077819824,31.0674991607666,31.03218650817871,38106000,0.0,0.0
2015-09-11,30.987499237060547,31.28899955749512,30.871000289916992,31.28849983215332,31.2529354095459,27470000,0.0,0.0
2015-09-14,31.28499984741211,31.292999267578125,30.97150039672852,31.16200065612793,31.12657928466797,34046000,0.0,0.0
2015-09-15,31.334999084472656,31.934999465942383,31.18899917602539,31.756999969482425,31.720903396606445,41688000,0.0,0.0
2015-09-16,31.773500442504883,31.897499084472656,31.61599922180176,31.798999786376957,31.76285552978516,25730000,0.0,0.0
2015-09-17,31.88949966430664,32.54499816894531,31.750999450683597,32.14500045776367,32.10846328735352,45494000,0.0,0.0
2015-09-18,31.839500427246094,32.0,31.35099983215332,31.462499618530277,31.42673683166504,102668000,0.0,0.0
2015-09-21,31.71999931335449,31.824499130249023,31.29700088500977,31.77199935913086,31.735885620117188,35770000,0.0,0.0
2015-09-22,31.350000381469727,31.377500534057617,30.771499633789062,31.13450050354004,31.09911155700684,51258000,0.0,0.0
2015-09-23,31.102500915527344,31.44650077819824,31.0,31.118000030517575,31.082630157470703,29418000,0.0,0.0
2015-09-24,30.832000732421875,31.36599922180176,30.6200008392334,31.290000915527344,31.25443458557129,44802000,0.0,0.0
2015-09-25,31.488500595092773,31.488500595092773,30.549999237060547,30.598499298095703,30.563718795776367,43480000,0.0,0.0
2015-09-28,30.517000198364254,30.730249404907227,29.4689998626709,29.74449920654297,29.71068954467773,62554000,0.0,0.0
2015-09-29,29.86400032043457,30.25,29.51099967956543,29.74850082397461,29.71468734741211,46190000,0.0,0.0
2015-09-30,30.16399955749512,30.4379997253418,30.036500930786133,30.42099952697754,30.38642120361328,48268000,0.0,0.0
2015-10-01,30.418500900268555,30.60449981689453,29.99250030517578,30.56450080871582,30.52975845336914,37352000,0.0,0.0
2015-10-02,30.36000061035156,31.367000579833984,30.1564998626709,31.34550094604492,31.309871673583984,53696000,0.0,0.0
2015-10-05,31.600000381469727,32.1505012512207,31.350000381469727,32.07350158691406,32.037044525146484,36072000,0.0,0.0
2015-10-06,31.941999435424805,32.462501525878906,31.826499938964844,32.27199935913086,32.23531723022461,43326000,0.0,0.0
2015-10-07,32.46200180053711,32.53044891357422,31.607500076293945,32.11800003051758,32.08149337768555,41854000,0.0,0.0
2015-10-08,32.06800079345703,32.22249984741211,31.277999877929688,31.95800018310547,31.921674728393555,43642000,0.0,0.0
2015-10-09,32.0,32.29949951171875,31.765899658203125,32.18050003051758,32.1439208984375,32974000,0.0,0.0
2015-10-12,32.10449981689453,32.42499923706055,31.95050048828125,32.333499908447266,32.296749114990234,25504000,0.0,0.0
2015-10-13,32.157501220703125,32.89059829711914,32.157501220703125,32.6150016784668,32.57793045043945,36154000,0.0,0.0
2015-10-14,32.660499572753906,32.96950149536133,32.442501068115234,32.55799865722656,32.520992279052734,28310000,0.0,0.0
2015-10-15,32.733001708984375,33.15650177001953,32.722999572753906,33.08700180053711,33.04939270019531,37714000,0.0,0.0
2015-10-16,33.205501556396484,33.24850082397461,32.86000061035156,33.11000061035156,33.072364807128906,32222000,0.0,0.0
2015-10-19,33.05899810791016,33.340999603271484,32.979000091552734,33.30500030517578,33.26714324951172,29546000,0.0,0.0
2015-10-20,33.20199966430664,33.23600006103516,32.20975112915039,32.513999938964844,32.47704315185547,49964000,0.0,0.0
2015-10-21,32.70750045776367,32.79349899291992,32.08649826049805,32.13050079345703,32.09397888183594,35822000,0.0,0.0
2015-10-22,32.334999084472656,32.88999938964844,32.20050048828125,32.589500427246094,32.55245590209961,81420000,0.0,0.0
2015-10-23,36.375,36.5,35.07500076293945,35.099998474121094,35.06010055541992,133078000,0.0,0.0
2015-10-26,35.07749938964844,35.95750045776367,35.0629997253418,35.638999938964844,35.59849166870117,54332000,0.0,0.0
2015-10-27,35.36899948120117,35.680999755859375,35.227500915527344,35.42449951171875,35.38423538208008,44916000,0.0,0.0
2015-10-28,35.36650085449219,35.64899826049805,35.15399932861328,35.647499084472656,35.60697937011719,43578000,0.0,0.0
2015-10-29,35.525001525878906,35.91299819946289,35.5004997253418,35.84600067138672,35.80525588989258,29120000,0.0,0.0
2015-10-30,35.7864990234375,35.900001525878906,35.502498626708984,35.54050064086914,35.50010299682617,38176000,0.0,0.0
2015-11-02,35.553001403808594,36.08100128173828,35.29249954223633,36.05550003051758,36.01451873779297,37726000,0.0,0.0
2015-11-03,35.94300079345703,36.23249816894531,35.73600006103516,36.108001708984375,36.06695938110352,31308000,0.0,0.0
2015-11-04,36.09999847412109,36.65499877929688,36.095001220703125,36.40549850463867,36.36411666870117,34134000,0.0,0.0
2015-11-05,36.4734992980957,36.9739990234375,36.4734992980957,36.5625,36.52094268798828,37232000,0.0,0.0
2015-11-06,36.57500076293945,36.77050018310547,36.35049819946289,36.6879997253418,36.646297454833984,30232000,0.0,0.0
2015-11-09,36.5099983215332,36.73550033569336,35.97150039672852,36.24449920654297,36.20330047607422,41396000,0.0,0.0
2015-11-10,36.220001220703125,36.52949905395508,35.92499923706055,36.41600036621094,36.37460708618164,32160000,0.0,0.0
2015-11-11,36.62300109863281,37.04999923706055,36.51150131225586,36.77000045776367,36.72820663452149,27328000,0.0,0.0
2015-11-12,36.54999923706055,36.88999938964844,36.4322509765625,36.561500549316406,36.51994323730469,36744000,0.0,0.0
2015-11-13,36.45849990844727,36.557498931884766,35.83649826049805,35.849998474121094,35.80924987792969,41510000,0.0,0.0
2015-11-16,35.779998779296875,36.4744987487793,35.56650161743164,36.448001861572266,36.40657424926758,38118000,0.0,0.0
2015-11-17,36.464500427246094,36.59225082397461,36.15134811401367,36.26499938964844,36.223777770996094,30218000,0.0,0.0
2015-11-18,36.37900161743164,37.070499420166016,36.34999847412109,37.0,36.95794296264648,33686000,0.0,0.0
2015-11-19,36.9370002746582,37.09999847412109,36.87149810791016,36.920501708984375,36.878536224365234,26542000,0.0,0.0
2015-11-20,37.32649993896485,37.89599990844727,37.150001525878906,37.83000183105469,37.78700256347656,44246000,0.0,0.0
2015-11-23,37.872501373291016,38.135398864746094,37.59099960327149,37.79899978637695,37.75603485107422,28290000,0.0,0.0
2015-11-24,37.59999847412109,37.76395034790039,36.88150024414063,37.41400146484375,37.37147521972656,46662000,0.0,0.0
2015-11-25,37.40700149536133,37.59999847412109,37.303001403808594,37.407501220703125,37.36498260498047,22442000,0.0,0.0
2015-11-27,37.42300033569336,37.670501708984375,37.3745002746582,37.51300048828125,37.470359802246094,16770000,0.0,0.0
2015-11-30,37.44049835205078,37.74649810791016,37.0634994506836,37.130001068115234,37.08779525756836,41952000,0.0,0.0
2015-12-01,37.355499267578125,38.4474983215332,37.334999084472656,38.35200119018555,38.308406829833984,42692000,0.0,0.0
2015-12-02,38.44499969482422,38.79774856567383,37.948001861572266,38.11899948120117,38.0756721496582,44608000,0.0,0.0
2015-12-03,38.30049896240234,38.44974899291992,37.28150177001953,37.62699890136719,37.584228515625,51812000,0.0,0.0
2015-12-04,37.65499877929688,38.42449951171875,37.5,38.34049987792969,38.29692077636719,55146000,0.0,0.0
2015-12-07,38.38850021362305,38.436500549316406,37.75450134277344,38.16249847412109,38.11912155151367,36246000,0.0,0.0
2015-12-08,37.89450073242188,38.2400016784668,37.709999084472656,38.118499755859375,38.075172424316406,36590000,0.0,0.0
2015-12-09,37.95849990844727,38.21149826049805,36.85005187988281,37.58050155639648,37.537784576416016,54000000,0.0,0.0
2015-12-10,37.64250183105469,37.79249954223633,37.19150161743164,37.47299957275391,37.43040466308594,39768000,0.0,0.0
2015-12-11,37.05799865722656,37.28549957275391,36.837501525878906,36.94350051879883,36.90150833129883,44488000,0.0,0.0
2015-12-14,37.089500427246094,37.436500549316406,36.20849990844727,37.38850021362305,37.34600067138672,48250000,0.0,0.0
2015-12-15,37.650001525878906,37.90399932861328,37.1505012512207,37.16999816894531,37.12775039672852,53324000,0.0,0.0
2015-12-16,37.5,38.02949905395508,36.97174835205078,37.90449905395508,37.86141586303711,39866000,0.0,0.0
2015-12-17,38.12099838256836,38.13399887084961,37.45000076293945,37.47150039672852,37.42890930175781,31068000,0.0,0.0
2015-12-18,37.32550048828125,37.70650100708008,36.907501220703125,36.96549987792969,36.92348098754883,62974000,0.0,0.0
2015-12-21,37.30649948120117,37.5,37.0,37.38850021362305,37.34600067138672,30514000,0.0,0.0
2015-12-22,37.58250045776367,37.74250030517578,37.2765007019043,37.5,37.45737457275391,27308000,0.0,0.0
2015-12-23,37.67350006103516,37.71049880981445,37.20000076293945,37.51549911499024,37.47285842895508,31318000,0.0,0.0
2015-12-24,37.477500915527344,37.567501068115234,37.33100128173828,37.41999816894531,37.3774642944336,10544000,0.0,0.0
2015-12-28,37.64599990844727,38.14950180053711,37.47600173950195,38.1254997253418,38.0821647644043,30306000,0.0,0.0
2015-12-29,38.33449935913086,38.999000549316406,38.32149887084961,38.83000183105469,38.785865783691406,35300000,0.0,0.0
2015-12-30,38.83000183105469,38.880001068115234,38.345001220703125,38.54999923706055,38.50617980957031,25866000,0.0,0.0
2015-12-31,38.47499847412109,38.47499847412109,37.91699981689453,37.94400024414063,37.90087127685547,30018000,0.0,0.0
2016-01-04,37.150001525878906,37.20299911499024,36.56290054321289,37.09199905395508,37.04983901977539,65456000,0.0,0.0
2016-01-05,37.3224983215332,37.59999847412109,36.93199920654297,37.12900161743164,37.08679962158203,39014000,0.0,0.0
2016-01-06,36.5,37.35900115966797,36.44599914550781,37.180999755859375,37.13873672485352,38940000,0.0,0.0
2016-01-07,36.51549911499024,36.92499923706055,35.952999114990234,36.31949996948242,36.27821731567383,59274000,0.0,0.0
2016-01-08,36.5724983215332,36.6614990234375,35.650001525878906,35.7234992980957,35.68289566040039,49018000,0.0,0.0
2016-01-11,35.830501556396484,35.9427490234375,35.176998138427734,35.80149841308594,35.76080322265625,41812000,0.0,0.0
2016-01-12,36.08399963378906,36.4375,35.865848541259766,36.30350112915039,36.262237548828125,40490000,0.0,0.0
2016-01-13,36.54249954223633,36.73699951171875,34.93050003051758,35.02799987792969,34.98818588256836,50034000,0.0,0.0
2016-01-14,35.26900100708008,36.09624862670898,34.45500183105469,35.73600006103516,35.69538116455078,44516000,0.0,0.0
2016-01-15,34.614498138427734,35.33700180053711,34.26850128173828,34.72249984741211,34.68303298950195,72162000,0.0,0.0
2016-01-19,35.165000915527344,35.499000549316406,34.670501708984375,35.089500427246094,35.04961395263672,45362000,0.0,0.0
2016-01-20,34.43050003051758,35.342498779296875,33.66299819946289,34.92250061035156,34.88280487060547,68900000,0.0,0.0
2016-01-21,35.10900115966797,35.95949935913086,34.722999572753906,35.329498291015625,35.28934097290039,48244000,0.0,0.0
2016-01-22,36.18000030517578,36.40650177001953,36.00605010986328,36.26250076293945,36.221282958984375,40236000,0.0,0.0
2016-01-25,36.17900085449219,36.48400115966797,35.5004997253418,35.583499908447266,35.543052673339844,34234000,0.0,0.0
2016-01-26,35.692501068115234,35.91400146484375,35.32400131225586,35.652000427246094,35.61147689819336,26634000,0.0,0.0
2016-01-27,35.68349838256836,35.91175079345703,34.71950149536133,34.9995002746582,34.959716796875,43884000,0.0,0.0
2016-01-28,36.11100006103516,36.68450164794922,35.61750030517578,36.54800033569336,36.5064582824707,53528000,0.0,0.0
2016-01-29,36.57649993896485,37.2495002746582,36.34000015258789,37.147499084472656,37.10527420043945,69486000,0.0,0.0
2016-02-01,37.52299880981445,37.89300155639648,37.16350173950195,37.59999847412109,37.55725860595703,102784000,0.0,0.0
2016-02-02,39.22499847412109,39.493499755859375,38.23249816894531,38.23249816894531,38.18904113769531,126962000,0.0,0.0
2016-02-03,38.51100158691406,38.72499847412109,36.025001525878906,36.34749984741211,36.30618667602539,123420000,0.0,0.0
2016-02-04,36.14049911499024,36.34999847412109,35.09299850463867,35.4005012512207,35.36026382446289,103374000,0.0,0.0
2016-02-05,35.19350051879883,35.199501037597656,34.00749969482422,34.17850112915039,34.139652252197266,102114000,0.0,0.0
2016-02-08,33.39250183105469,34.201499938964844,33.15299987792969,34.137001037597656,34.09819793701172,84948000,0.0,0.0
2016-02-09,33.61600112915039,34.994998931884766,33.438499450683594,33.90549850463867,33.86695861816406,72178000,0.0,0.0
2016-02-10,34.34299850463867,35.06549835205078,34.10649871826172,34.20600128173828,34.16712188720703,52760000,0.0,0.0
2016-02-11,33.75,34.467498779296875,33.44340133666992,34.15549850463867,34.116676330566406,60480000,0.0,0.0
2016-02-12,34.51300048828125,34.6875,33.93000030517578,34.119998931884766,34.08121490478516,42828000,0.0,0.0
2016-02-16,34.64899826049805,34.900001525878906,34.252498626708984,34.54999923706055,34.51072692871094,50400000,0.0,0.0
2016-02-17,34.90449905395508,35.48749923706055,34.569000244140625,35.41999816894531,35.379737854003906,49852000,0.0,0.0
2016-02-18,35.5,35.61750030517578,34.80149841308594,34.86750030517578,34.8278694152832,37664000,0.0,0.0
2016-02-19,34.75149917602539,35.154048919677734,34.70249938964844,35.045501708984375,35.00566864013672,31786000,0.0,0.0
2016-02-22,35.372501373291016,35.6619987487793,35.1254997253418,35.323001861572266,35.28285217285156,38996000,0.0,0.0
2016-02-23,35.0724983215332,35.41999816894531,34.67900085449219,34.79249954223633,34.752952575683594,40186000,0.0,0.0
2016-02-24,34.44599914550781,35.0,34.03900146484375,34.97800064086914,34.9382438659668,39272000,0.0,0.0
2016-02-25,35.0004997253418,35.29899978637695,34.52925109863281,35.287498474121094,35.24738693237305,32844000,0.0,0.0
2016-02-26,35.42900085449219,35.67150115966797,35.042999267578125,35.253501892089844,35.21343231201172,44870000,0.0,0.0
2016-02-29,35.01599884033203,35.54449844360352,34.88399887084961,34.88850021362305,34.84884262084961,49622000,0.0,0.0
2016-03-01,35.180999755859375,35.94049835205078,34.98849868774414,35.94049835205078,35.8996467590332,43028000,0.0,0.0
2016-03-02,35.95000076293945,36.0,35.599998474121094,35.942501068115234,35.90164566040039,32580000,0.0,0.0
2016-03-03,35.93399810791016,35.97249984741211,35.30099868774414,35.62099838256836,35.580509185791016,39160000,0.0,0.0
2016-03-04,35.7495002746582,35.824501037597656,35.30099868774414,35.54449844360352,35.50409698486328,39442000,0.0,0.0
2016-03-07,35.345001220703125,35.40454864501953,34.345001220703125,34.757999420166016,34.71849060058594,59702000,0.0,0.0
2016-03-08,34.429500579833984,35.18949890136719,34.266998291015625,34.69850158691406,34.659061431884766,41526000,0.0,0.0
2016-03-09,34.92350006103516,35.28400039672852,34.70000076293945,35.262001037597656,35.221920013427734,28430000,0.0,0.0
2016-03-10,35.40599822998047,35.821998596191406,35.167999267578125,35.64099884033203,35.600486755371094,56670000,0.0,0.0
2016-03-11,36.0,36.34600067138672,35.85625076293945,36.34099960327149,36.2996940612793,39416000,0.0,0.0
2016-03-14,36.34049987792969,36.775001525878906,36.25749969482422,36.52450180053711,36.48298645019531,34366000,0.0,0.0
2016-03-15,36.34600067138672,36.61449813842773,36.23849868774414,36.416500091552734,36.37510681152344,34420000,0.0,0.0
2016-03-16,36.31850051879883,36.87350082397461,36.22549819946289,36.804500579833984,36.76266479492188,32488000,0.0,0.0
2016-03-17,36.8224983215332,37.15349960327149,36.79999923706055,36.88899993896485,36.84706878662109,37216000,0.0,0.0
2016-03-18,37.09299850463867,37.09999847412109,36.59149932861328,36.880001068115234,36.83808135986328,59614000,0.0,0.0
2016-03-21,36.82500076293945,37.125,36.67580032348633,37.10449981689453,37.06232452392578,36730000,0.0,0.0
2016-03-22,36.87300109863281,37.25,36.87300109863281,37.03749847412109,36.995399475097656,25394000,0.0,0.0
2016-03-23,37.11800003051758,37.2859992980957,36.807498931884766,36.90299987792969,36.86105346679688,28642000,0.0,0.0
2016-03-24,36.60049819946289,36.88734817504883,36.54999923706055,36.76499938964844,36.72320938110352,31898000,0.0,0.0
2016-03-28,36.839500427246094,36.949501037597656,36.625,36.67649841308594,36.63481140136719,26026000,0.0,0.0
2016-03-29,36.72949981689453,37.36249923706055,36.4379997253418,37.23849868774414,37.196170806884766,38076000,0.0,0.0
2016-03-30,37.505001068115234,37.89400100708008,37.4370002746582,37.5265007019043,37.48384475708008,35648000,0.0,0.0
2016-03-31,37.462501525878906,37.54249954223633,37.047000885009766,37.247501373291016,37.20516204833984,34376000,0.0,0.0
2016-04-01,36.93000030517578,37.516998291015625,36.84999847412109,37.49549865722656,37.452880859375,31534000,0.0,0.0
2016-04-04,37.50299835205078,37.63999938964844,37.12149810791016,37.26449966430664,37.22214126586914,22684000,0.0,0.0
2016-04-05,36.900001525878906,37.13999938964844,36.76850128173828,36.88999938964844,36.84806823730469,22646000,0.0,0.0
2016-04-06,36.78850173950195,37.3120002746582,36.77799987792969,37.28450012207031,37.24211883544922,21074000,0.0,0.0
2016-04-07,37.26850128173828,37.34999847412109,36.81399917602539,37.01399993896485,36.971927642822266,29064000,0.0,0.0
2016-04-08,37.19850158691406,37.272499084472656,36.77750015258789,36.95750045776367,36.91549301147461,25816000,0.0,0.0
2016-04-11,37.1510009765625,37.25,36.8025016784668,36.80500030517578,36.76316452026367,24402000,0.0,0.0
2016-04-12,36.900001525878906,37.19150161743164,36.55049896240234,37.15449905395508,37.112266540527344,27060000,0.0,0.0
2016-04-13,37.45800018310547,37.71900177001953,37.21305084228516,37.58599853515625,37.54327774047852,34142000,0.0,0.0
2016-04-14,37.70050048828125,37.865501403808594,37.635250091552734,37.65999984741211,37.61719131469727,22706000,0.0,0.0
2016-04-15,37.69900131225586,38.04999923706055,37.63470077514648,37.95000076293945,37.906864166259766,36186000,0.0,0.0
2016-04-18,38.02299880981445,38.40250015258789,37.8650016784668,38.33050155639648,38.28693389892578,31176000,0.0,0.0
2016-04-19,38.47549819946289,38.494998931884766,37.46649932861328,37.69649887084961,37.65365219116211,40610000,0.0,0.0
2016-04-20,37.900001525878906,37.90660095214844,37.5004997253418,37.63349914550781,37.59072113037109,30584000,0.0,0.0
2016-04-21,37.76900100708008,38.022499084472656,37.477500915527344,37.95700073242188,37.913856506347656,61210000,0.0,0.0
2016-04-22,36.31499862670898,36.805999755859375,35.68050003051758,35.938499450683594,35.897647857666016,119038000,0.0,0.0
2016-04-25,35.80500030517578,36.19649887084961,35.77949905395508,36.157501220703125,36.11640167236328,39184000,0.0,0.0
2016-04-26,36.27099990844727,36.28829956054688,35.15129852294922,35.40700149536133,35.366756439208984,54892000,0.0,0.0
2016-04-27,35.364498138427734,35.44900131225586,34.61825180053711,35.29199981689453,35.25188446044922,61972000,0.0,0.0
2016-04-28,35.41299819946289,35.708499908447266,34.477500915527344,34.55099868774414,34.51172637939453,57346000,0.0,0.0
2016-04-29,34.53499984741211,34.88100051879883,34.45000076293945,34.6505012512207,34.611114501953125,49754000,0.0,0.0
2016-05-02,34.881500244140625,35.03200149536133,34.54999923706055,34.910499572753906,34.870819091796875,32906000,0.0,0.0
2016-05-03,34.84349822998047,34.891998291015625,34.599998474121094,34.61800003051758,34.578651428222656,30876000,0.0,0.0
2016-05-04,34.52450180053711,34.98749923706055,34.45050048828125,34.78499984741211,34.745460510253906,33870000,0.0,0.0
2016-05-05,34.8849983215332,35.11600112915039,34.7859992980957,35.07149887084961,35.03163528442383,33670000,0.0,0.0
2016-05-06,34.91899871826172,35.59299850463867,34.90534973144531,35.555999755859375,35.51558303833008,36586000,0.0,0.0
2016-05-09,35.599998474121094,35.93550109863281,35.5,35.64500045776367,35.60448455810547,30206000,0.0,0.0
2016-05-10,35.837501525878906,36.17499923706055,35.7859992980957,36.15900039672852,36.11790084838867,31392000,0.0,0.0
2016-05-11,36.170501708984375,36.2239990234375,35.63999938964844,35.76449966430664,35.723846435546875,33842000,0.0,0.0
2016-05-12,35.85300064086914,35.962501525878906,35.45000076293945,35.66550064086914,35.624961853027344,27214000,0.0,0.0
2016-05-13,35.59650039672852,35.833099365234375,35.4630012512207,35.541500091552734,35.501102447509766,26290000,0.0,0.0
2016-05-16,35.45650100708008,35.92399978637695,35.282501220703125,35.824501037597656,35.78377914428711,26342000,0.0,0.0
2016-05-17,35.79949951171875,36.07600021362305,35.205501556396484,35.311500549316406,35.2713623046875,40024000,0.0,0.0
2016-05-18,35.18349838256836,35.58000183105469,35.03150177001953,35.33150100708008,35.29133987426758,35336000,0.0,0.0
2016-05-19,35.11800003051758,35.29999923706055,34.84000015258789,35.01599884033203,34.9761962890625,33404000,0.0,0.0
2016-05-20,35.08100128173828,35.729000091552734,35.0260009765625,35.48699951171875,35.44666290283203,36568000,0.0,0.0
2016-05-23,35.326499938964844,35.57389831542969,35.20899963378906,35.21200180053711,35.17197799682617,26614000,0.0,0.0
2016-05-24,35.34299850463867,36.04850006103516,35.34299850463867,36.00450134277344,35.96357727050781,38590000,0.0,0.0
2016-05-25,36.03799819946289,36.3754997253418,35.98524856567383,36.26350021362305,36.22228240966797,32584000,0.0,0.0
2016-05-26,36.14350128173828,36.416500091552734,36.013999938964844,36.20600128173828,36.16484832763672,31526000,0.0,0.0
2016-05-27,36.20050048828125,36.6968002319336,36.20000076293945,36.632999420166016,36.59136199951172,39500000,0.0,0.0
2016-05-31,36.58700180053711,36.98649978637695,36.5629997253418,36.7859992980957,36.74418640136719,42590000,0.0,0.0
2016-06-01,36.72650146484375,36.86050033569336,36.53300094604492,36.70750045776367,36.665775299072266,25072000,0.0,0.0
2016-06-02,36.625,36.6510009765625,36.20849990844727,36.52000045776367,36.47848892211914,26836000,0.0,0.0
2016-06-03,36.4635009765625,36.4744987487793,36.02799987792969,36.117000579833984,36.07594680786133,24526000,0.0,0.0
2016-06-06,36.24549865722656,36.24549865722656,35.730499267578125,35.82749938964844,35.78677749633789,31306000,0.0,0.0
2016-06-07,35.992000579833984,36.0989990234375,35.82749938964844,35.83250045776367,35.791770935058594,26724000,0.0,0.0
2016-06-08,36.198001861572266,36.42850112915039,36.02899932861328,36.41400146484375,36.37261199951172,31674000,0.0,0.0
2016-06-09,36.14350128173828,36.47700119018555,36.116798400878906,36.42900085449219,36.38759231567383,19778000,0.0,0.0
2016-06-10,35.9734992980957,36.29449844360352,35.82149887084961,35.97050094604492,35.92961502075195,24328000,0.0,0.0
2016-06-13,35.82550048828125,36.27199935913086,35.82550048828125,35.917999267578125,35.877174377441406,25178000,0.0,0.0
2016-06-14,35.82400131225586,36.12350082397461,35.65599822998047,35.91350173950195,35.8726806640625,26122000,0.0,0.0
2016-06-15,35.95000076293945,36.14899826049805,35.865501403808594,35.94599914550781,35.9051399230957,24290000,0.0,0.0
2016-06-16,35.74549865722656,35.83250045776367,35.16299819946289,35.518001556396484,35.477630615234375,39650000,0.0,0.0
2016-06-17,35.432498931884766,35.441001892089844,34.42259979248047,34.58599853515625,34.54668426513672,68048000,0.0,0.0
2016-06-20,34.938499450683594,35.124000549316406,34.670501708984375,34.68550109863281,34.64607620239258,41650000,0.0,0.0
2016-06-21,34.91999816894531,35.13850021362305,34.60049819946289,34.797000885009766,34.757450103759766,29312000,0.0,0.0
2016-06-22,34.952999114990234,35.042999267578125,34.65409851074219,34.87300109863281,34.8333625793457,23686000,0.0,0.0
2016-06-23,34.872501373291016,35.09749984741211,34.349998474121094,35.09349822998047,35.05360794067383,43428000,0.0,0.0
2016-06-24,33.75849914550781,34.470001220703125,33.67250061035156,33.76100158691406,33.722625732421875,88980000,0.0,0.0
2016-06-27,33.54999923706055,33.6150016784668,33.16419982910156,33.41299819946289,33.37501907348633,52580000,0.0,0.0
2016-06-28,33.94850158691406,34.01649856567383,33.650001525878906,34.00199890136719,33.963348388671875,43476000,0.0,0.0
2016-06-29,34.150001525878906,34.3714485168457,34.070499420166016,34.205501556396484,34.166622161865234,38652000,0.0,0.0
2016-06-30,34.27349853515625,34.61600112915039,34.182498931884766,34.60499954223633,34.56566619873047,31954000,0.0,0.0
2016-07-01,34.61000061035156,35.032501220703125,34.60649871826172,34.96049880981445,34.92076110839844,26894000,0.0,0.0
2016-07-05,34.803001403808594,34.84700012207031,34.444000244140625,34.747501373291016,34.708003997802734,29252000,0.0,0.0
2016-07-06,34.499000549316406,35.08399963378906,34.454498291015625,34.88850021362305,34.84884262084961,28238000,0.0,0.0
2016-07-07,34.90399932861328,34.90999984741211,34.41075134277344,34.768001556396484,34.72848129272461,26084000,0.0,0.0
2016-07-08,34.974998474121094,35.285499572753906,34.82175064086914,35.28150177001953,35.241397857666016,31504000,0.0,0.0
2016-07-11,35.40250015258789,35.82550048828125,35.36199951171875,35.75450134277344,35.71385955810547,22236000,0.0,0.0
2016-07-12,35.95600128173828,36.14699935913086,35.795501708984375,36.03200149536133,35.99104690551758,26738000,0.0,0.0
2016-07-13,36.180999755859375,36.20000076293945,35.842498779296875,35.8489990234375,35.808250427246094,18718000,0.0,0.0
2016-07-14,36.07899856567383,36.11050033569336,35.9015007019043,36.04750061035156,36.006526947021484,19004000,0.0,0.0
2016-07-15,36.2864990234375,36.2869987487793,35.95275115966797,35.99250030517578,35.95158767700195,25586000,0.0,0.0
2016-07-18,36.135501861572266,36.80649948120117,36.05950164794922,36.68899917602539,36.64729690551758,25910000,0.0,0.0
2016-07-19,36.49449920654297,36.8494987487793,36.45000076293945,36.84799957275391,36.806114196777344,24550000,0.0,0.0
2016-07-20,36.86650085449219,37.10649871826172,36.85499954223633,37.05950164794922,37.01737594604492,25794000,0.0,0.0
2016-07-21,37.01800155639648,37.08449935913086,36.79154968261719,36.93149948120117,36.88952255249024,20526000,0.0,0.0
2016-07-22,37.09299850463867,37.1619987487793,36.82799911499024,37.137001037597656,37.09478759765625,25196000,0.0,0.0
2016-07-25,37.03350067138672,37.13050079345703,36.875,36.98849868774414,36.94645690917969,20648000,0.0,0.0
2016-07-26,36.95199966430664,37.08449935913086,36.7135009765625,36.92100143432617,36.87903594970703,23734000,0.0,0.0
2016-07-27,36.91400146484375,37.22299957275391,36.84999847412109,37.0885009765625,37.04634475708008,30250000,0.0,0.0
2016-07-28,37.35200119018555,37.432498931884766,36.96500015258789,37.295501708984375,37.25310897827149,70604000,0.0,0.0
2016-07-29,38.635501861572266,38.9275016784668,38.3385009765625,38.43949890136719,38.39580535888672,76830000,0.0,0.0
2016-08-01,38.054500579833984,39.02149963378906,38.054500579833984,38.64400100708008,38.600074768066406,54010000,0.0,0.0
2016-08-02,38.43450164794922,38.79199981689453,38.39250183105469,38.55350112915039,38.50967788696289,35690000,0.0,0.0
2016-08-03,38.35900115966797,38.66049957275391,38.34099960327149,38.65900039672852,38.61505889892578,25748000,0.0,0.0
2016-08-04,38.61100006103516,38.70349884033203,38.43975067138672,38.58050155639648,38.53664779663086,22806000,0.0,0.0
2016-08-05,38.68899917602539,39.152000427246094,38.617000579833984,39.11100006103516,39.06654357910156,36024000,0.0,0.0
2016-08-08,39.09999847412109,39.13150024414063,38.90454864501953,39.0880012512207,39.04357147216797,22158000,0.0,0.0
2016-08-09,39.05500030517578,39.446998596191406,39.02849960327149,39.2130012512207,39.16843032836914,26378000,0.0,0.0
2016-08-10,39.1875,39.340599060058594,39.13890075683594,39.23400115966797,39.18940353393555,15728000,0.0,0.0
2016-08-11,39.25,39.48749923706055,39.14849853515625,39.24250030517578,39.19789505004883,19502000,0.0,0.0
2016-08-12,39.07500076293945,39.16975021362305,39.02000045776367,39.1609992980957,39.116485595703125,14810000,0.0,0.0
2016-08-15,39.1875,39.3745002746582,39.00550079345703,39.12200164794922,39.07753372192383,18764000,0.0,0.0
2016-08-16,39.01499938964844,39.04899978637695,38.67219924926758,38.85699844360352,38.81283187866211,20560000,0.0,0.0
2016-08-17,38.86600112915039,39.04050064086914,38.67649841308594,38.99549865722656,38.95117568969727,18484000,0.0,0.0
2016-08-18,39.0004997253418,39.14300155639648,38.84999847412109,38.875,38.830810546875,14388000,0.0,0.0
2016-08-19,38.75,38.85499954223633,38.65650177001953,38.77099990844727,38.7269287109375,17230000,0.0,0.0
2016-08-22,38.66350173950195,38.72700119018555,38.50249862670898,38.60749816894531,38.56361389160156,19028000,0.0,0.0
2016-08-23,38.77399826049805,38.821998596191406,38.58924865722656,38.604000091552734,38.56011962890625,18564000,0.0,0.0
2016-08-24,38.52899932861328,38.72499847412109,38.35350036621094,38.48199844360352,38.43825912475586,21440000,0.0,0.0
2016-08-25,38.34999847412109,38.59450149536133,38.15924835205078,38.47050094604492,38.42677307128906,18538000,0.0,0.0
2016-08-26,38.45000076293945,38.80400085449219,38.29249954223633,38.47700119018555,38.43326568603516,23334000,0.0,0.0
2016-08-29,38.4370002746582,38.7495002746582,38.33074951171875,38.60749816894531,38.56361389160156,16952000,0.0,0.0
2016-08-30,38.46649932861328,38.72330093383789,38.34199905395508,38.454498291015625,38.410789489746094,22600000,0.0,0.0
2016-08-31,38.35049819946289,38.454498291015625,38.26900100708008,38.352500915527344,38.30890655517578,24972000,0.0,0.0
2016-09-01,38.462501525878906,38.55099868774414,38.21500015258789,38.43899917602539,38.39530563354492,18502000,0.0,0.0
2016-09-02,38.6505012512207,38.69599914550781,38.420501708984375,38.573001861572266,38.52915573120117,21454000,0.0,0.0
2016-09-06,38.67250061035156,39.09999847412109,38.54999923706055,39.00400161743164,38.95966720581055,28856000,0.0,0.0
2016-09-07,39.0,39.13650131225586,38.810001373291016,39.01750183105469,38.97315216064453,17874000,0.0,0.0
2016-09-08,38.929500579833984,39.01750183105469,38.67900085449219,38.76599884033203,38.7219352722168,25406000,0.0,0.0
2016-09-09,38.505001068115234,38.66225051879883,37.983001708984375,37.983001708984375,37.93982696533203,37710000,0.0,0.0
2016-09-12,37.75650024414063,38.51449966430664,37.70000076293945,38.45100021362305,38.40729522705078,26220000,0.0,0.0
2016-09-13,38.2239990234375,38.31100082397461,37.790000915527344,37.984500885009766,37.94132614135742,27900000,0.0,0.0
2016-09-14,37.980499267578125,38.38399887084961,37.95550155639648,38.1245002746582,38.0811653137207,21748000,0.0,0.0
2016-09-15,38.14450073242188,38.68999862670898,37.99800109863281,38.5880012512207,38.54413986206055,26102000,0.0,0.0
2016-09-16,38.48749923706055,38.48749923706055,38.233001708984375,38.44400024414063,38.40030288696289,40986000,0.0,0.0
2016-09-19,38.62099838256836,38.70000076293945,38.222049713134766,38.28499984741211,38.24148178100586,23456000,0.0,0.0
2016-09-20,38.45000076293945,38.666500091552734,38.42649841308594,38.570499420166016,38.52665710449219,19572000,0.0,0.0
2016-09-21,38.632999420166016,38.858001708984375,38.4150505065918,38.81100082397461,38.76688766479492,23356000,0.0,0.0
2016-09-22,39.0,39.49250030517578,38.922000885009766,39.36050033569336,39.31576156616211,29724000,0.0,0.0
2016-09-23,39.329498291015625,39.44649887084961,39.20750045776367,39.345001220703125,39.30027770996094,28238000,0.0,0.0
2016-09-26,39.137001037597656,39.137001037597656,38.65349960327149,38.71049880981445,38.66649627685547,30664000,0.0,0.0
2016-09-27,38.775001525878906,39.29949951171875,38.71540069580078,39.1505012512207,39.10599899291992,23064000,0.0,0.0
2016-09-28,38.89250183105469,39.09049987792969,38.74850082397461,39.07799911499024,39.0335807800293,22196000,0.0,0.0
2016-09-29,39.071998596191406,39.290000915527344,38.71160125732422,38.7504997253418,38.70645523071289,26294000,0.0,0.0
2016-09-30,38.81650161743164,39.047000885009766,38.704498291015625,38.86449813842773,38.8203239440918,31706000,0.0,0.0
2016-10-03,38.712501525878906,38.80324935913086,38.47499847412109,38.62799835205078,38.58409118652344,25576000,0.0,0.0
2016-10-04,38.80149841308594,38.93550109863281,38.64450073242188,38.82149887084961,38.77737045288086,24028000,0.0,0.0
2016-10-05,38.96549987792969,39.10350036621094,38.782501220703125,38.82350158691406,38.77937316894531,29224000,0.0,0.0
2016-10-06,38.95000076293945,39.02399826049805,38.777000427246094,38.84299850463867,38.79884719848633,21414000,0.0,0.0
2016-10-07,38.983001708984375,38.983001708984375,38.53749847412109,38.75400161743164,38.70995330810547,18664000,0.0,0.0
2016-10-10,38.885501861572266,39.46900177001953,38.79349899291992,39.297000885009766,39.25233459472656,23498000,0.0,0.0
2016-10-11,39.33300018310547,39.61399841308594,39.02899932861328,39.15349960327149,39.10899353027344,27450000,0.0,0.0
2016-10-12,39.1879997253418,39.40650177001953,39.10300064086914,39.30699920654297,39.26232147216797,18748000,0.0,0.0
2016-10-13,39.06100082397461,39.06100082397461,38.650001525878906,38.90950012207031,38.865272521972656,27306000,0.0,0.0
2016-10-14,39.08250045776367,39.1974983215332,38.79999923706055,38.92649841308594,38.88225173950195,17050000,0.0,0.0
2016-10-17,38.9900016784668,39.29249954223633,38.875,38.99800109863281,38.95367431640625,21860000,0.0,0.0
2016-10-18,39.39250183105469,40.08050155639648,39.27825164794922,39.76300048828125,39.717803955078125,41138000,0.0,0.0
2016-10-19,39.9119987487793,40.22999954223633,39.9015007019043,40.07500076293945,40.02944946289063,35336000,0.0,0.0
2016-10-20,40.165000915527344,40.19850158691406,39.80149841308594,39.8484992980957,39.80320358276367,35150000,0.0,0.0
2016-10-21,39.75,39.97499847412109,39.70000076293945,39.96849822998047,39.92306900024414,25324000,0.0,0.0
2016-10-24,40.244998931884766,40.75899887084961,40.24100112915039,40.65549850463867,40.60928726196289,33950000,0.0,0.0
2016-10-25,40.83399963378906,40.83399963378906,40.25699996948242,40.38349914550781,40.33759689331055,31528000,0.0,0.0
2016-10-26,40.31700134277344,40.3489990234375,39.81600189208984,39.95349884033203,39.908084869384766,32954000,0.0,0.0
2016-10-27,40.04999923706055,40.17449951171875,39.57500076293945,39.76750183105469,39.7223014831543,54984000,0.0,0.0
2016-10-28,40.41749954223633,40.77450180053711,39.679500579833984,39.76850128173828,39.72329711914063,85398000,0.0,0.0
2016-10-31,39.77349853515625,39.84299850463867,39.20000076293945,39.22700119018555,39.18241500854492,48546000,0.0,0.0
2016-11-01,39.14450073242188,39.4744987487793,38.777000427246094,39.18050003051758,39.135963439941406,48128000,0.0,0.0
2016-11-02,38.90999984741211,39.08250045776367,38.17250061035156,38.435001373291016,38.39131546020508,37448000,0.0,0.0
2016-11-03,38.36249923706055,38.497501373291016,37.95149993896485,38.10649871826172,38.06318283081055,38864000,0.0,0.0
2016-11-04,37.53300094604492,38.51800155639648,37.52804946899414,38.10100173950195,38.05769348144531,42696000,0.0,0.0
2016-11-07,38.72499847412109,39.259498596191406,38.62749862670898,39.1259994506836,39.08152770996094,31702000,0.0,0.0
2016-11-08,39.16999816894531,39.78165054321289,39.009498596191406,39.5255012512207,39.48057556152344,27338000,0.0,0.0
2016-11-09,38.99700164794922,39.56135177612305,38.58349990844727,39.26549911499024,39.22086715698242,52142000,0.0,0.0
2016-11-10,39.55849838256836,39.55849838256836,37.60900115966797,38.12799835205078,38.084659576416016,94904000,0.0,0.0
2016-11-11,37.82699966430664,38.03900146484375,37.51900100708008,37.70100021362305,37.658145904541016,48636000,0.0,0.0
2016-11-14,37.77999877929688,37.89250183105469,36.37699890136719,36.80400085449219,36.762168884277344,73088000,0.0,0.0
2016-11-15,37.3484992980957,38.22079849243164,37.3484992980957,37.92449951171875,37.88139343261719,47680000,0.0,0.0
2016-11-16,37.7599983215332,38.31800079345703,37.5255012512207,38.2239990234375,38.18054962158203,29452000,0.0,0.0
2016-11-17,38.34600067138672,38.6349983215332,38.21149826049805,38.561500549316406,38.517669677734375,26080000,0.0,0.0
2016-11-18,38.56850051879883,38.75,38.0,38.027000427246094,37.9837760925293,30942000,0.0,0.0
2016-11-21,38.13050079345703,38.48500061035156,38.02999877929688,38.459999084472656,38.416282653808594,26612000,0.0,0.0
2016-11-22,38.63150024414063,38.84799957275391,38.34999847412109,38.41350173950195,38.36983871459961,31862000,0.0,0.0
2016-11-23,38.38650131225586,38.41415023803711,37.76250076293945,38.04949951171875,38.00624847412109,29568000,0.0,0.0
2016-11-25,38.2130012512207,38.25,38.0260009765625,38.08399963378906,38.04071044921875,11748000,0.0,0.0
2016-11-28,38.0,38.97650146484375,37.9900016784668,38.4119987487793,38.36833572387695,43764000,0.0,0.0
2016-11-29,38.57649993896485,38.92499923706055,38.4119987487793,38.54199981689453,38.498191833496094,32332000,0.0,0.0
2016-11-30,38.50350189208984,38.64950180053711,37.74150085449219,37.902000427246094,37.858917236328125,47858000,0.0,0.0
2016-12-01,37.87200164794922,37.99250030517578,36.85124969482422,37.39599990844727,37.353492736816406,60358000,0.0,0.0
2016-12-02,37.22949981689453,37.70000076293945,37.15499877929688,37.525001525878906,37.48234939575195,29050000,0.0,0.0
2016-12-05,37.885501861572266,38.19499969482422,37.64500045776367,38.1259994506836,38.082664489746094,27884000,0.0,0.0
2016-12-06,38.23649978637695,38.44150161743164,37.867000579833984,37.95550155639648,37.912357330322266,33814000,0.0,0.0
2016-12-07,38.04999923706055,38.56800079345703,37.790000915527344,38.55950164794922,38.51567077636719,35220000,0.0,0.0
2016-12-08,38.624000549316406,38.90900039672852,38.36149978637695,38.82099914550781,38.77687454223633,29762000,0.0,0.0
2016-12-09,39.0,39.47150039672852,38.9510498046875,39.464500427246094,39.41964340209961,36438000,0.0,0.0
2016-12-12,39.25199890136719,39.5625,39.217750549316406,39.4635009765625,39.418643951416016,42082000,0.0,0.0
2016-12-13,39.69499969482422,40.21900177001953,39.66699981689453,39.80500030517578,39.7597541809082,42904000,0.0,0.0
2016-12-14,39.869998931884766,40.20000076293945,39.70050048828125,39.85350036621094,39.80820083618164,34084000,0.0,0.0
2016-12-15,39.867000579833984,40.150001525878906,39.64599990844727,39.89250183105469,39.8471565246582,32530000,0.0,0.0
2016-12-16,40.02000045776367,40.04280090332031,39.51449966430664,39.540000915527344,39.49505615234375,48876000,0.0,0.0
2016-12-19,39.51100158691406,39.882999420166016,39.3134994506836,39.709999084472656,39.66486358642578,24642000,0.0,0.0
2016-12-20,39.8380012512207,39.932498931884766,39.66350173950195,39.82099914550781,39.77573776245117,19020000,0.0,0.0
2016-12-21,39.79199981689453,39.83380126953125,39.35499954223633,39.72800064086914,39.68284225463867,24226000,0.0,0.0
2016-12-22,39.61800003051758,39.66600036621094,39.42900085449219,39.5629997253418,39.518028259277344,19444000,0.0,0.0
2016-12-23,39.54499816894531,39.637001037597656,39.36399841308594,39.49549865722656,39.45060729980469,12468000,0.0,0.0
2016-12-27,39.53400039672852,39.89300155639648,39.382850646972656,39.57749938964844,39.53251266479492,15782000,0.0,0.0
2016-12-28,39.685001373291016,39.71149826049805,39.15999984741211,39.25249862670898,39.20788192749024,23076000,0.0,0.0
2016-12-29,39.166500091552734,39.29650115966797,38.94599914550781,39.13949966430664,39.09501266479492,14886000,0.0,0.0
2016-12-30,39.13750076293945,39.13899993896485,38.52050018310547,38.59099960327149,38.54713439941406,35400000,0.0,0.0
2017-01-03,38.94049835205078,39.48149871826172,38.790000915527344,39.30699920654297,39.26232147216797,33146000,0.0,0.0
2017-01-04,39.417999267578125,39.56700134277344,39.15800094604492,39.345001220703125,39.30027770996094,21460000,0.0,0.0
2017-01-05,39.30400085449219,39.7239990234375,39.2509994506836,39.70100021362305,39.6558723449707,26704000,0.0,0.0
2017-01-06,39.76300048828125,40.39500045776367,39.610198974609375,40.307498931884766,40.26168441772461,32804000,0.0,0.0
2017-01-09,40.31999969482422,40.49829864501953,40.14149856567383,40.33250045776367,40.28665542602539,25492000,0.0,0.0
2017-01-10,40.39300155639648,40.45650100708008,40.17549896240234,40.23949813842773,40.19375991821289,23536000,0.0,0.0
2017-01-11,40.25,40.407501220703125,40.06850051879883,40.39550018310547,40.34958267211914,21318000,0.0,0.0
2017-01-12,40.35699844360352,40.36949920654297,39.95849990844727,40.31800079345703,40.27217102050781,27062000,0.0,0.0
2017-01-13,40.374000549316406,40.56119918823242,40.33449935913086,40.39400100708008,40.348087310791016,21984000,0.0,0.0
2017-01-17,40.354000091552734,40.35699844360352,40.01850128173828,40.230499267578125,40.18477249145508,27242000,0.0,0.0
2017-01-18,40.29050064086914,40.31024932861328,40.04949951171875,40.30350112915039,40.2576904296875,25888000,0.0,0.0
2017-01-19,40.25600051879883,40.4739990234375,40.09000015258789,40.10874938964844,40.06315994262695,18386000,0.0,0.0
2017-01-20,40.34550094604492,40.34550094604492,40.08449935913086,40.2509994506836,40.20524597167969,33400000,0.0,0.0
2017-01-23,40.36249923706055,41.04349899291992,40.1870002746582,40.96549987792969,40.91893768310547,39272000,0.0,0.0
2017-01-24,41.1150016784668,41.29499816894531,40.89104843139648,41.19350051879883,41.14667892456055,29480000,0.0,0.0
2017-01-25,41.48099899291992,41.78850173950195,41.25299835205078,41.78350067138672,41.73600769042969,29890000,0.0,0.0
2017-01-26,41.89049911499024,41.900001525878906,41.35049819946289,41.60749816894531,41.560203552246094,59478000,0.0,0.0
2017-01-27,41.73550033569336,42.09749984741211,41.02199935913086,41.16550064086914,41.11870956420898,59316000,0.0,0.0
2017-01-30,40.733001708984375,40.79199981689453,39.9900016784668,40.11600112915039,40.070404052734375,64932000,0.0,0.0
2017-01-31,39.84299850463867,40.0625,39.5260009765625,39.839500427246094,39.79421615600586,43212000,0.0,0.0
2017-02-01,39.98400115966797,40.05950164794922,39.55950164794922,39.78475189208984,39.73952865600586,40594000,0.0,0.0
2017-02-02,39.68999862670898,40.1349983215332,39.59999847412109,39.92649841308594,39.8811149597168,30642000,0.0,0.0
2017-02-03,40.14950180053711,40.29999923706055,40.01850128173828,40.074501037597656,40.02894973754883,29268000,0.0,0.0
2017-02-06,39.98500061035156,40.08349990844727,39.76250076293945,40.06700134277344,40.02145767211914,23690000,0.0,0.0
2017-02-07,40.199501037597656,40.525001525878906,40.0890007019043,40.3484992980957,40.30263519287109,24824000,0.0,0.0
2017-02-08,40.34999847412109,40.59199905395508,40.15950012207031,40.41899871826172,40.37305450439453,23106000,0.0,0.0
2017-02-09,40.47549819946289,40.53300094604492,40.22700119018555,40.47800064086914,40.43199157714844,19794000,0.0,0.0
2017-02-10,40.584999084472656,40.76250076293945,40.48899841308594,40.68349838256836,40.63725662231445,22700000,0.0,0.0
2017-02-13,40.79999923706055,41.047950744628906,40.77450180053711,40.96200180053711,40.91544342041016,24266000,0.0,0.0
2017-02-14,40.95000076293945,41.150001525878906,40.79999923706055,41.022499084472656,40.97587203979492,21094000,0.0,0.0
2017-02-15,40.96799850463867,41.150001525878906,40.92350006103516,40.94900131225586,40.9024543762207,26272000,0.0,0.0
2017-02-16,40.99649810791016,41.220001220703125,40.94900131225586,41.20800018310547,41.16115951538086,25752000,0.0,0.0
2017-02-17,41.1510009765625,41.40349960327149,41.08274841308594,41.40349960327149,41.35643768310547,32220000,0.0,0.0
2017-02-21,41.43299865722656,41.67250061035156,41.41749954223633,41.58300018310547,41.535736083984375,25246000,0.0,0.0
2017-02-22,41.43299865722656,41.66249847412109,41.43199920654297,41.53799819946289,41.49078369140625,19658000,0.0,0.0
2017-02-23,41.50600051879883,41.62300109863281,41.14400100708008,41.56650161743164,41.51925277709961,29456000,0.0,0.0
2017-02-24,41.38650131225586,41.45000076293945,41.209999084472656,41.43199920654297,41.38490676879883,27844000,0.0,0.0
2017-02-27,41.227500915527344,41.525001525878906,41.20000076293945,41.4640007019043,41.4168701171875,22030000,0.0,0.0
2017-02-28,41.28049850463867,41.42699813842773,41.0099983215332,41.16049957275391,41.113712310791016,45216000,0.0,0.0
2017-03-01,41.442501068115234,41.81275177001953,41.36299896240234,41.762001037597656,41.71453094482422,29930000,0.0,0.0
2017-03-02,41.692501068115234,41.72549819946289,41.48199844360352,41.53150177001953,41.48429489135742,18850000,0.0,0.0
2017-03-03,41.52799987792969,41.56800079345703,41.28755187988281,41.45399856567383,41.40687942504883,17928000,0.0,0.0
2017-03-06,41.34749984741211,41.44400024414063,41.119998931884766,41.38899993896485,41.34195327758789,22180000,0.0,0.0
2017-03-07,41.369998931884766,41.670501708984375,41.32600021362305,41.59550094604492,41.548221588134766,20752000,0.0,0.0
2017-03-08,41.67549896240234,41.907501220703125,41.589500427246094,41.76850128173828,41.72102355957031,19796000,0.0,0.0
2017-03-09,41.79999923706055,42.09999847412109,41.71049880981445,41.93399810791016,41.88633346557617,25230000,0.0,0.0
2017-03-10,42.16400146484375,42.24549865722656,41.97499847412109,42.16249847412109,42.11457443237305,34080000,0.0,0.0
2017-03-13,42.20000076293945,42.43424987792969,42.16249847412109,42.277000427246094,42.228946685791016,24472000,0.0,0.0
2017-03-14,42.18199920654297,42.36199951171875,42.040000915527344,42.28099822998047,42.232940673828125,15598000,0.0,0.0
2017-03-15,42.37950134277344,42.43149948120117,42.03850173950195,42.36000061035156,42.31185150146485,27630000,0.0,0.0
2017-03-16,42.45149993896485,42.54249954223633,42.30649948120117,42.43899917602539,42.39076232910156,19552000,0.0,0.0
2017-03-17,42.58050155639648,42.66999816894531,42.355499267578125,42.60599899291992,42.55757141113281,34246000,0.0,0.0
2017-03-20,42.5004997253418,42.51100158691406,42.25749969482422,42.41999816894531,42.37178039550781,24630000,0.0,0.0
2017-03-21,42.56999969482422,42.67499923706055,41.45100021362305,41.52299880981445,41.47579956054688,49270000,0.0,0.0
2017-03-22,41.59550094604492,41.77750015258789,41.35900115966797,41.47949981689453,41.432350158691406,28030000,0.0,0.0
2017-03-23,41.04999923706055,41.12850189208984,40.61285018920898,40.87900161743164,40.83253479003906,69742000,0.0,0.0
2017-03-24,41.00400161743164,41.09650039672852,40.44449996948242,40.72150039672852,40.67521286010742,39620000,0.0,0.0
2017-03-27,40.34749984741211,41.08150100708008,40.16849899291992,40.97549819946289,40.92892456054688,37886000,0.0,0.0
2017-03-28,41.02050018310547,41.29949951171875,40.70135116577149,41.04600143432617,40.99934768676758,32410000,0.0,0.0
2017-03-29,41.25,41.63824844360352,41.11899948120117,41.570499420166016,41.52324676513672,35726000,0.0,0.0
2017-03-30,41.67499923706055,41.68399810791016,41.45000076293945,41.57500076293945,41.52774429321289,21106000,0.0,0.0
2017-03-31,41.44850158691406,41.58200073242188,41.36949920654297,41.47800064086914,41.43085479736328,28038000,0.0,0.0
2017-04-03,41.46099853515625,42.04249954223633,41.46099853515625,41.9275016784668,41.879844665527344,33430000,0.0,0.0
2017-04-04,41.56800079345703,41.75899887084961,41.45180130004883,41.72850036621094,41.68106842041016,20908000,0.0,0.0
2017-04-05,41.7755012512207,42.122501373291016,41.5359992980957,41.570499420166016,41.52324676513672,31106000,0.0,0.0
2017-04-06,41.619998931884766,41.81949996948242,41.323001861572266,41.39400100708008,41.34695053100586,25088000,0.0,0.0
2017-04-07,41.39799880981445,41.42425155639648,41.02565002441406,41.23350143432617,41.1866340637207,21146000,0.0,0.0
2017-04-10,41.26950073242188,41.46749877929688,41.1884994506836,41.23649978637695,41.18962860107422,19578000,0.0,0.0
2017-04-11,41.23550033569336,41.3713493347168,40.85100173950195,41.16749954223633,41.120704650878906,21594000,0.0,0.0
2017-04-12,41.09650039672852,41.33300018310547,41.05099868774414,41.21599960327149,41.16915130615234,18010000,0.0,0.0
2017-04-13,41.10699844360352,41.31900024414063,41.071998596191406,41.178001403808594,41.131195068359375,22448000,0.0,0.0
2017-04-17,41.2504997253418,41.88750076293945,41.2234992980957,41.85850143432617,41.81092071533203,17900000,0.0,0.0
2017-04-18,41.71099853515625,41.94649887084961,41.635501861572266,41.84099960327149,41.79344177246094,16734000,0.0,0.0
2017-04-19,41.98949813842773,42.11100006103516,41.81449890136719,41.91049957275391,41.86286163330078,19084000,0.0,0.0
2017-04-20,42.071998596191406,42.2599983215332,41.96599960327149,42.08250045776367,42.03466797,19180000,0.0,0.0
2017-04-21,42.14400100708008,42.19400024414063,42.02999877929688,42.15950012207031,42.11157989501953,26472000,0.0,0.0
2017-04-24,42.560001373291016,43.17250061035156,42.49300003051758,43.13800048828125,43.088966369628906,27450000,0.0,0.0
2017-04-25,43.25,43.75,43.14049911499024,43.6150016784668,43.565425872802734,33440000,0.0,0.0
2017-04-26,43.71149826049805,43.8025016784668,43.38740158081055,43.58649826049805,43.536956787109375,24744000,0.0,0.0
2017-04-27,43.68000030517578,43.77000045776367,43.51900100708008,43.712501525878906,43.66281509399414,40536000,0.0,0.0
2017-04-28,45.53300094604492,45.84249877929688,45.28850173950195,45.29800033569336,45.24651336669922,65526000,0.0,0.0
2017-05-01,45.09700012207031,45.78400039672852,45.0724983215332,45.62850189208984,45.576637268066406,42320000,0.0,0.0
2017-05-02,45.48099899291992,46.03850173950195,45.47264862060547,45.821998596191406,45.76991271972656,31744000,0.0,0.0
2017-05-03,45.74300003051758,46.40499877929688,45.62715148925781,46.35200119018555,46.29931641,29990000,0.0,0.0
2017-05-04,46.30350112915039,46.79650115966797,46.22949981689453,46.58300018310547,46.530052185058594,28442000,0.0,0.0
2017-05-05,46.67699813842773,46.744998931884766,46.2599983215332,46.35649871826172,46.30380630493164,38226000,0.0,0.0
2017-05-08,46.305999755859375,46.84624862670898,46.26300048828125,46.71500015258789,46.66189956665039,26596000,0.0,0.0
2017-05-09,46.84749984741211,46.875,46.47650146484375,46.60850143432617,46.55552291870117,31636000,0.0,0.0
2017-05-10,46.5989990234375,46.59999847412109,46.257999420166016,46.43899917602539,46.38621520996094,23478000,0.0,0.0
2017-05-11,46.26599884033203,46.62649917602539,46.1515007019043,46.52999877929688,46.47711181640625,16700000,0.0,0.0
2017-05-12,46.57649993896485,46.672000885009766,46.39250183105469,46.61100006103516,46.55801773071289,21012000,0.0,0.0
2017-05-15,46.647499084472656,46.91249847412109,46.46699905395508,46.854000091552734,46.800743103027344,22162000,0.0,0.0
2017-05-16,47.0,47.15549850463867,46.87900161743164,47.150001525878906,47.09640884399414,19390000,0.0,0.0
2017-05-17,46.78350067138672,46.96664810180664,45.90700149536133,45.98099899291992,45.9287338256836,47242000,0.0,0.0
2017-05-18,46.04999923706055,46.65850067138672,45.9375,46.512001037597656,46.45913314819336,31938000,0.0,0.0
2017-05-19,46.57350158691406,46.88774871826172,46.54999923706055,46.70050048828125,46.64741897583008,27860000,0.0,0.0
2017-05-22,46.75,47.09415054321289,46.75,47.09299850463867,47.03947067260742,22408000,0.0,0.0
2017-05-23,47.39599990844727,47.57334899902344,47.12874984741211,47.44100189208984,47.38707733154297,25416000,0.0,0.0
2017-05-24,47.64899826049805,47.75450134277344,47.47499847412109,47.74800109863281,47.693729400634766,20496000,0.0,0.0
2017-05-25,47.86650085449219,48.63145065307617,47.77349853515625,48.47700119018555,48.4218978881836,33210000,0.0,0.0
2017-05-26,48.48500061035156,48.749000549316406,48.25149917602539,48.57350158691406,48.51829147338867,25040000,0.0,0.0
2017-05-30,48.51549911499024,48.810001373291016,48.4744987487793,48.79399871826172,48.7385368347168,29334000,0.0,0.0
2017-05-31,48.7509994506836,48.9635009765625,48.00899887084961,48.24300003051758,48.18816375732422,48962000,0.0,0.0
2017-06-01,48.4474983215332,48.57500076293945,48.0004997253418,48.34749984741211,48.29254531860352,28210000,0.0,0.0
2017-06-02,48.47299957275391,48.79399871826172,48.29999923706055,48.77999877929688,48.724552154541016,35020000,0.0,0.0
2017-06-05,48.82749938964844,49.34550094604492,48.755001068115234,49.18399810791016,49.12809371948242,25042000,0.0,0.0
2017-06-06,49.15800094604492,49.41249847412109,48.75699996948242,48.82849884033203,48.77299880981445,36292000,0.0,0.0
2017-06-07,49.0,49.19900131225586,48.797000885009766,49.047000885009766,48.99125289916992,29078000,0.0,0.0
2017-06-08,49.11750030517578,49.22850036621094,48.86000061035156,49.170501708984375,49.1146125793457,29638000,0.0,0.0
2017-06-09,49.22499847412109,49.22499847412109,46.78150177001953,47.49150085449219,47.43751907348633,66188000,0.0,0.0
2017-06-12,46.97800064086914,47.467750549316406,45.76165008544922,47.14500045776367,47.09141159057617,75270000,0.0,0.0
2017-06-13,47.59550094604492,47.999000549316406,47.204498291015625,47.66999816894531,47.615814208984375,40266000,0.0,0.0
2017-06-14,47.99599838256836,48.057498931884766,47.11249923706055,47.53799819946289,47.48396301269531,29794000,0.0,0.0
2017-06-15,46.69850158691406,47.16695022583008,46.22200012207031,47.115501403808594,47.06194686889648,42662000,0.0,0.0
2017-06-16,47.0,47.10200119018555,46.57975006103516,46.98899841308594,46.93558883666992,61894000,0.0,0.0
2017-06-19,47.49800109863281,47.9995002746582,47.45249938964844,47.868499755859375,47.814090728759766,30666000,0.0,0.0
2017-06-20,47.8759994506836,48.08100128173828,47.5004997253418,47.53150177001953,47.47747421264648,22520000,0.0,0.0
2017-06-21,47.68199920654297,48.005001068115234,47.53799819946289,47.97249984741211,47.91797256469727,24044000,0.0,0.0
2017-06-22,47.935001373291016,48.0359992980957,47.727500915527344,47.85449981689453,47.800106048583984,18828000,0.0,0.0
2017-06-23,47.84149932861328,48.29999923706055,47.709999084472656,48.27949905395508,48.2246208190918,30558000,0.0,0.0
2017-06-26,48.494998931884766,48.66550064086914,47.53950119018555,47.61349868774414,47.55937957763672,31968000,0.0,0.0
2017-06-27,47.12300109863281,47.41450119018555,46.34249877929688,46.36650085449219,46.31379699707031,51598000,0.0,0.0
2017-06-28,46.45000076293945,47.13750076293945,45.79999923706055,47.02450180053711,46.97105026245117,54428000,0.0,0.0
2017-06-29,46.49599838256836,46.5629997253418,45.53099822998047,45.88949966430664,45.83733749389648,65984000,0.0,0.0
2017-06-30,46.3025016784668,46.3025016784668,45.41550064086914,45.436500549316406,45.38485336303711,41804000,0.0,0.0
2017-07-03,45.60900115966797,45.696998596191406,44.73949813842773,44.935001373291016,44.88392639160156,34196000,0.0,0.0
2017-07-05,45.0880012512207,45.72549819946289,44.92499923706055,45.58549880981445,45.53368377685547,36278000,0.0,0.0
2017-07-06,45.20600128173828,45.74720001220703,44.98500061035156,45.33449935913086,45.2829704284668,28490000,0.0,0.0
2017-07-07,45.442501068115234,46.07699966430664,45.442501068115234,45.929500579833984,45.87729263305664,32756000,0.0,0.0
2017-07-10,46.0885009765625,46.51900100708008,45.97949981689453,46.43999862670898,46.38721084594727,23856000,0.0,0.0
2017-07-11,46.47700119018555,46.57149887084961,46.09999847412109,46.50450134277344,46.45164108276367,22264000,0.0,0.0
2017-07-12,46.93399810791016,47.31499862670898,46.7234992980957,47.19150161743164,47.13785934448242,30642000,0.0,0.0
2017-07-13,47.31449890136719,47.72249984741211,47.1505012512207,47.358001708984375,47.30417251586914,25894000,0.0,0.0
2017-07-14,47.59999847412109,47.84550094604492,47.40024948120117,47.79949951171875,47.74516677856445,21076000,0.0,0.0
2017-07-17,47.84999847412109,48.0369987487793,47.46205139160156,47.67100143432617,47.616817474365234,23310000,0.0,0.0
2017-07-18,47.650001525878906,48.402000427246094,47.52999877929688,48.27000045776367,48.21513366699219,23080000,0.0,0.0
2017-07-19,48.391998291015625,48.652000427246094,48.20149993896485,48.54449844360352,48.48931884765625,24490000,0.0,0.0
2017-07-20,48.75,48.79499816894531,48.07550048828125,48.407501220703125,48.35247802734375,32490000,0.0,0.0
2017-07-21,48.11249923706055,48.6614990234375,48.00749969482422,48.64599990844727,48.59070587158203,34220000,0.0,0.0
2017-07-24,48.61100006103516,49.310001373291016,48.53850173950195,49.016998291015625,48.96128082275391,64966000,0.0,0.0
2017-07-25,47.69049835205078,47.98500061035156,47.27000045776367,47.53499984741211,47.4809684753418,93220000,0.0,0.0
2017-07-26,47.73400115966797,47.75,47.11394882202149,47.38999938964844,47.33613204956055,41766000,0.0,0.0
2017-07-27,47.5890007019043,47.5890007019043,46.0,46.704498291015625,46.65141296386719,64260000,0.0,0.0
2017-07-28,46.470001220703125,47.19150161743164,46.375,47.07649993896485,47.02299118041992,36928000,0.0,0.0
2017-07-31,47.09450149536133,47.179500579833984,46.30199813842773,46.525001525878906,46.47211837768555,39402000,0.0,0.0
2017-08-01,46.61899948120117,46.87234878540039,46.4630012512207,46.541500091552734,46.48859786987305,25554000,0.0,0.0
2017-08-02,46.43050003051758,46.630001068115234,45.83399963378906,46.51950073242188,46.46662521362305,36488000,0.0,0.0
2017-08-03,46.516998291015625,46.61199951171875,46.11199951171875,46.182498931884766,46.1300048828125,24050000,0.0,0.0
2017-08-04,46.337501525878906,46.51535034179688,46.1515007019043,46.39799880981445,46.34526062011719,21646000,0.0,0.0
2017-08-07,46.45299911499024,46.584999084472656,46.32500076293945,46.46799850463867,46.41518020629883,20644000,0.0,0.0
2017-08-08,46.35449981689453,46.79069900512695,46.28049850463867,46.339500427246094,46.28682708740234,21232000,0.0,0.0
2017-08-09,46.03049850463867,46.29899978637695,45.86249923706055,46.14500045776367,46.09254837036133,23842000,0.0,0.0
2017-08-10,45.87749862670898,45.9630012512207,45.30649948120117,45.36199951171875,45.31044006347656,36480000,0.0,0.0
2017-08-11,45.39849853515625,45.88899993896485,45.27899932861328,45.71950149536133,45.66753387451172,24136000,0.0,0.0
2017-08-14,46.12649917602539,46.23339844,45.90950012207031,46.13349914550781,46.08106231689453,21290000,0.0,0.0
2017-08-15,46.21149826049805,46.32749938964844,45.99100112915039,46.11100006103516,46.05858612060547,17668000,0.0,0.0
2017-08-16,46.26449966430664,46.6349983215332,46.17224884033203,46.34799957275391,46.295318603515625,20134000,0.0,0.0
2017-08-17,46.28900146484375,46.34299850463867,45.54899978637695,45.54899978637695,45.49722671508789,25544000,0.0,0.0
2017-08-18,45.51549911499024,45.76374816894531,45.35770034790039,45.53350067138672,45.48174285888672,26854000,0.0,0.0
2017-08-21,45.5,45.650001525878906,45.16999816894531,45.33300018310547,45.281471252441406,18868000,0.0,0.0
2017-08-22,45.63600158691406,46.292999267578125,45.57374954223633,46.234500885009766,46.18194961547852,23334000,0.0,0.0
2017-08-23,46.09650039672852,46.49649810791016,45.96799850463867,46.34999847412109,46.29731369018555,21804000,0.0,0.0
2017-08-24,46.43299865722656,46.54199981689453,45.775001525878906,46.06399917602539,46.01163864135742,25406000,0.0,0.0
2017-08-25,46.17449951171875,46.27774810791016,45.775001525878906,45.79449844360352,45.74244689941406,21068000,0.0,0.0
2017-08-28,45.79999923706055,45.962249755859375,45.59349822998047,45.69049835205078,45.63856506347656,21730000,0.0,0.0
2017-08-29,45.255001068115234,46.166500091552734,45.25,46.06449890136719,46.01213836669922,23712000,0.0,0.0
2017-08-30,46.00249862670898,46.54095077514648,45.98249816894531,46.47850036621094,46.4256706237793,26024000,0.0,0.0
2017-08-31,46.5880012512207,47.0989990234375,46.5880012512207,46.96649932861328,46.91311264038086,31652000,0.0,0.0
2017-09-01,47.05649948120117,47.124000549316406,46.75749969482422,46.867000579833984,46.81372833251953,18948000,0.0,0.0
2017-09-05,46.65399932861328,46.84999847412109,46.09799957275391,46.42250061035156,46.36973571777344,26528000,0.0,0.0
2017-09-06,46.50749969482422,46.54574966430664,45.9635009765625,46.39049911499024,46.3377685546875,30554000,0.0,0.0
2017-09-07,46.58649826049805,46.820499420166016,46.180999755859375,46.79750061035156,46.74430847167969,24254000,0.0,0.0
2017-09-08,46.824501037597656,46.8494987487793,46.24399948120117,46.32500076293945,46.27234649658203,20230000,0.0,0.0
2017-09-11,46.712501525878906,46.91899871826172,46.34600067138672,46.45399856567383,46.40119552612305,25340000,0.0,0.0
2017-09-12,46.62950134277344,46.67399978637695,46.19305038452149,46.60350036621094,46.55052947998047,22688000,0.0,0.0
2017-09-13,46.53300094604492,46.86249923706055,46.49300003051758,46.75450134277344,46.701358795166016,22052000,0.0,0.0
2017-09-14,46.5625,46.63850021362305,46.20000076293945,46.25550079345703,46.20292282104492,27952000,0.0,0.0
2017-09-15,46.233001708984375,46.324501037597656,45.81800079345703,46.01449966430664,45.962196350097656,50108000,0.0,0.0
2017-09-18,46.0004997253418,46.104000091552734,45.52999877929688,45.75,45.697998046875,26138000,0.0,0.0
2017-09-19,45.87099838256836,46.12099838256836,45.62749862670898,46.09049987792969,46.0381088256836,18734000,0.0,0.0
2017-09-20,46.14899826049805,46.69400024414063,46.09999847412109,46.57899856567383,46.52605438232422,33396000,0.0,0.0
2017-09-21,46.650001525878906,46.82649993896485,46.19150161743164,46.622501373291016,46.56950759887695,25812000,0.0,0.0
2017-09-22,46.38750076293945,46.73649978637695,46.32400131225586,46.42649841308594,46.37372589111328,21054000,0.0,0.0
2017-09-25,46.272499084472656,46.31999969482422,45.48500061035156,46.04850006103516,45.99615859985352,37136000,0.0,0.0
2017-09-26,46.18600082397461,46.54100036621094,46.05699920654297,46.24300003051758,46.19043731689453,33338000,0.0,0.0
2017-09-27,46.387001037597656,47.494998931884766,46.387001037597656,47.2244987487793,47.17082214355469,44788000,0.0,0.0
2017-09-28,47.06800079345703,47.53450012207031,47.02750015258789,47.47499847412109,47.42103576660156,20406000,0.0,0.0
2017-09-29,47.59999847412109,47.98929977416992,47.57550048828125,47.95550155639648,47.90099334716797,31620000,0.0,0.0
2017-10-02,47.999000549316406,48.12699890136719,47.391998291015625,47.66350173950195,47.60932540893555,25668000,0.0,0.0
2017-10-03,47.70000076293945,47.900001525878906,47.45700073242188,47.88949966430664,47.83506393432617,17766000,0.0,0.0
2017-10-04,47.84999847412109,48.01950073242188,47.53450012207031,47.58399963378906,47.529911041259766,19048000,0.0,0.0
2017-10-05,47.77450180053711,48.545501708984375,47.75899887084961,48.49800109863281,48.44287490844727,24276000,0.0,0.0
2017-10-06,48.334999084472656,48.97299957275391,48.167999267578125,48.94449996948242,48.88886642456055,23478000,0.0,0.0
2017-10-09,49.0,49.2712516784668,48.80550003051758,48.84999847412109,48.794471740722656,17828000,0.0,0.0
2017-10-10,49.0,49.07849884033203,48.30400085449219,48.630001068115234,48.57472610473633,19368000,0.0,0.0
2017-10-11,48.68600082397461,49.53549957275391,48.61249923706055,49.462501525878906,49.406280517578125,33866000,0.0,0.0
2017-10-12,49.372501373291016,49.70600128173828,49.25,49.39149856567383,49.335357666015625,25248000,0.0,0.0
2017-10-13,49.59999847412109,49.86050033569336,49.45000076293945,49.48400115966797,49.42775344848633,23396000,0.0,0.0
2017-10-16,49.60499954223633,49.695350646972656,49.20000076293945,49.59999847412109,49.54362106323242,18210000,0.0,0.0
2017-10-17,49.51449966430664,49.821998596191406,49.429500579833984,49.60900115966797,49.5526123046875,25804000,0.0,0.0
2017-10-18,49.5885009765625,49.83599853515625,49.348751068115234,49.64049911499024,49.584075927734375,21152000,0.0,0.0
2017-10-19,49.29999923706055,49.44400024414063,48.91949844360352,49.22249984741211,49.16654968261719,26272000,0.0,0.0
2017-10-20,49.47200012207031,49.54999923706055,49.229000091552734,49.40999984741211,49.35383605957031,23664000,0.0,0.0
2017-10-23,49.47600173950195,49.47600173950195,48.305999755859375,48.42250061035156,48.367462158203125,29568000,0.0,0.0
2017-10-24,48.5,48.61149978637695,48.04999923706055,48.527000427246094,48.47183990478516,24244000,0.0,0.0
2017-10-25,48.41849899291992,48.804500579833984,48.0260009765625,48.666500091552734,48.61118316650391,24226000,0.0,0.0
2017-10-26,49.0,49.380001068115234,48.61000061035156,48.62799835205078,48.57272338867188,40842000,0.0,0.0
2017-10-27,50.45949935913086,52.41949844360352,50.40999984741211,50.9635009765625,50.90557098388672,103354000,0.0,0.0
2017-10-30,50.70000076293945,51.24850082397461,50.375,50.855499267578125,50.79769515991211,41702000,0.0,0.0
2017-10-31,50.76100158691406,51.20000076293945,50.52099990844727,50.83200073242188,50.77422332763672,26614000,0.0,0.0
2017-11-01,50.86050033569336,51.48350143432617,50.84749984741211,51.275001525878906,51.21672058105469,27468000,0.0,0.0
2017-11-02,51.0880012512207,51.40449905395508,50.6505012512207,51.27899932861328,51.22071075439453,20980000,0.0,0.0
2017-11-03,51.105499267578125,51.63249969482422,51.01549911499024,51.624000549316406,51.56532287597656,21528000,0.0,0.0
2017-11-06,51.449501037597656,51.743499755859375,51.25,51.29499816894531,51.2366943359375,22504000,0.0,0.0
2017-11-07,51.36349868774414,51.69850158691406,51.25650024414063,51.666500091552734,51.60777282714844,22246000,0.0,0.0
2017-11-08,51.5260009765625,52.17610168457031,51.42250061035156,51.99250030517578,51.93340301513672,21774000,0.0,0.0
2017-11-09,51.699501037597656,51.699501037597656,50.98329925537109,51.5629997253418,51.504390716552734,24904000,0.0,0.0
2017-11-10,51.323001861572266,51.53799819946289,51.26399993896485,51.40349960327149,51.34506988525391,14400000,0.0,0.0
2017-11-13,51.17100143432617,51.57899856567383,51.12850189208984,51.28749847412109,51.22920227050781,17716000,0.0,0.0
2017-11-14,51.12950134277344,51.34049987792969,50.70750045776367,51.29999923706055,51.2416877746582,19184000,0.0,0.0
2017-11-15,50.96049880981445,51.204498291015625,50.77099990844727,51.045501708984375,50.98748016357422,17080000,0.0,0.0
2017-11-16,51.1259994506836,51.79600143432617,51.1259994506836,51.625,51.56631851196289,22594000,0.0,0.0
2017-11-17,51.70050048828125,51.72100067138672,50.88750076293945,50.954498291015625,50.89657974243164,27942000,0.0,0.0
2017-11-20,51.01300048828125,51.13050079345703,50.875,50.91899871826172,50.861122131347656,19070000,0.0,0.0
2017-11-21,51.16550064086914,51.75550079345703,51.13275146484375,51.7244987487793,51.66570663452149,21940000,0.0,0.0
2017-11-22,51.75,51.98529815673828,51.57149887084961,51.79800033569336,51.7391242980957,14926000,0.0,0.0
2017-11-24,51.79349899291992,52.15890121459961,51.75,52.03049850463867,51.97135925292969,10740000,0.0,0.0
2017-11-27,52.0,52.77299880981445,51.922000885009766,52.71049880981445,52.65058517456055,26158000,0.0,0.0
2017-11-28,52.75450134277344,53.118751525878906,52.0,52.37049865722656,52.31097030639648,28488000,0.0,0.0
2017-11-29,52.13399887084961,52.20399856567383,50.782501220703125,51.08300018310547,51.02493667602539,49188000,0.0,0.0
2017-11-30,51.118499755859375,51.42449951171875,50.75,51.070499420166016,51.012451171875,34480000,0.0,0.0
2017-12-01,50.790000915527344,51.1245002746582,50.10100173950195,50.50849914550781,50.45108795166016,38192000,0.0,0.0
2017-12-04,50.632999420166016,50.80500030517578,49.77849960327149,49.93399810791016,49.87723922729492,38128000,0.0,0.0
2017-12-05,49.797000885009766,51.03049850463867,49.41400146484375,50.25749969482422,50.20037460327149,41346000,0.0,0.0
2017-12-06,50.07500076293945,51.24850082397461,50.05699920654297,50.91899871826172,50.861122131347656,25440000,0.0,0.0
2017-12-07,51.02149963378906,51.71200180053711,50.90354919433594,51.54650115966797,51.487911224365234,29164000,0.0,0.0
2017-12-08,51.8745002746582,52.102500915527344,51.6260986328125,51.852500915527344,51.79356384277344,25816000,0.0,0.0
2017-12-11,51.775001525878906,52.18999862670898,51.602500915527344,52.05500030517578,51.99583053588867,23856000,0.0,0.0
2017-12-12,51.98149871826172,52.51549911499024,51.68450164794922,52.02399826049805,51.96486282348633,25590000,0.0,0.0
2017-12-13,52.305999755859375,52.33324813842773,51.91899871826172,52.03049850463867,51.97135925292969,25654000,0.0,0.0
2017-12-14,52.25,52.92499923706055,52.15549850463867,52.45750045776367,52.39787292480469,31174000,0.0,0.0
2017-12-15,52.730499267578125,53.38100051879883,52.47499847412109,53.20949935913086,53.149017333984375,65518000,0.0,0.0
2017-12-18,53.30400085449219,53.92449951171875,53.09999847412109,53.85699844360352,53.795780181884766,31092000,0.0,0.0
2017-12-19,53.7599983215332,53.84199905395508,53.1775016784668,53.53400039672852,53.47315216064453,26774000,0.0,0.0
2017-12-20,53.5890007019043,53.66899871826172,53.07600021362305,53.247501373291016,53.18697738647461,25372000,0.0,0.0
2017-12-21,53.247501373291016,53.46649932861328,53.08969879150391,53.18149948120117,53.12105178833008,19914000,0.0,0.0
2017-12-22,53.05550003051758,53.209999084472656,52.97200012207031,53.00600051879883,52.94575119018555,15102000,0.0,0.0
2017-12-26,52.90349960327149,53.00600051879883,52.5099983215332,52.83700180053711,52.77694320678711,15212000,0.0,0.0
2017-12-27,52.86949920654297,52.91849899291992,52.40250015258789,52.46849822998047,52.40885925292969,25438000,0.0,0.0
2017-12-28,52.58000183105469,52.73749923706055,52.23849868774414,52.40700149536133,52.34743118286133,16742000,0.0,0.0
2017-12-29,52.33599853515625,52.48500061035156,52.244998931884766,52.31999969482422,52.260528564453125,17750000,0.0,0.0
2018-01-02,52.41699981689453,53.34700012207031,52.26150131225586,53.25,53.18947219848633,24752000,0.0,0.0
2018-01-03,53.21549987792969,54.31449890136719,53.16049957275391,54.124000549316406,54.06248092651367,28604000,0.0,0.0
2018-01-04,54.400001525878906,54.67850112915039,54.20009994506836,54.31999969482422,54.25825500488281,20092000,0.0,0.0
2018-01-05,54.70000076293945,55.212501525878906,54.59999847412109,55.11149978637695,55.04885482788086,25582000,0.0,0.0
2018-01-08,55.11149978637695,55.5634994506836,55.08100128173828,55.34700012207031,55.284088134765625,20952000,0.0,0.0
2018-01-09,55.470001220703125,55.52849960327149,55.06155014038086,55.3129997253418,55.250125885009766,18050000,0.0,0.0
2018-01-10,54.85499954223633,55.22999954223633,54.80550003051758,55.13050079345703,55.06783676147461,20856000,0.0,0.0
2018-01-11,55.31499862670898,55.32624816894531,54.97949981689453,55.2760009765625,55.21316909790039,19566000,0.0,0.0
2018-01-12,55.12049865722656,56.214500427246094,55.057498931884766,56.11299896240234,56.04921722412109,34410000,0.0,0.0
2018-01-16,56.6254997253418,56.99549865722656,55.89160156,56.0880012512207,56.02425003051758,31506000,0.0,0.0
2018-01-17,56.31100082397461,56.630001068115234,55.85049819946289,56.5989990234375,56.534664154052734,24052000,0.0,0.0
2018-01-18,56.570499420166016,56.6254997253418,55.875,56.48949813842773,56.425289154052734,23964000,0.0,0.0
2018-01-19,56.59149932861328,56.89300155639648,56.415000915527344,56.8754997253418,56.81085205078125,35564000,0.0,0.0
2018-01-22,56.8745002746582,57.99399948120117,56.75550079345703,57.79050064086914,57.72481155395508,32360000,0.0,0.0
2018-01-23,57.99250030517578,58.58134841918945,57.9375,58.49850082397461,58.4320068359375,26662000,0.0,0.0
2018-01-24,58.86650085449219,58.99300003051758,58.0525016784668,58.21200180053711,58.14583587646485,28332000,0.0,0.0
2018-01-25,58.62649917602539,58.797000885009766,58.13800048828125,58.51850128173828,58.45198440551758,29610000,0.0,0.0
2018-01-26,58.75400161743164,58.79199981689453,57.90549850463867,58.79199981689453,58.72517395019531,40376000,0.0,0.0
2018-01-29,58.82400131225586,59.34450149536133,58.5989990234375,58.77899932861328,58.712188720703125,27578000,0.0,0.0
2018-01-30,58.39149856567383,58.82600021362305,58.17599868774414,58.18450164794922,58.11836624145508,31126000,0.0,0.0
2018-01-31,58.52849960327149,58.650001525878906,57.95650100708008,58.49700164794922,58.430511474609375,30774000,0.0,0.0
2018-02-01,58.13050079345703,58.70000076293945,57.8759994506836,58.3849983215332,58.318634033203125,48242000,0.0,0.0
2018-02-02,56.09999847412109,56.15349960327149,55.36389923095703,55.595001220703125,55.53180694580078,97158000,0.0,0.0
2018-02-05,54.52999877929688,55.5,52.60150146484375,52.790000915527344,52.72999572753906,75966000,0.0,0.0
2018-02-06,51.35900115966797,54.08549880981445,51.1568489074707,54.02999877929688,53.96858596801758,68960000,0.0,0.0
2018-02-07,54.07699966430664,54.0890007019043,52.41299819946289,52.42900085449219,52.369407653808594,47384000,0.0,0.0
2018-02-08,52.77050018310547,52.930999755859375,50.03300094604492,50.07600021362305,50.019081115722656,57182000,0.0,0.0
2018-02-09,50.86249923706055,52.19850158691406,49.62799835205078,51.88899993896485,51.830020904541016,70118000,0.0,0.0
2018-02-12,52.400001525878906,53.07500076293945,52.0463981628418,52.59700012207031,52.53721618652344,41154000,0.0,0.0
2018-02-13,52.25,52.91849899291992,52.204349517822266,52.60499954223633,52.545204162597656,25302000,0.0,0.0
2018-02-14,52.4474983215332,53.58599853515625,52.337501525878906,53.48500061035156,53.4242057800293,31116000,0.0,0.0
2018-02-15,53.95349884033203,54.573951721191406,53.21699905395508,54.47600173950195,54.41408157348633,36868000,0.0,0.0
2018-02-16,54.420501708984375,55.23350143432617,54.4156494140625,54.7400016784668,54.67778015136719,33590000,0.0,0.0
2018-02-20,54.52849960327149,55.6974983215332,54.42599868774414,55.12300109863281,55.06034469604492,28462000,0.0,0.0
2018-02-21,55.32350158691406,56.69850158691406,55.31650161743164,55.56700134277344,55.50384140014648,30258000,0.0,0.0
2018-02-22,55.80950164794922,56.14099884033203,55.12950134277344,55.33150100708008,55.26860809326172,26344000,0.0,0.0
2018-02-23,55.63199996948242,56.36399841308594,55.23569869995117,56.339500427246094,56.27546310424805,25220000,0.0,0.0
2018-02-26,56.38999938964844,57.198001861572266,56.33475112915039,57.1875,57.12249755859375,31182000,0.0,0.0
2018-02-27,57.0620002746582,57.20199966430664,55.900001525878906,55.91450119018555,55.85094451904297,35482000,0.0,0.0
2018-02-28,56.1515007019043,56.37649917602539,55.1619987487793,55.23649978637695,55.17371368408203,37652000,0.0,0.0
2018-03-01,55.39350128173828,55.50600051879883,53.35005187988281,53.47600173950195,53.41521835327149,50318000,0.0,0.0
2018-03-02,52.65399932861328,54.09994888305664,52.4057502746582,53.94599914550781,53.88468170166016,45432000,0.0,0.0
2018-03-05,53.75699996948242,54.85499954223633,53.45000076293945,54.54650115966797,54.484500885009766,24044000,0.0,0.0
2018-03-06,54.96099853515625,55.09249877929688,54.48875045776367,54.75299835205078,54.69076156616211,30656000,0.0,0.0
2018-03-07,54.45949935913086,55.61100006103516,54.27410125732422,55.48199844360352,55.4189338684082,25850000,0.0,0.0
2018-03-08,55.76599884033203,56.380001068115234,55.63999938964844,56.29999923706055,56.23600387573242,27102000,0.0,0.0
2018-03-09,56.79999923706055,58.040000915527344,56.62305068969727,58.00199890136719,57.93606948852539,42560000,0.0,0.0
2018-03-12,58.192501068115234,58.852500915527344,57.87099838256836,58.22499847412109,58.158817291259766,43446000,0.0,0.0
2018-03-13,58.5,58.8380012512207,56.666500091552734,56.90850067138672,56.84381484985352,38144000,0.0,0.0
2018-03-14,57.260501861572266,57.929500579833984,57.071998596191406,57.4744987487793,57.4091682434082,25828000,0.0,0.0
2018-03-15,57.49800109863281,58.05400085449219,56.72700119018555,57.479000091552734,57.413665771484375,27908000,0.0,0.0
2018-03-16,57.70700073242188,57.79399871826172,56.59799957275391,56.7864990234375,56.72195053100586,61840000,0.0,0.0
2018-03-19,56.0004997253418,56.0994987487793,54.45050048828125,54.99100112915039,54.92849349975586,56118000,0.0,0.0
2018-03-20,54.95000076293945,55.2599983215332,54.17300033569336,54.885501861572266,54.82311630249024,36638000,0.0,0.0
2018-03-21,54.637001037597656,55.31499862670898,54.25749969482422,54.54399871826172,54.48200225830078,37578000,0.0,0.0
2018-03-22,54.09400177001953,54.14500045776367,52.295501708984375,52.45399856567383,52.39437484741211,53340000,0.0,0.0
2018-03-23,52.35150146484375,53.167999267578125,51.06100082397461,51.07849884033203,51.02043914794922,43134000,0.0,0.0
2018-03-26,52.29999923706055,52.78150177001953,50.41999816894531,52.66049957275391,52.60064315795898,53302000,0.0,0.0
2018-03-27,53.150001525878906,53.24195098876953,49.84600067138672,50.255001068115234,50.197879791259766,61906000,0.0,0.0
2018-03-28,49.900001525878906,51.21149826049805,49.03200149536133,50.22800064086914,50.1709098815918,67386000,0.0,0.0
2018-03-29,50.58150100708008,52.150001525878906,50.14500045776367,51.589500427246094,51.530860900878906,54536000,0.0,0.0
2018-04-02,51.14099884033203,51.7400016784668,49.51850128173828,50.32350158691406,50.266300201416016,53608000,0.0,0.0
2018-04-03,50.695499420166016,51.04949951171875,49.70349884033203,50.670501708984375,50.61290740966797,45502000,0.0,0.0
2018-04-04,49.670501708984375,51.4359016418457,49.650001525878906,51.25699996948242,51.19873809814453,49694000,0.0,0.0
2018-04-05,52.06650161743164,52.13949966430664,51.00654983520508,51.39049911499024,51.33208465576172,27260000,0.0,0.0
2018-04-06,51.0,51.57099914550781,50.1515007019043,50.35200119018555,50.294769287109375,34928000,0.0,0.0
2018-04-09,50.84000015258789,51.97999954223633,50.70399856567383,50.772499084472656,50.714786529541016,35032000,0.0,0.0
2018-04-10,51.321998596191406,51.81399917602539,50.56700134277344,51.58200073242188,51.52336883544922,39490000,0.0,0.0
2018-04-11,51.39950180053711,51.56819915771485,50.79349899291992,50.99850082397461,50.94053268432617,29678000,0.0,0.0
2018-04-12,51.25199890136719,52.03450012207031,51.07175064086914,51.6254997253418,51.56681823730469,27140000,0.0,0.0
2018-04-13,52.04399871826172,52.32099914550781,51.14899826049805,51.4635009765625,51.40500259399414,24460000,0.0,0.0
2018-04-16,51.84999847412109,52.1619987487793,51.33700180053711,51.89899826049805,51.84000778198242,24224000,0.0,0.0
2018-04-17,52.56850051879883,53.89400100708008,52.41299819946289,53.70800018310547,53.64695358276367,46406000,0.0,0.0
2018-04-18,53.87149810791016,53.87149810791016,53.31124877929688,53.604000091552734,53.54307174682617,26882000,0.0,0.0
2018-04-19,53.470001220703125,54.70824813842773,53.40900039672852,54.3849983215332,54.32318115234375,34954000,0.0,0.0
2018-04-20,54.09999847412109,54.61750030517578,53.47850036621094,53.64799880981445,53.58702087402344,37794000,0.0,0.0
2018-04-23,53.89300155639648,54.13600158691406,53.03499984741211,53.372501373291016,53.31183624267578,46826000,0.0,0.0
2018-04-24,52.59999847412109,52.84999847412109,50.52949905395508,50.999000549316406,50.94103240966797,95206000,0.0,0.0
2018-04-25,51.2760009765625,51.6245002746582,50.76549911499024,51.05899810791016,51.00096130371094,47822000,0.0,0.0
2018-04-26,51.47549819946289,52.39899826049805,50.90950012207031,52.00199890136719,51.94289016723633,41590000,0.0,0.0
2018-04-27,52.29999923706055,52.47499847412109,51.27949905395508,51.50249862670898,51.4439582824707,32396000,0.0,0.0
2018-04-30,51.5004997253418,51.84999847412109,50.84249877929688,50.86650085449219,50.80868148803711,33426000,0.0,0.0
2018-05-01,50.68299865722656,51.92350006103516,50.41049957275391,51.865501403808594,51.806549072265625,28558000,0.0,0.0
2018-05-02,51.40499877929688,52.01945114135742,51.14350128173828,51.21900177001953,51.16078186035156,32062000,0.0,0.0
2018-05-03,50.95000076293945,51.48374938964844,50.31449890136719,51.18600082397461,51.1278190612793,36302000,0.0,0.0
2018-05-04,50.845001220703125,52.42549896240234,50.845001220703125,52.41049957275391,52.35092544555664,38774000,0.0,0.0
2018-05-07,52.46149826049805,53.08399963378906,52.35499954223633,52.73949813842773,52.67955017089844,29322000,0.0,0.0
2018-05-08,52.92699813842773,53.02750015258789,52.35725021362305,52.695499420166016,52.63560104370117,24354000,0.0,0.0
2018-05-09,52.90499877929688,54.27199935913086,52.8182487487793,54.13800048828125,54.07646560668945,40656000,0.0,0.0
2018-05-10,54.30149841308594,55.02199935913086,54.28200149536133,54.87850189208984,54.81612396240234,28860000,0.0,0.0
2018-05-11,54.68000030517578,55.06650161743164,54.545501708984375,54.91299819946289,54.850582122802734,25074000,0.0,0.0
2018-05-14,55.0,55.53749847412109,54.95550155639648,55.0099983215332,54.94747161865234,30362000,0.0,0.0
2018-05-15,54.5,54.50249862670898,53.67350006103516,53.96149826049805,53.90016174316406,29898000,0.0,0.0
2018-05-16,53.865501403808594,54.4635009765625,53.8129997253418,54.0885009765625,54.02701950073242,21946000,0.0,0.0
2018-05-17,53.99449920654297,54.34349822998047,53.67499923706055,53.929500579833984,53.868202209472656,20876000,0.0,0.0
2018-05-18,53.09299850463867,53.49700164794922,53.03400039672852,53.31800079345703,53.25739669799805,31304000,0.0,0.0
2018-05-21,53.70299911499024,54.400001525878906,53.682498931884766,53.979000091552734,53.91764450073242,20464000,0.0,0.0
2018-05-22,54.178001403808594,54.329498291015625,53.33449935913086,53.48649978637695,53.42570495605469,21800000,0.0,0.0
2018-05-23,53.25650024414063,54.03900146484375,53.08549880981445,53.984500885009766,53.92313766479492,21214000,0.0,0.0
2018-05-24,53.95000076293945,54.02349853515625,53.307498931884766,53.96200180053711,53.900665283203125,15336000,0.0,0.0
2018-05-25,53.95100021362305,54.12799835205078,53.688751220703125,53.78300094604492,53.721866607666016,17988000,0.0,0.0
2018-05-29,53.24449920654297,53.66849899291992,52.76100158691406,53.01599884033203,52.95573806762695,37302000,0.0,0.0
2018-05-30,53.1515007019043,53.46049880981445,52.84149932861328,53.38999938964844,53.32931137084961,22770000,0.0,0.0
2018-05-31,53.37799835205078,54.859500885009766,53.37799835205078,54.2495002746582,54.187835693359375,61766000,0.0,0.0
2018-06-01,54.96749877929688,56.0,54.92499923706055,55.97499847412109,55.91137313842773,48432000,0.0,0.0
2018-06-04,56.11650085449219,57.09450149536133,56.10025024414063,56.964500427246094,56.899749755859375,37792000,0.0,0.0
2018-06-05,57.04949951171875,57.28689956665039,56.65950012207031,56.983001708984375,56.91823196411133,33560000,0.0,0.0
2018-06-06,57.10850143432617,57.150001525878906,56.28715133666992,56.84400177001953,56.779388427734375,33964000,0.0,0.0
2018-06-07,56.56600189208984,56.79100036621094,55.82600021362305,56.19300079345703,56.129127502441406,30400000,0.0,0.0
2018-06-08,55.90900039672852,56.33349990844727,55.60749816894531,56.04349899291992,55.97979736328125,25816000,0.0,0.0
2018-06-11,55.93000030517578,56.86299896240234,55.93000030517578,56.4995002746582,56.435279846191406,21586000,0.0,0.0
2018-06-12,56.55350112915039,56.98949813842773,56.53675079345703,56.96599960327149,56.901248931884766,18240000,0.0,0.0
2018-06-13,57.055999755859375,57.32500076293945,56.66899871826172,56.73949813842773,56.67500305175781,30128000,0.0,0.0
2018-06-14,57.192501068115234,57.77349853515625,57.03200149536133,57.60599899291992,57.54051971435547,26868000,0.0,0.0
2018-06-15,57.44300079345703,57.67100143432617,57.17425155639648,57.61299896240234,57.54751205444336,42450000,0.0,0.0
2018-06-18,57.182498931884766,58.71549987792969,57.179500579833984,58.67300033569336,58.60630798339844,28274000,0.0,0.0
2018-06-19,57.92499923706055,58.5634994506836,57.70050048828125,58.40299987792969,58.33661651611328,32420000,0.0,0.0
2018-06-20,58.76549911499024,59.314300537109375,58.45800018310547,58.492000579833984,58.425514221191406,32970000,0.0,0.0
2018-06-21,58.74250030517578,58.86474990844727,57.61159896850586,57.882999420166016,57.81720733642578,24762000,0.0,0.0
2018-06-22,57.95700073242188,58.12485122680664,57.36299896240234,57.77399826049805,57.70832824707031,26220000,0.0,0.0
2018-06-25,57.18000030517578,57.195499420166016,55.63899993896485,56.240501403808594,56.17657470703125,43146000,0.0,0.0
2018-06-26,56.400001525878906,56.66049957275391,55.832950592041016,55.92300033569336,55.85943603515625,31264000,0.0,0.0
2018-06-27,56.06700134277344,56.59180068969727,55.180999755859375,55.19900131225586,55.13625717163086,25878000,0.0,0.0
2018-06-28,55.10449981689453,56.115501403808594,54.80049896240234,55.71099853515625,55.64767456054688,21448000,0.0,0.0
2018-06-29,56.0,56.41135025024414,55.75,55.782501220703125,55.71909713745117,26302000,0.0,0.0
2018-07-02,54.95000076293945,56.400001525878906,54.68999862670898,56.37300109863281,56.30892562866211,24346000,0.0,0.0
2018-07-03,56.79100036621094,56.79100036621094,55.0009994506836,55.14450073242188,55.08182144165039,13580000,0.0,0.0
2018-07-05,55.5265007019043,56.375,55.42399978637695,56.2135009765625,56.14960479736328,21334000,0.0,0.0
2018-07-06,56.17900085449219,57.04650115966797,56.03684997558594,57.00849914550781,56.94369888305664,19922000,0.0,0.0
2018-07-09,57.42399978637695,57.73350143432617,57.17100143432617,57.70249938964844,57.63690948486328,18180000,0.0,0.0
2018-07-10,57.8489990234375,57.97949981689453,57.47949981689453,57.641998291015625,57.57647705078125,15968000,0.0,0.0
2018-07-11,57.22949981689453,58.214500427246094,57.04999923706055,57.69499969482422,57.62942123413086,22400000,0.0,0.0
2018-07-12,57.99449920654297,59.22050094604492,57.79674911499024,59.17399978637695,59.10673904418945,25038000,0.0,0.0
2018-07-13,59.25,59.77085113525391,59.0,59.44100189208984,59.37343597412109,24438000,0.0,0.0
2018-07-16,59.46950149536133,59.54999923706055,58.9640007019043,59.19300079345703,59.12571716308594,21114000,0.0,0.0
2018-07-17,58.61100006103516,60.152000427246094,58.52999877929688,59.93999862670898,59.87186813354492,32208000,0.0,0.0
2018-07-18,59.82799911499024,60.22499847412109,59.516998291015625,59.79399871826172,59.72603225708008,27872000,0.0,0.0
2018-07-19,59.54999923706055,60.0,59.16600036621094,59.34799957275391,59.280540466308594,25534000,0.0,0.0
2018-07-20,59.34799957275391,59.84299850463867,59.21099853515625,59.24549865722656,59.17815780639648,24948000,0.0,0.0
2018-07-23,59.05049896240234,60.324501037597656,59.04999923706055,60.275001525878906,60.20648956298828,52384000,0.0,0.0
2018-07-24,63.12950134277344,63.29999923706055,61.77799987792969,62.40399932861328,62.33306884765625,66364000,0.0,0.0
2018-07-25,61.95650100708008,63.292999267578125,61.95650100708008,63.185001373291016,63.11318206787109,42556000,0.0,0.0
2018-07-26,62.54999923706055,63.488548278808594,62.45100021362305,63.416500091552734,63.34441757202149,48112000,0.0,0.0
2018-07-27,63.54999923706055,63.69449996948242,61.54999923706055,61.92499923706055,61.854610443115234,42612000,0.0,0.0
2018-07-30,61.4005012512207,61.74580001831055,60.57350158691406,60.98699951171875,60.91767883300781,36998000,0.0,0.0
2018-07-31,61.0004997253418,61.37939834594727,60.27999877929688,60.86299896240234,60.79381942749024,32894000,0.0,0.0
2018-08-01,61.400001525878906,61.67350006103516,60.510501861572266,61.0004997253418,60.9311637878418,31344000,0.0,0.0
2018-08-02,60.29499816894531,61.49399948120117,60.23949813842773,61.307498931884766,61.23781204223633,30626000,0.0,0.0
2018-08-03,61.48099899291992,61.5,60.75299835205078,61.18550109863281,61.1159553527832,21792000,0.0,0.0
2018-08-06,61.25,61.30440139770508,60.78984832763672,61.23849868774414,61.16889190673828,21634000,0.0,0.0
2018-08-07,61.84999847412109,62.55849838256836,61.80849838256836,62.11100006103516,62.04040145874024,29880000,0.0,0.0
2018-08-08,62.02349853515625,62.82500076293945,61.90039825439453,62.28049850463867,62.2097053527832,27406000,0.0,0.0
2018-08-09,62.494998931884766,62.777099609375,62.30049896240234,62.45500183105469,62.384010314941406,16972000,0.0,0.0
2018-08-10,62.150001525878906,62.28475189208984,61.59999847412109,61.88050079345703,61.81016540527344,22174000,0.0,0.0
2018-08-13,61.8489990234375,62.46364974975586,61.68204879760742,61.7504997253418,61.6803092956543,19946000,0.0,0.0
2018-08-14,61.759498596191406,62.29349899291992,61.25550079345703,62.10499954223633,62.03440856933594,26962000,0.0,0.0
2018-08-15,61.4630012512207,61.762001037597656,60.47549819946289,60.71900177001953,60.64998626708984,36576000,0.0,0.0
2018-08-16,61.23649978637695,61.29999923706055,60.12749862670898,60.324501037597656,60.25593185424805,26864000,0.0,0.0
2018-08-17,60.10150146484375,60.45100021362305,59.4119987487793,60.04800033569336,59.9797477722168,27792000,0.0,0.0
2018-08-20,60.2509994506836,60.54999923706055,59.73130035400391,60.38850021362305,60.31985855102539,17416000,0.0,0.0
2018-08-21,60.400001525878906,60.86299896240234,60.0177001953125,60.08100128173828,60.01271057128906,24112000,0.0,0.0
2018-08-22,60.0,60.59199905395508,59.95000076293945,60.36650085449219,60.29788589477539,17748000,0.0,0.0
2018-08-23,60.35699844360352,61.06399917602539,60.21200180053711,60.26900100708008,60.200496673583984,19852000,0.0,0.0
2018-08-24,60.44100189208984,61.08250045776367,60.31795120239258,61.032501220703125,60.96312713623047,18932000,0.0,0.0
2018-08-27,61.380001068115234,62.15449905395508,61.28580093383789,62.09099960327149,62.02042388916016,23126000,0.0,0.0
2018-08-28,62.06449890136719,62.12725067138672,61.43450164794922,61.557498931884766,61.48752975463867,26080000,0.0,0.0
2018-08-29,61.872501373291016,62.53300094604492,61.81795120239258,62.46500015258789,62.39399719238281,25978000,0.0,0.0
2018-08-30,62.21149826049805,62.6817512512207,61.62950134277344,61.95600128173828,61.88557815551758,26628000,0.0,0.0
2018-08-31,61.749000549316406,61.93299865722656,60.56425094604492,60.90950012207031,60.84026718139648,36328000,0.0,0.0
2018-09-04,60.2135009765625,60.64950180053711,59.625,59.84999847412109,59.7819709777832,36620000,0.0,0.0
2018-09-05,59.68999862670898,59.95050048828125,58.09999847412109,59.32400131225586,59.256568908691406,41226000,0.0,0.0
2018-09-06,59.31499862670898,59.31499862670898,57.59999847412109,58.571998596191406,58.50542068481445,37770000,0.0,0.0
2018-09-07,57.93349838256836,58.76300048828125,57.860748291015625,58.24150085449219,58.17530059814453,28026000,0.0,0.0
2018-09-10,58.609500885009766,58.72700119018555,58.00550079345703,58.23199844360352,58.165809631347656,22308000,0.0,0.0
2018-09-11,58.08150100708008,58.93399810791016,57.8120002746582,58.86800003051758,58.80108642578125,24186000,0.0,0.0
2018-09-12,58.63600158691406,58.93050003051758,57.917999267578125,58.14099884033203,58.07491302490234,25910000,0.0,0.0
2018-09-13,58.5369987487793,58.93050003051758,58.14250183105469,58.76649856567383,58.69969940185547,28624000,0.0,0.0
2018-09-14,58.95500183105469,59.0212516784668,58.416500091552734,58.62649917602539,58.55986022949219,18880000,0.0,0.0
2018-09-17,58.50699996948242,58.86199951171875,57.70149993896485,57.8025016784668,57.73680114746094,26130000,0.0,0.0
2018-09-18,57.85449981689453,58.80400085449219,57.85449981689453,58.06100082397461,57.9950065612793,24072000,0.0,0.0
2018-09-19,58.249000549316406,58.66049957275391,57.729000091552734,58.554500579833984,58.48794555664063,23828000,0.0,0.0
2018-09-20,58.9995002746582,59.49449920654297,58.667999267578125,59.34349822998047,59.27604293823242,24508000,0.0,0.0
2018-09-21,59.59999847412109,59.61050033569336,58.30199813842773,58.304500579833984,58.23822784423828,88112000,0.0,0.0
2018-09-24,57.85850143432617,58.900001525878906,57.34550094604492,58.66849899291992,58.60181427001953,25420000,0.0,0.0
2018-09-25,58.807498931884766,59.34400177001953,58.400001525878906,59.23249816894531,59.1651725769043,19554000,0.0,0.0
2018-09-26,59.25749969482422,59.71149826049805,58.73825073242188,59.02450180053711,58.95741271972656,29246000,0.0,0.0
2018-09-27,59.33649826049805,60.10499954223633,59.18149948120117,59.73199844360352,59.66410446166992,25216000,0.0,0.0
2018-09-28,59.59349822998047,59.77050018310547,59.22499847412109,59.67350006103516,59.60567092895508,27612000,0.0,0.0
2018-10-01,59.99449920654297,60.494998931884766,59.51499938964844,59.76549911499024,59.697566986083984,27152000,0.0,0.0
2018-10-02,59.54800033569336,60.49800109863281,59.33150100708008,60.00550079345703,59.937294006347656,33758000,0.0,0.0
2018-10-03,60.25,60.320499420166016,59.69150161743164,60.147499084472656,60.079132080078125,25124000,0.0,0.0
2018-10-04,59.76649856567383,59.8754997253418,57.77880096435547,58.40950012207031,58.343109130859375,44190000,0.0,0.0
2018-10-05,58.375,58.67499923706055,57.25600051879883,57.86750030517578,57.80172348022461,23686000,0.0,0.0
2018-10-08,57.50550079345703,58.400001525878906,56.36819839477539,57.44850158691406,57.38320159912109,38648000,0.0,0.0
2018-10-09,57.307498931884766,57.71749877929688,56.87860107421875,56.94100189208984,56.876277923583984,26174000,0.0,0.0
2018-10-10,56.55400085449219,56.60850143432617,54.05649948120117,54.06100082397461,53.99955368041992,53514000,0.0,0.0
2018-10-11,53.64699935913086,55.31999969482422,53.41350173950195,53.96599960327149,53.90465927124024,58980000,0.0,0.0
2018-10-12,55.400001525878906,55.75,54.320098876953125,55.50400161743164,55.440914154052734,42026000,0.0,0.0
2018-10-15,55.445499420166016,55.67229843139648,54.45000076293945,54.61249923706055,54.55042266845703,27448000,0.0,0.0
2018-10-16,55.22949981689453,56.21099853515625,55.125,56.06399917602539,56.000274658203125,38570000,0.0,0.0
2018-10-17,56.323001861572266,56.449501037597656,55.109500885009766,55.78450012207031,55.72109222412109,29344000,0.0,0.0
2018-10-18,56.09199905395508,56.09199905395508,53.85449981689453,54.39849853515625,54.33666610717773,41890000,0.0,0.0
2018-10-19,54.66849899291992,55.51800155639648,54.38750076293945,54.823001861572266,54.760684967041016,25352000,0.0,0.0
2018-10-22,55.15299987792969,55.61149978637695,54.54999923706055,55.05799865722656,54.99541473388672,30284000,0.0,0.0
2018-10-23,54.04449844360352,55.39450073242188,53.5,55.18450164794922,55.12177658081055,36974000,0.0,0.0
2018-10-24,55.212501525878906,55.305999755859375,52.4370002746582,52.53549957275391,52.47578430175781,39648000,0.0,0.0
2018-10-25,53.589500427246094,55.54899978637695,53.477500915527344,54.77849960327149,54.71623611450195,50916000,0.0,0.0
2018-10-26,51.85150146484375,55.32649993896485,51.704498291015625,53.57350158691406,53.51260757446289,83752000,0.0,0.0
2018-10-29,54.12350082397461,54.85200119018555,49.791500091552734,51.00400161743164,50.94602584838867,77614000,0.0,0.0
2018-10-30,50.42300033569336,51.8745002746582,50.03749847412109,51.81050109863281,51.751609802246094,64254000,0.0,0.0
2018-10-31,52.990501403808594,54.59700012207031,52.84999847412109,53.8385009765625,53.777305603027344,50596000,0.0,0.0
2018-11-01,53.790000915527344,54.19874954223633,53.12300109863281,53.5,53.43918991088867,29640000,0.0,0.0
2018-11-02,53.686500549316406,54.14875030517578,52.730499267578125,52.88949966430664,52.829383850097656,36780000,0.0,0.0
2018-11-05,52.75,52.92350006103516,51.0620002746582,52.00450134277344,51.94538879394531,48828000,0.0,0.0
2018-11-06,51.9739990234375,53.21725082397461,51.90349960327149,52.79050064086914,52.73049545288086,24666000,0.0,0.0
2018-11-07,53.45000076293945,54.77299880981445,53.29499816894531,54.66949844360352,54.60735702514648,41168000,0.0,0.0
2018-11-08,54.56900024414063,54.66350173950195,53.61024856567383,54.119998931884766,54.0584831237793,29764000,0.0,0.0
2018-11-09,53.699501037597656,53.77799987792969,52.65549850463867,53.307498931884766,53.24690628051758,26864000,0.0,0.0
2018-11-12,53.06949996948242,53.10599899291992,51.54999923706055,51.93149948120117,51.87247085571289,29436000,0.0,0.0
2018-11-13,52.16450119018555,52.83024978637695,51.557498931884766,51.8025016784668,51.74361801147461,30274000,0.0,0.0
2018-11-14,52.5,52.72819900512695,51.54999923706055,52.18299865722656,52.12368392944336,31318000,0.0,0.0
2018-11-15,52.23550033569336,53.59249877929688,51.5890007019043,53.23550033569336,53.17498779296875,36722000,0.0,0.0
2018-11-16,52.97050094604492,53.34999847412109,52.44900131225586,53.074501037597656,53.0141716003418,33162000,0.0,0.0
2018-11-19,52.86000061035156,53.03950119018555,50.8129997253418,51.0,50.94203186035156,37172000,0.0,0.0
2018-11-20,50.0,51.58700180053711,49.80099868774414,51.28799819946289,51.22970199584961,48982000,0.0,0.0
2018-11-21,51.8380012512207,52.428001403808594,51.67350006103516,51.88050079345703,51.82152938842773,30686000,0.0,0.0
2018-11-23,51.5,51.87950134277344,51.11994934082031,51.19400024414063,51.13581085205078,13830000,0.0,0.0
2018-11-26,51.91749954223633,52.46549987792969,51.695499420166016,52.430999755859375,52.37140274047852,38856000,0.0,0.0
2018-11-27,52.04999923706055,52.87900161743164,51.92449951171875,52.22050094604492,52.1611442565918,36064000,0.0,0.0
2018-11-28,52.4379997253418,54.34199905395508,51.78799819946289,54.311500549316406,54.2497673034668,49508000,0.0,0.0
2018-11-29,53.80400085449219,54.712249755859375,53.79999923706055,54.415000915527344,54.3531494140625,29378000,0.0,0.0
2018-11-30,54.45349884033203,54.77849960327149,53.89400100708008,54.72150039672852,54.6593017578125,51604000,0.0,0.0
2018-12-03,56.15700149536133,56.23249816894531,55.183250427246094,55.32149887084961,55.25861740112305,39824000,0.0,0.0
2018-12-04,55.15599822998047,55.22100067138672,52.499000549316406,52.54100036621094,52.48127746582031,46904000,0.0,0.0
2018-12-06,51.7130012512207,53.560001373291016,51.53850173950195,53.436500549316406,53.375762939453125,55384000,0.0,0.0
2018-12-07,53.0004997253418,53.76300048828125,51.42499923706055,51.82899856567383,51.77008819580078,42024000,0.0,0.0
2018-12-10,51.75249862670898,52.42250061035156,51.16450119018555,51.977500915527344,51.918418884277344,36154000,0.0,0.0
2018-12-11,52.824501037597656,53.02999877929688,51.992000579833984,52.587501525878906,52.52772903442383,27894000,0.0,0.0
2018-12-12,53.400001525878906,54.08250045776367,53.13949966430664,53.18399810791016,53.1235466003418,30476000,0.0,0.0
2018-12-13,53.40349960327149,53.98799896240234,52.69649887084961,53.095001220703125,53.03464889526367,26596000,0.0,0.0
2018-12-14,52.499000549316406,53.130001068115234,52.03950119018555,52.10499954223633,52.04577255249024,33732000,0.0,0.0
2018-12-17,51.8754997253418,52.657501220703125,50.39500045776367,50.82649993896485,50.76872634887695,47708000,0.0,0.0
2018-12-18,51.304500579833984,52.4739990234375,51.071998596191406,51.43550109863281,51.37703704833984,43850000,0.0,0.0
2018-12-19,51.699501037597656,53.09999847412109,50.40250015258789,51.1505012512207,51.09236145019531,49586000,0.0,0.0
2018-12-20,50.90650177001953,51.71099853515625,49.81800079345703,50.47050094604492,50.41313171386719,53470000,0.0,0.0
2018-12-21,50.76499938964844,51.20100021362305,48.68450164794922,48.97700119018555,48.921329498291016,91920000,0.0,0.0
2018-12-24,48.69499969482422,50.17699813842773,48.50550079345703,48.81100082397461,48.75551986694336,31806000,0.0,0.0
2018-12-26,49.45050048828125,52.0,49.150001525878906,51.97299957275391,51.91392517089844,47466000,0.0,0.0
2018-12-27,50.85749816894531,52.19449996948242,49.84999847412109,52.19400024414063,52.134674072265625,42196000,0.0,0.0
2018-12-28,52.48099899291992,52.77799987792969,51.65499877929688,51.854000091552734,51.79505920410156,28296000,0.0,0.0
2018-12-31,52.54800033569336,52.6349983215332,51.179500579833984,51.78049850463867,51.721641540527344,29866000,0.0,0.0
2019-01-02,50.82849884033203,52.61600112915039,50.78549957275391,52.29249954223633,52.23305892944336,30652000,0.0,0.0
2019-01-03,52.04999923706055,52.8489990234375,50.70349884033203,50.803001403808594,50.74525451660156,36822000,0.0,0.0
2019-01-04,51.62950134277344,53.54199981689453,51.37089920043945,53.53549957275391,53.474647521972656,41878000,0.0,0.0
2019-01-07,53.57500076293945,53.70000076293945,52.73799896240234,53.41949844360352,53.35877990722656,39638000,0.0,0.0
2019-01-08,53.80550003051758,54.22800064086914,53.0265007019043,53.81399917602539,53.75283050537109,35298000,0.0,0.0
2019-01-09,54.08250045776367,54.13150024414063,53.31999969482422,53.733001708984375,53.67192459106445,23986000,0.0,0.0
2019-01-10,53.382999420166016,53.557498931884766,52.885501861572266,53.51649856567383,53.45566940307617,29128000,0.0,0.0
2019-01-11,53.15900039672852,53.188751220703125,52.42399978637695,52.859500885009766,52.79941940307617,30416000,0.0,0.0
2019-01-14,52.34600067138672,52.57649993896485,52.06275177001953,52.234500885009766,52.17512893676758,22886000,0.0,0.0
2019-01-15,52.50849914550781,54.00249862670898,52.367000579833984,53.85749816894531,53.79627990722656,29272000,0.0,0.0
2019-01-16,54.0,54.618751525878906,53.96699905395508,54.04850006103516,53.987064361572266,26636000,0.0,0.0
2019-01-17,53.9734992980957,54.59000015258789,53.67499923706055,54.494998931884766,54.43305587768555,24854000,0.0,0.0
2019-01-18,55.0,55.417598724365234,54.54499816894531,54.91299819946289,54.850582122802734,39112000,0.0,0.0
2019-01-22,54.400001525878906,54.57550048828125,53.17350006103516,53.5260009765625,53.46516036987305,32270000,0.0,0.0
2019-01-23,53.86750030517578,54.24649810791016,52.98749923706055,53.77849960327149,53.71737289428711,19340000,0.0,0.0
2019-01-24,53.82400131225586,53.973751068115234,53.03499984741211,53.69499969482422,53.63396835327149,27226000,0.0,0.0
2019-01-25,54.25,54.70000076293945,54.09099960327149,54.54949951171875,54.48749542236328,22382000,0.0,0.0
2019-01-28,54.00550079345703,54.150001525878906,53.18999862670898,53.50400161743164,53.44318389892578,25686000,0.0,0.0
2019-01-29,53.63399887084961,53.75749969482422,52.793251037597656,53.03099822998047,52.97071838378906,20436000,0.0,0.0
2019-01-30,53.42150115966797,54.54999923706055,53.34249877929688,54.45299911499024,54.39110565185547,25596000,0.0,0.0
2019-01-31,55.150001525878906,55.86650085449219,54.77050018310547,55.81850051879883,55.75505447387695,30766000,0.0,0.0
2019-02-01,55.619998931884766,56.25,55.24449920654297,55.53749847412109,55.47437286376953,29244000,0.0,0.0
2019-02-04,55.632999420166016,56.63999938964844,55.45100021362305,56.63999938964844,56.57561874389648,51530000,0.0,0.0
2019-02-05,56.242000579833984,57.34249877929688,55.86240005493164,57.29949951171875,57.234371185302734,71044000,0.0,0.0
2019-02-06,56.97850036621094,57.34999847412109,55.63850021362305,55.76150131225586,55.6981201171875,42112000,0.0,0.0
2019-02-07,55.20800018310547,55.242000579833984,54.29999923706055,54.93550109863281,54.8730583190918,40896000,0.0,0.0
2019-02-08,54.34999847412109,54.945499420166016,54.32749938964844,54.75299835205078,54.69076156616211,21516000,0.0,0.0
2019-02-11,54.84749984741211,55.29724884033203,54.64300155639648,54.7504997253418,54.68826675415039,21304000,0.0,0.0
2019-02-12,55.34000015258789,56.26475143432617,55.29249954223633,56.06850051879883,56.00476837158203,32182000,0.0,0.0
2019-02-13,56.2495002746582,56.73649978637695,55.92499923706055,56.007999420166016,55.94433594,20996000,0.0,0.0
2019-02-14,55.90250015258789,56.4114990234375,55.52225112915039,56.08349990844727,56.019752502441406,18952000,0.0,0.0
2019-02-15,56.50400161743164,56.58349990844727,55.532501220703125,55.682498931884766,55.61920547485352,28996000,0.0,0.0
2019-02-19,55.5,56.09450149536133,55.5,55.928001403808594,55.86442947387695,20928000,0.0,0.0
2019-02-20,55.9995002746582,56.170501708984375,55.26399993896485,55.68999862670898,55.6266975402832,21756000,0.0,0.0
2019-02-21,55.54199981689453,55.59700012207031,54.6259994506836,54.8484992980957,54.7861557006836,28302000,0.0,0.0
2019-02-22,55.04499816894531,55.5620002746582,54.77999877929688,55.51850128173828,55.45539474487305,20990000,0.0,0.0
2019-02-25,55.79999923706055,55.92699813842773,55.36349868774414,55.470001220703125,55.40695190429688,28262000,0.0,0.0
2019-02-26,55.28749847412109,55.97549819946289,54.99599838256836,55.75650024414063,55.69312286376953,29426000,0.0,0.0
2019-02-27,55.34749984741211,55.89899826049805,55.04999923706055,55.8025016784668,55.73907470703125,19368000,0.0,0.0
2019-02-28,55.56499862670898,56.38249969482422,55.55049896240234,55.99599838256836,55.932350158691406,30850000,0.0,0.0
2019-03-01,56.244998931884766,57.14849853515625,56.23749923706055,57.04949951171875,56.98465347290039,29006000,0.0,0.0
2019-03-04,57.3494987487793,57.91400146484375,56.53450012207031,57.38999938964844,57.32476806640625,28920000,0.0,0.0
2019-03-05,57.50299835205078,58.480499267578125,57.30974960327149,58.10150146484375,58.03546142578125,28864000,0.0,0.0
2019-03-06,58.1245002746582,58.378299713134766,57.77450180053711,57.89300155639648,57.82719802856445,21986000,0.0,0.0
2019-03-07,57.7859992980957,57.83774948120117,56.74549865722656,57.165000915527344,57.10002517700195,23332000,0.0,0.0
2019-03-08,56.33649826049805,57.354000091552734,56.165000915527344,57.11600112915039,57.05107879638672,24248000,0.0,0.0
2019-03-11,57.22249984741211,58.80950164794922,57.22249984741211,58.78799819946289,58.72117614746094,34384000,0.0,0.0
2019-03-12,58.91299819946289,60.0,58.91299819946289,59.65999984741211,59.59218597412109,40262000,0.0,0.0
2019-03-13,60.0322494506836,60.04650115966797,59.59700012207031,59.66600036621094,59.59817886352539,28718000,0.0,0.0
2019-03-14,59.72549819946289,59.89400100708008,59.2239990234375,59.27750015258789,59.21012115478516,23456000,0.0,0.0
2019-03-15,59.66899871826172,59.82849884033203,59.13050079345703,59.22299957275391,59.15568161010742,49236000,0.0,0.0
2019-03-18,59.165000915527344,59.5,58.87105178833008,59.2130012512207,59.145694732666016,25852000,0.0,0.0
2019-03-19,59.44049835205078,60.0,59.29349899291992,59.942501068115234,59.87436676025391,30414000,0.0,0.0
2019-03-20,59.86750030517578,61.35699844360352,59.80849838256836,61.19850158691406,61.12894058227539,44548000,0.0,0.0
2019-03-21,60.79999923706055,61.589500427246094,60.657501220703125,61.57699966430664,61.50700759887695,24080000,0.0,0.0
2019-03-22,61.31600189208984,61.5,60.14125061035156,60.275001525878906,60.20648956298828,34284000,0.0,0.0
2019-03-25,59.84650039672852,60.31990051269531,59.35200119018555,59.650001525878906,59.58219909667969,29936000,0.0,0.0
2019-03-26,59.92649841308594,60.14149856567383,58.83599853515625,59.23099899291992,59.163673400878906,38024000,0.0,0.0
2019-03-27,59.275001525878906,59.37794876098633,57.96849822998047,58.6510009765625,58.58433532714844,28004000,0.0,0.0
2019-03-28,58.57699966430664,58.578250885009766,57.97154998779297,58.42449951171875,58.35808944702149,19234000,0.0,0.0
2019-03-29,58.744998931884766,58.949501037597656,58.14400100708008,58.66550064086914,58.598819732666016,25398000,0.0,0.0
2019-04-01,59.20500183105469,59.83300018310547,59.09999847412109,59.72150039672852,59.65361785888672,25050000,0.0,0.0
2019-04-02,59.76599884033203,60.067501068115234,59.28549957275391,60.02450180053711,59.956275939941406,16558000,0.0,0.0
2019-04-03,60.374000549316406,60.81499862670898,60.025001525878906,60.29600143432617,60.22746658325195,20286000,0.0,0.0
2019-04-04,60.297000885009766,60.78350067138672,60.20650100708008,60.75,60.680946350097656,19000000,0.0,0.0
2019-04-05,60.7495002746582,60.81100082397461,60.25149917602539,60.35749816894531,60.28889083862305,18144000,0.0,0.0
2019-04-08,60.39450073242188,60.43450164794922,59.99300003051758,60.19200134277344,60.12358474731445,17204000,0.0,0.0
2019-04-09,59.79999923706055,60.11449813842773,59.65399932861328,59.86249923706055,59.7944564819336,17528000,0.0,0.0
2019-04-10,60.03400039672852,60.18925094604492,59.82175064086914,60.108001708984375,60.03968048095703,14492000,0.0,0.0
2019-04-11,60.198001861572266,60.39799880981445,60.00650024414063,60.23099899291992,60.16253662109375,14204000,0.0,0.0
2019-04-12,60.5,60.91749954223633,60.40549850463867,60.89350128173828,60.82428741455078,18668000,0.0,0.0
2019-04-15,60.900001525878906,61.209999084472656,60.45550155639648,61.05500030517578,60.98560333251953,23748000,0.0,0.0
2019-04-16,61.25,61.54100036621094,61.00600051879883,61.35649871826172,61.28675842285156,17126000,0.0,0.0
2019-04-17,61.650001525878906,62.02799987792969,61.39099884033203,61.81700134277344,61.74673461914063,24438000,0.0,0.0
2019-04-18,61.95899963378906,62.09999847412109,61.730499267578125,61.81850051879883,61.748233795166016,26636000,0.0,0.0
2019-04-22,61.79949951171875,62.454498291015625,61.41550064086914,62.44200134277344,62.37102508544922,16146000,0.0,0.0
2019-04-23,62.53450012207031,63.45000076293945,62.31900024414063,63.227500915527344,63.15563201904297,26398000,0.0,0.0
2019-04-24,63.20600128173828,63.4005012512207,62.75,62.79999923706055,62.72861862182617,20376000,0.0,0.0
2019-04-25,63.23849868774414,63.370399475097656,62.60150146484375,63.17250061035156,63.1006965637207,22146000,0.0,0.0
2019-04-26,63.45000076293945,63.65349960327149,63.01599884033203,63.60900115966797,63.53670120239258,24828000,0.0,0.0
2019-04-29,63.70000076293945,64.4635009765625,63.31475067138672,64.37899780273438,64.30582427978516,49988000,0.0,0.0
2019-04-30,59.25,59.64049911499024,58.75,59.42399978637695,59.3564567565918,124140000,0.0,0.0
2019-05-01,59.40250015258789,59.40250015258789,58.35900115966797,58.40399932861328,58.33761215209961,52784000,0.0,0.0
2019-05-02,58.38800048828125,58.70949935913086,57.750099182128906,58.13050079345703,58.06442642211914,38896000,0.0,0.0
2019-05-03,58.682498931884766,59.34000015258789,58.45000076293945,59.27000045776367,59.20262908935547,39614000,0.0,0.0
2019-05-06,58.3129997253418,59.54249954223633,58.3129997253418,59.46950149536133,59.40190505981445,31278000,0.0,0.0
2019-05-07,59.02349853515625,59.52199935913086,58.05199813842773,58.70500183105469,58.638275146484375,31028000,0.0,0.0
2019-05-08,58.60049819946289,59.02119827270508,58.2869987487793,58.3134994506836,58.247215270996094,26186000,0.0,0.0
2019-05-09,57.95149993896485,58.483001708984375,57.54249954223633,58.11899948120117,58.05293655395508,23714000,0.0,0.0
2019-05-10,58.179500579833984,58.630001068115234,57.125,58.2135009765625,58.14733123779297,26290000,0.0,0.0
2019-05-13,57.09799957275391,57.39699935913086,56.105499267578125,56.60150146484375,56.53716659545898,37212000,0.0,0.0
2019-05-14,56.86050033569336,57.02099990844727,55.977500915527344,56.02199935913086,55.95832061767578,36732000,0.0,0.0
2019-05-15,55.89350128173828,58.56650161743164,55.83330154418945,58.21049880981445,58.14433288574219,45786000,0.0,0.0
2019-05-16,58.22549819946289,59.40800094604492,58.141998291015625,58.94900131225586,58.88199615478516,30628000,0.0,0.0
2019-05-17,58.42350006103516,59.00749969482422,58.0004997253418,58.1150016784668,58.048946380615234,24172000,0.0,0.0
2019-05-20,57.22499847412109,57.33985137939453,56.57215118408203,56.942501068115234,56.877777099609375,27066000,0.0,0.0
2019-05-21,57.42449951171875,57.635398864746094,56.89699935913086,57.48149871826172,57.416160583496094,23196000,0.0,0.0
2019-05-22,57.337501525878906,57.92599868774414,57.29449844360352,57.57099914550781,57.50556182861328,18290000,0.0,0.0
2019-05-23,57.025001525878906,57.29864883422852,56.46120071411133,57.03850173950195,56.97366714477539,23978000,0.0,0.0
2019-05-24,57.36800003051758,57.48825073242188,56.58300018310547,56.67350006103516,56.60908126831055,22240000,0.0,0.0
2019-05-28,56.70000076293945,57.579349517822266,56.65599822998047,56.70750045776367,56.643043518066406,27300000,0.0,0.0
2019-05-29,56.3759994506836,56.45500183105469,55.4109992980957,55.823001861572266,55.75954818725586,30764000,0.0,0.0
2019-05-30,55.777000427246094,56.15650177001953,55.60599899291992,55.897499084472656,55.833961486816406,19038000,0.0,0.0
2019-05-31,55.06449890136719,55.47999954223633,55.00899887084961,55.18149948120117,55.118778228759766,30156000,0.0,0.0
2019-06-03,53.275001525878906,53.275001525878906,51.25,51.811500549316406,51.75260925292969,102612000,0.0,0.0
2019-06-04,52.14500045776367,52.8025016784668,51.68450164794922,52.65250015258789,52.5926513671875,56670000,0.0,0.0
2019-06-05,52.57699966430664,52.6775016784668,51.52450180053711,52.11100006103516,52.0517692565918,43368000,0.0,0.0
2019-06-06,52.2495002746582,52.3745002746582,51.685001373291016,52.21699905395508,52.15764617919922,34064000,0.0,0.0
2019-06-07,52.53150177001953,53.54600143432617,52.41999816894531,53.30199813842773,53.24141311645508,36048000,0.0,0.0
2019-06-10,53.64899826049805,54.632999420166016,53.6161003112793,54.01900100708008,53.95759963989258,29284000,0.0,0.0
2019-06-11,54.69900131225586,55.0994987487793,53.880149841308594,53.93600082397461,53.87469482421875,28734000,0.0,0.0
2019-06-12,53.900001525878906,54.04650115966797,53.37699890136719,53.85150146484375,53.79029083251953,21220000,0.0,0.0
2019-06-13,54.18199920654297,54.70849990844727,54.00749969482422,54.4384994506836,54.37662124633789,21154000,0.0,0.0
2019-06-14,54.32099914550781,54.634498596191406,54.00859832763672,54.26750183105469,54.20581817626953,22230000,0.0,0.0
2019-06-17,54.31399917602539,54.95899963378906,54.31399917602539,54.625,54.56290817260742,18832000,0.0,0.0
2019-06-18,55.484500885009766,55.81949996948242,54.949501037597656,55.18000030517578,55.117279052734375,27734000,0.0,0.0
2019-06-19,55.27999877929688,55.34999847412109,54.67399978637695,55.11650085449219,55.05385208129883,26776000,0.0,0.0
2019-06-20,55.9995002746582,56.00600051879883,55.23699951171875,55.57099914550781,55.5078353881836,25240000,0.0,0.0
2019-06-21,55.46200180053711,56.20550155639648,55.40399932861328,56.09400177001953,56.03024291992188,38952000,0.0,0.0
2019-06-24,55.980499267578125,56.09999847412109,55.55049896240234,55.7760009765625,55.71260070800781,27912000,0.0,0.0
2019-06-25,55.632999420166016,55.71749877929688,54.18999862670898,54.317501068115234,54.25576019287109,30938000,0.0,0.0
2019-06-26,54.32500076293945,54.64849853515625,53.61199951171875,53.9900016784668,53.92863464355469,36218000,0.0,0.0
2019-06-27,54.20000076293945,54.35499954223633,53.76449966430664,53.80049896240234,53.73934555053711,20086000,0.0,0.0
2019-06-28,53.81949996948242,54.04999923706055,53.66849899291992,54.045501708984375,53.98406982421875,33864000,0.0,0.0
2019-07-01,54.900001525878906,55.37900161743164,54.685150146484375,54.897499084472656,54.83509826660156,28726000,0.0,0.0
2019-07-02,55.11199951171875,55.5885009765625,54.90850067138672,55.5625,55.49934387207031,19832000,0.0,0.0
2019-07-03,55.87049865722656,56.3380012512207,55.69300079345703,56.07899856567383,56.015254974365234,15340000,0.0,0.0
2019-07-05,55.88999938964844,56.64400100708008,55.80699920654297,56.579498291015625,56.51518630981445,25286000,0.0,0.0
2019-07-08,56.25849914550781,56.29899978637695,55.56050109863281,55.817501068115234,55.75405502319336,24728000,0.0,0.0
2019-07-09,55.59000015258789,56.401248931884766,55.35850143432617,56.24150085449219,56.17757415771485,26608000,0.0,0.0
2019-07-10,56.56100082397461,57.102500915527344,56.54850006103516,57.02399826049805,56.95918273925781,24190000,0.0,0.0
2019-07-11,57.16249847412109,57.65349960327149,56.979000091552734,57.21049880981445,57.145469665527344,23910000,0.0,0.0
2019-07-12,57.199501037597656,57.367000579833984,56.93899917602539,57.244998931884766,57.179931640625,17280000,0.0,0.0
2019-07-15,57.34299850463867,57.54100036621094,56.970001220703125,57.516998291015625,57.451622009277344,18076000,0.0,0.0
2019-07-16,57.29999923706055,57.92900085449219,57.25,57.67900085449219,57.61343765258789,24776000,0.0,0.0
2019-07-17,57.54850006103516,57.917999267578125,57.28850173950195,57.317501068115234,57.252349853515625,23400000,0.0,0.0
2019-07-18,57.08700180053711,57.3802490234375,56.63650131225586,57.31650161743164,57.25135040283203,25814000,0.0,0.0
2019-07-19,57.40950012207031,57.55699920654297,56.48099899291992,56.505001068115234,56.44077301025391,32944000,0.0,0.0
2019-07-22,56.67250061035156,56.962501525878906,56.21200180053711,56.90349960327149,56.83882141113281,26030000,0.0,0.0
2019-07-23,57.20000076293945,57.345001220703125,56.59000015258789,57.31050109863281,57.24535751342773,21874000,0.0,0.0
2019-07-24,56.595001220703125,57.20000076293945,56.3494987487793,56.89049911499024,56.82583236694336,31796000,0.0,0.0
2019-07-25,56.89099884033203,57.084999084472656,56.04600143432617,56.60599899291992,56.54165649414063,44196000,0.0,0.0
2019-07-26,61.20199966430664,63.27750015258789,61.20000076293945,62.52050018310547,62.44943618774414,96116000,0.0,0.0
2019-07-29,62.0525016784668,62.368499755859375,61.4114990234375,61.97050094604492,61.90006256103516,44474000,0.0,0.0
2019-07-30,61.27050018310547,61.743499755859375,61.165000915527344,61.25699996948242,61.18737030029297,29066000,0.0,0.0
2019-07-31,61.150001525878906,61.70000076293945,60.38819885253906,60.83399963378906,60.76485061645508,34510000,0.0,0.0
2019-08-01,60.70149993896485,61.70550155639648,60.2859992980957,60.45050048828125,60.38179016113281,33970000,0.0,0.0
2019-08-02,60.0369987487793,60.345001220703125,59.446998596191406,59.699501037597656,59.63164138793945,32902000,0.0,0.0
2019-08-05,58.50199890136719,58.762001037597656,57.00699996948242,57.61600112915039,57.55051040649414,51950000,0.0,0.0
2019-08-06,58.16550064086914,58.99800109863281,58.0,58.497501373291016,58.43101119995117,34188000,0.0,0.0
2019-08-07,57.79999923706055,58.92224884033203,57.481201171875,58.699501037597656,58.63277816772461,28886000,0.0,0.0
2019-08-08,59.14149856567383,60.2504997253418,58.6510009765625,60.2400016784668,60.17152786254883,29360000,0.0,0.0
2019-08-09,59.89950180053711,60.19400024414063,59.18014907836914,59.4005012512207,59.332984924316406,21314000,0.0,0.0
2019-08-12,58.96049880981445,59.24800109863281,58.38359832763672,58.73550033569336,58.668739318847656,20060000,0.0,0.0
2019-08-13,58.573001861572266,60.23899841308594,58.573001861572266,59.86349868774414,59.79545593261719,25888000,0.0,0.0
2019-08-14,58.81549835205078,59.1150016784668,58.027000427246094,58.214500427246094,58.14833068847656,31574000,0.0,0.0
2019-08-15,58.17499923706055,58.79199981689453,58.105499267578125,58.36299896240234,58.296661376953125,24374000,0.0,0.0
2019-08-16,58.977500915527344,59.13600158691406,58.59049987792969,58.880001068115234,58.81307601928711,26266000,0.0,0.0
2019-08-19,59.50450134277344,60.3494987487793,59.50450134277344,59.92250061035156,59.85438919067383,24632000,0.0,0.0
2019-08-20,59.76250076293945,59.803001403808594,59.105499267578125,59.134498596191406,59.06728363037109,18310000,0.0,0.0
2019-08-21,59.657501220703125,59.95000076293945,59.37149810791016,59.5625,59.49479675292969,14814000,0.0,0.0
2019-08-22,59.70349884033203,59.90060043334961,58.92900085449219,59.47650146484375,59.40889739990234,18950000,0.0,0.0
2019-08-23,59.0994987487793,59.70399856567383,57.38750076293945,57.56449890136719,57.49906921386719,33740000,0.0,0.0
2019-08-26,57.86299896240234,58.4734992980957,57.64799880981445,58.44449996948242,58.37806701660156,24522000,0.0,0.0
2019-08-27,59.0265007019043,59.119998931884766,58.0724983215332,58.391998291015625,58.325626373291016,21544000,0.0,0.0
2019-08-28,58.08549880981445,58.82099914550781,57.8650016784668,58.55099868774414,58.48444747924805,16040000,0.0,0.0
2019-08-29,59.055999755859375,59.803001403808594,59.055999755859375,59.64250183105469,59.57470703,21768000,0.0,0.0
2019-08-30,59.92499923706055,59.92499923706055,59.19015121459961,59.40499877929688,59.33747482299805,22596000,0.0,0.0
2019-09-03,58.85150146484375,59.34450149536133,58.15999984741211,58.41949844360352,58.35309600830078,29598000,0.0,0.0
2019-09-04,58.83549880981445,59.17399978637695,58.54999923706055,59.070499420166016,59.00335693359375,21378000,0.0,0.0
2019-09-05,59.57649993896485,60.652000427246094,59.57649993896485,60.56900024414063,60.50015258789063,28162000,0.0,0.0
2019-09-06,60.40650177001953,60.60074996948242,60.1260986328125,60.24649810791016,60.178016662597656,21442000,0.0,0.0
2019-09-09,60.20000076293945,61.0,59.63100051879883,60.22050094604492,60.15205001831055,29438000,0.0,0.0
2019-09-10,59.75749969482422,60.5,59.729000091552734,60.29999923706055,60.2314567565918,25202000,0.0,0.0
2019-09-11,60.170501708984375,61.130001068115234,60.11000061035156,61.00849914550781,60.939151763916016,26140000,0.0,0.0
2019-09-12,61.21500015258789,62.09299850463867,61.1510009765625,61.712501525878906,61.642356872558594,34518000,0.0,0.0
2019-09-13,61.567501068115234,62.04399871826172,61.35049819946289,61.97800064086914,61.90755081176758,26028000,0.0,0.0
2019-09-16,61.47600173950195,61.97800064086914,61.28049850463867,61.56499862670898,61.49502182006836,21066000,0.0,0.0
2019-09-17,61.52000045776367,61.75,61.18450164794922,61.45750045776367,61.38764572143555,19102000,0.0,0.0
2019-09-18,61.3754997253418,61.78049850463867,60.82649993896485,61.62049865722656,61.55045700073242,22702000,0.0,0.0
2019-09-19,61.60300064086914,62.22200012207031,61.60100173950195,61.93550109863281,61.8651008605957,19920000,0.0,0.0
2019-09-20,61.65599822998047,62.16600036621094,61.15399932861328,61.49649810791016,61.42659759521485,45400000,0.0,0.0
2019-09-23,61.29999923706055,61.954498291015625,61.20849990844727,61.70149993896485,61.63136672973633,21248000,0.0,0.0
2019-09-24,62.0,62.33700180053711,60.53400039672852,60.9379997253418,60.86873245239258,31664000,0.0,0.0
2019-09-25,60.79100036621094,62.415000915527344,60.50450134277344,62.32600021362305,62.255157470703125,29060000,0.0,0.0
2019-09-26,62.09799957275391,62.25,61.613399505615234,62.06949996948242,61.99894714355469,30760000,0.0,0.0
2019-09-27,62.1505012512207,62.20100021362305,60.72249984741211,61.25450134277344,61.18487548828125,27078000,0.0,0.0
2019-09-30,61.04850006103516,61.29999923706055,60.6150016784668,60.95000076293945,60.88072204589844,28082000,0.0,0.0
2019-10-01,60.95000076293945,61.561500549316406,60.17900085449219,60.255001068115234,60.1865119934082,25470000,0.0,0.0
2019-10-02,59.8489990234375,59.8489990234375,58.56449890136719,58.83150100708008,58.76462936401367,32302000,0.0,0.0
2019-10-03,59.0,59.45299911499024,58.12149810791016,59.39149856567383,59.32398986816406,32424000,0.0,0.0
2019-10-04,59.59450149536133,60.571998596191406,59.45849990844727,60.45000076293945,60.381290435791016,23248000,0.0,0.0
2019-10-07,60.220001220703125,60.91019821166992,60.1875,60.38399887084961,60.31536102294922,16858000,0.0,0.0
2019-10-08,59.87950134277344,60.30400085449219,59.45050048828125,59.45650100708008,59.388919830322266,20786000,0.0,0.0
2019-10-09,59.96749877929688,60.41749954223633,59.88150024414063,60.115501403808594,60.04716873168945,17354000,0.0,0.0
2019-10-10,59.92900085449219,60.75,59.867000579833984,60.43349838256836,60.36480712890625,16932000,0.0,0.0
2019-10-11,61.11050033569336,61.41949844360352,60.6870002746582,60.772499084472656,60.70342254638672,25454000,0.0,0.0
2019-10-14,60.617000579833984,61.31650161743164,60.5880012512207,60.85699844360352,60.78782653808594,17350000,0.0,0.0
2019-10-15,61.02000045776367,62.36650085449219,61.02000045776367,62.1505012512207,62.079856872558594,27634000,0.0,0.0
2019-10-16,62.05849838256836,62.73699951171875,61.92250061035156,62.18199920654297,62.11132049560547,21892000,0.0,0.0
2019-10-17,62.54650115966797,63.1662483215332,62.49700164794922,62.65349960327149,62.58228302001953,19048000,0.0,0.0
2019-10-18,62.67300033569336,62.94449996948242,62.05400085449219,62.27450180053711,62.20371627807617,27056000,0.0,0.0
2019-10-21,62.61299896240234,62.73144912719727,62.02999877929688,62.307498931884766,62.23667526245117,20544000,0.0,0.0
2019-10-22,62.39250183105469,62.52999877929688,62.06900024414063,62.13999938964844,62.069366455078125,20476000,0.0,0.0
2019-10-23,62.11800003051758,62.99449920654297,62.11800003051758,62.95650100708008,62.88494110107422,18230000,0.0,0.0
2019-10-24,63.04499816894531,63.20000076293945,62.68574905395508,63.04949951171875,62.97783279418945,20562000,0.0,0.0
2019-10-25,62.55149841308594,63.47999954223633,62.5004997253418,63.25650024414063,63.184600830078125,24262000,0.0,0.0
2019-10-28,63.772499084472656,64.96549987792969,63.62699890136719,64.5,64.42668914794922,52264000,0.0,0.0
2019-10-29,63.811500549316406,64.07949829101562,62.860599517822266,63.13100051879883,63.05924224853516,37728000,0.0,0.0
2019-10-30,62.64849853515625,63.46799850463867,62.59999847412109,63.06449890136719,62.99281692504883,28178000,0.0,0.0
2019-10-31,63.06399917602539,63.38349914550781,62.54214859008789,63.00550079345703,62.93388366699219,29114000,0.0,0.0
2019-11-01,63.25,63.73099899291992,63.025001525878906,63.6870002746582,63.61460876464844,33402000,0.0,0.0
2019-11-04,63.8224983215332,64.70649719238281,63.8177490234375,64.56849670410156,64.49510192871094,30020000,0.0,0.0
2019-11-05,64.64450073242188,64.94650268554688,64.56144714355469,64.60150146484375,64.52806854248047,25654000,0.0,0.0
2019-11-06,64.4729995727539,64.6865005493164,64.125,64.58999633789062,64.5165786743164,23060000,0.0,0.0
2019-11-07,64.71399688720703,66.18699645996094,64.71224975585938,65.44300079345703,65.36861419677734,40600000,0.0,0.0
2019-11-08,65.26399993896484,65.9000015258789,65.21824645996094,65.56849670410156,65.49396514892578,25028000,0.0,0.0
2019-11-11,65.15899658203125,65.32125091552734,64.87049865722656,64.95950317382812,64.88566589355469,20238000,0.0,0.0
2019-11-12,65.0,65.5,64.78849792480469,64.94000244140625,64.8661880493164,21718000,0.0,0.0
2019-11-13,64.70349884033203,65.21499633789062,64.67549896240234,64.9000015258789,64.82623291015625,16534000,0.0,0.0
2019-11-14,64.875,65.8499984741211,64.78250122070312,65.572998046875,65.49846649169922,23870000,0.0,0.0
2019-11-15,65.9469985961914,66.74400329589844,65.71399688720703,66.74349975585938,66.66763305664062,35652000,0.0,0.0
2019-11-18,66.61100006103516,66.77645111083984,65.875,66.03500366210938,65.95994567871094,29748000,0.0,0.0
2019-11-19,66.38500213623047,66.38500213623047,65.63999938964844,65.77300262451172,65.69824219,25384000,0.0,0.0
2019-11-20,65.58699798583984,65.75,64.55750274658203,65.15249633789062,65.07843780517578,26172000,0.0,0.0
2019-11-21,65.0739974975586,65.62950134277344,64.6500015258789,65.06749725341797,64.99353790283203,19910000,0.0,0.0
2019-11-22,65.28099822998047,65.4365005493164,64.57050323486328,64.76699829101562,64.6933822631836,27714000,0.0,0.0
2019-11-25,64.95899963378906,65.56549835205078,64.90650177001953,65.33450317382812,65.26023864746094,20724000,0.0,0.0
2019-11-26,65.49299621582031,65.73999786376953,65.25450134277344,65.67749786376953,65.60284423828125,21394000,0.0,0.0
2019-11-27,65.75,65.91799926757812,65.48149871826172,65.64949798583984,65.57487487792969,19912000,0.0,0.0
2019-11-29,65.35600280761719,65.51024627685547,65.19850158691406,65.24800109863281,65.17383575439453,11740000,0.0,0.0
2019-12-02,65.05000305175781,65.29149627685547,64.05000305175781,64.49600219726562,64.42269134521484,30218000,0.0,0.0
2019-12-03,63.97850036621094,64.92304992675781,63.95000076293945,64.76399993896484,64.69038391113281,22876000,0.0,0.0
2019-12-04,65.35050201416016,66.29000091552734,65.24349975585938,66.0270004272461,65.95195007324219,30750000,0.0,0.0
2019-12-05,66.4000015258789,66.46790313720703,65.8219985961914,66.40650177001953,66.33101654052734,24254000,0.0,0.0
2019-12-06,66.6719970703125,67.19999694824219,66.6719970703125,67.03099822998047,66.95480346679688,26296000,0.0,0.0
2019-12-09,66.9020004272461,67.97250366210938,66.89199829101562,67.1780014038086,67.10164642333984,27086000,0.0,0.0
2019-12-10,67.07499694824219,67.49874877929688,66.802001953125,67.23300170898438,67.15657806396484,21882000,0.0,0.0
2019-12-11,67.54199981689453,67.55999755859375,67.13349914550781,67.2509994506836,67.174560546875,17008000,0.0,0.0
2019-12-12,67.2969970703125,67.78874969482422,67.0250015258789,67.51349639892578,67.43675994873047,25620000,0.0,0.0
2019-12-13,67.39749908447266,67.65464782714844,67.19349670410156,67.3915023803711,67.31490325927734,30992000,0.0,0.0
2019-12-16,67.82499694824219,68.23400115966797,67.63349914550781,68.05850219726562,67.98114013671875,27946000,0.0,0.0
2019-12-17,68.14450073242188,68.25,67.56614685058594,67.75599670410156,67.6789779663086,37080000,0.0,0.0
2019-12-18,67.83000183105469,68.02349853515625,67.55000305175781,67.63099670410156,67.55412292480469,30452000,0.0,0.0
2019-12-19,67.59100341796875,67.90499877929688,67.44924926757812,67.802001953125,67.72493743896484,29398000,0.0,0.0
2019-12-20,68.1675033569336,68.18199920654297,67.44999694824219,67.47949981689453,67.40280151367188,66300000,0.0,0.0
2019-12-23,67.79350280761719,67.98999786376953,67.32550048828125,67.44200134277344,67.36534118652344,17662000,0.0,0.0
2019-12-24,67.42500305175781,67.51300048828125,67.13899993896484,67.1780014038086,67.10164642333984,6950000,0.0,0.0
2019-12-26,67.30850219726562,68.06635284423828,67.22350311279297,68.0199966430664,67.94268035888672,13350000,0.0,0.0
2019-12-27,68.14949798583984,68.22650146484375,67.46549987792969,67.59449768066406,67.51766204833984,20768000,0.0,0.0
2019-12-30,67.5,67.6500015258789,66.70099639892578,66.80699920654297,66.73106384277344,21018000,0.0,0.0
2019-12-31,66.50550079345703,66.9000015258789,66.4542465209961,66.85099792480469,66.77500915527344,19236000,0.0,0.0
2020-01-02,67.07749938964844,68.40699768066406,67.07749938964844,68.36849975585938,68.29078674316406,28132000,0.0,0.0
2020-01-03,67.39299774169922,68.625,67.2771987915039,68.03299713134766,67.9556655883789,23728000,0.0,0.0
2020-01-06,67.5,69.82499694824219,67.5,69.71050262451172,69.63126373291016,34646000,0.0,0.0
2020-01-07,69.89700317382812,70.14949798583984,69.51899719238281,69.66699981689453,69.58781433105469,30054000,0.0,0.0
2020-01-08,69.60399627685547,70.5790023803711,69.54199981689453,70.21600341796875,70.13619232177734,30560000,0.0,0.0
2020-01-09,71.02850341796875,71.36650085449219,70.51349639892578,70.99150085449219,70.91080474853516,30018000,0.0,0.0
2020-01-10,71.37799835205078,71.74645233154297,70.9175033569336,71.48650360107422,71.4052505493164,36414000,0.0,0.0
2020-01-13,71.80650329589844,72.0260009765625,71.3010025024414,71.96150207519531,71.87970733642578,33046000,0.0,0.0
2020-01-14,71.95050048828125,72.08999633789062,71.41850280761719,71.54399871826172,71.46267700195312,31178000,0.0,0.0
2020-01-15,71.510498046875,72.06974792480469,71.510498046875,71.95999908447266,71.87820434570312,25654000,0.0,0.0
2020-01-16,72.37200164794922,72.59950256347656,72.0459976196289,72.58499908447266,72.50249481201172,23474000,0.0,0.0
2020-01-17,73.14550018310547,74.06475067138672,72.91100311279297,74.01950073242188,73.93536376953125,47924000,0.0,0.0
2020-01-21,73.95600128173828,74.59249877929688,73.55999755859375,74.22000122070312,74.13563537597656,40734000,0.0,0.0
2020-01-22,74.55000305175781,75.16069793701172,74.24649810791016,74.29750061035156,74.21305084228516,32216000,0.0,0.0
2020-01-23,74.38200378417969,74.7760009765625,74.1050033569336,74.3324966430664,74.24800872802734,27024000,0.0,0.0
2020-01-24,74.67949676513672,74.77474975585938,73.26249694824219,73.33550262451172,73.25214385986328,35692000,0.0,0.0
2020-01-27,71.55000305175781,71.90350341796875,71.05999755859375,71.69499969482422,71.61351013183594,35104000,0.0,0.0
2020-01-28,72.1500015258789,72.80000305175781,71.62349700927734,72.62799835205078,72.54544830322266,31548000,0.0,0.0
2020-01-29,72.94000244140625,73.27149963378906,72.33699798583984,72.93150329589844,72.84860229492188,21554000,0.0,0.0
2020-01-30,71.99800109863281,72.86399841308594,71.81999969482422,72.79199981689453,72.70925903320312,26788000,0.0,0.0
2020-01-31,73.44499969482422,73.50650024414062,71.42649841308594,71.71150207519531,71.62998962402344,48344000,0.0,0.0
2020-02-03,73.0999984741211,74.5,72.94950103759766,74.2969970703125,74.2125473022461,60736000,0.0,0.0
2020-02-04,72.85350036621094,73.4749984741211,71.31500244140625,72.35350036621094,72.27125549316406,78660000,0.0,0.0
2020-02-05,73.12100219726562,73.19200134277344,71.52799987792969,72.4114990234375,72.32919311523438,39724000,0.0,0.0
2020-02-06,72.5165023803711,74.0999984741211,72.47850036621094,73.8115005493164,73.72760009765625,33588000,0.0,0.0
2020-02-07,73.36499786376953,74.29199981689453,73.31749725341797,73.96150207519531,73.87743377685547,23446000,0.0,0.0
2020-02-10,73.71600341796875,75.4749984741211,73.71600341796875,75.43399810791016,75.34825897216797,28398000,0.0,0.0
2020-02-11,75.59049987792969,76.48149871826172,75.28189849853516,75.43949890136719,75.35375213623047,26892000,0.0,0.0
2020-02-12,75.7239990234375,76.03475189208984,75.40550231933594,75.91349792480469,75.82720947265625,23352000,0.0,0.0
2020-02-13,75.6344985961914,76.35900115966797,75.2300033569336,75.73300170898438,75.64691925048828,18590000,0.0,0.0
2020-02-14,75.77999877929688,76.03700256347656,75.36699676513672,76.03700256347656,75.95057678222656,23956000,0.0,0.0
2020-02-18,75.75,76.58149719238281,75.62950134277344,75.9834976196289,75.89713287353516,22414000,0.0,0.0
2020-02-19,76.25350189208984,76.60530090332031,76.06999969482422,76.33450317382812,76.24773406982422,18986000,0.0,0.0
2020-02-20,76.0999984741211,76.48200225830078,75.34100341796875,75.90750122070312,75.82122039794922,21932000,0.0,0.0
2020-02-21,75.40149688720703,75.61074829101562,74.02200317382812,74.25550079345703,74.17109680175781,34634000,0.0,0.0
2020-02-24,71.30549621582031,71.84850311279297,70.56950378417969,71.07949829101562,70.99870300292969,57342000,0.0,0.0
2020-02-25,71.6500015258789,71.90699768066406,69.12000274658203,69.42250061035156,69.34358978271484,49566000,0.0,0.0
2020-02-26,69.80699920654297,70.78500366210938,68.94999694824219,69.65899658203125,69.57981872558594,44048000,0.0,0.0
2020-02-27,68.10299682617188,68.58519744873047,65.8584976196289,65.90450286865234,65.82958984,59566000,0.0,0.0
2020-02-28,63.875,67.05699920654297,63.54999923706055,66.96649932861328,66.890380859375,75782000,0.0,0.0
2020-03-02,67.58049774169922,69.54350280761719,66.34075164794922,69.45549774169922,69.37654876708984,48630000,0.0,0.0
2020-03-03,69.97100067138672,70.50749969482422,66.5999984741211,67.06950378417969,66.99327087402344,48046000,0.0,0.0
2020-03-04,67.96150207519531,69.40450286865234,67.15550231933594,69.32599639892578,69.24720001220703,38266000,0.0,0.0
2020-03-05,67.51000213623047,67.94550323486328,65.25499725341797,65.9520034790039,65.87703704833984,51226000,0.0,0.0
2020-03-06,63.85300064086914,65.31099700927734,63.0525016784668,64.92050170898438,64.84671020507812,53212000,0.0,0.0
2020-03-09,60.26499938964844,62.73799896240234,60.0,60.77799987792969,60.70891571044922,67308000,0.0,0.0
2020-03-10,63.0,64.05750274658203,60.9384994506836,64.01950073242188,63.94673156738281,52228000,0.0,0.0
2020-03-11,62.48500061035156,63.04800033569336,59.80350112915039,60.77050018310547,60.70142364501953,52170000,0.0,0.0
2020-03-12,56.29999923706055,59.69350051879883,55.665000915527344,55.74549865722656,55.68213653564453,84534000,0.0,0.0
2020-03-13,58.95000076293945,60.98799896240234,55.85715103149414,60.98649978637695,60.917179107666016,74002000,0.0,0.0
2020-03-16,54.79999923706055,57.61334991455078,53.72200012207031,54.21649932861328,54.15487289428711,85048000,0.0,0.0
2020-03-17,54.65549850463867,56.542999267578125,52.80049896240234,55.9900016784668,55.926361083984375,77230000,0.0,0.0
2020-03-18,52.82550048828125,55.32500076293945,51.86399841308594,54.84000015258789,54.77766418457031,84668000,0.0,0.0
2020-03-19,54.65250015258789,57.89849853515625,53.005401611328125,55.76449966430664,55.701114654541016,73022000,0.0,0.0
2020-03-20,56.7859992980957,57.199501037597656,53.27450180053711,53.61600112915039,53.555057525634766,72036000,0.0,0.0
2020-03-23,53.06600189208984,53.56600189208984,50.67679977416992,52.83100128173828,52.77095031738281,80882000,0.0,0.0
2020-03-24,55.1884994506836,56.75,54.53099822998047,56.72299957275391,56.65852355957031,66890000,0.0,0.0
2020-03-25,56.32350158691406,57.44499969482422,54.30049896240234,55.1245002746582,55.06184387207031,81630000,0.0,0.0
2020-03-26,55.59000015258789,58.49850082397461,54.67649841308594,58.087501525878906,58.02147674560547,71434000,0.0,0.0
2020-03-27,56.28350067138672,57.53350067138672,55.295501708984375,55.53549957275391,55.47237396240234,64170000,0.0,0.0
2020-03-30,56.25199890136719,57.58150100708008,54.82400131225586,57.34099960327149,57.275821685791016,51482000,0.0,0.0
2020-03-31,57.3650016784668,58.76549911499024,56.90700149536133,58.14049911499024,58.07441329956055,49728000,0.0,0.0
2020-04-01,56.09999847412109,56.484500885009766,54.872501373291016,55.28099822998047,55.21816253662109,46884000,0.0,0.0
2020-04-02,54.91299819946289,56.34299850463867,54.81999969482422,56.04199981689453,55.97829818725586,39298000,0.0,0.0
2020-04-03,55.95074844360352,56.17699813842773,53.990501403808594,54.89400100708008,54.83160400390625,46268000,0.0,0.0
2020-04-06,56.900001525878906,59.733001708984375,56.547000885009766,59.34600067138672,59.27854537963867,53294000,0.0,0.0
2020-04-07,61.04999923706055,61.25,59.11149978637695,59.32550048828125,59.2580680847168,47746000,0.0,0.0
2020-04-08,60.32500076293945,60.95349884033203,59.40800094604492,60.51399993896485,60.44521713256836,39502000,0.0,0.0
2020-04-09,61.20399856567383,61.27849960327149,59.83675003051758,60.5724983215332,60.50364685058594,43508000,0.0,0.0
2020-04-13,60.45899963378906,61.0255012512207,59.37990188598633,60.87799835205078,60.80879974365234,34796000,0.0,0.0
2020-04-14,62.25450134277344,64.10350036621094,61.84650039672852,63.46149826049805,63.38936233520508,49408000,0.0,0.0
2020-04-15,62.28049850463867,64.02300262451172,62.02000045776367,63.12350082397461,63.05175018310547,33434000,0.0,0.0
2020-04-16,63.70500183105469,63.95000076293945,62.13100051879883,63.17350006103516,63.10169219970703,50362000,0.0,0.0
2020-04-17,64.24250030517578,64.72149658203125,63.561500549316406,64.1624984741211,64.08956909179688,38980000,0.0,0.0
2020-04-20,63.54999923706055,64.08000183105469,63.06850051879883,63.33050155639648,63.25851440429688,33910000,0.0,0.0
2020-04-21,62.34999847412109,62.7135009765625,60.48550033569336,60.81700134277344,60.74787139892578,43060000,0.0,0.0
2020-04-22,62.277000427246094,64.28064727783203,62.09999847412109,63.16049957275391,63.08870697021485,41848000,0.0,0.0
2020-04-23,63.57749938964844,64.66549682617188,63.28350067138672,63.81549835205078,63.74296188354492,31324000,0.0,0.0
2020-04-24,63.05849838256836,64.0199966430664,62.47249984741211,63.96549987792969,63.89279174804688,32792000,0.0,0.0
2020-04-27,64.80000305175781,64.80750274658203,63.45000076293945,63.79399871826172,63.72148513793945,32012000,0.0,0.0
2020-04-28,64.39649963378906,64.40249633789062,61.61000061035156,61.68349838256836,61.61338424682617,59026000,0.0,0.0
2020-04-29,67.072998046875,67.99949645996094,66.26699829101562,67.0739974975586,66.99775695800781,75872000,0.0,0.0
2020-04-30,66.24400329589844,67.64099884033203,66.12449645996094,67.43299865722656,67.35635375976562,53378000,0.0,0.0
2020-05-01,66.42500305175781,67.60350036621094,65.55000305175781,66.03050231933594,65.9554443359375,41450000,0.0,0.0
2020-05-04,65.4114990234375,66.38300323486328,64.94999694824219,66.33999633789062,66.26458740234375,30080000,0.0,0.0
2020-05-05,66.89600372314453,68.6969985961914,66.87300109863281,67.55549621582031,67.47870635986328,33030000,0.0,0.0
2020-05-06,68.08450317382812,68.55599975585938,67.364501953125,67.36499786376953,67.2884292602539,24308000,0.0,0.0
2020-05-07,68.2969970703125,68.87999725341797,67.76349639892578,68.62799835205078,68.54999542236328,27952000,0.0,0.0
2020-05-08,69.15650177001953,69.93800354003906,68.77400207519531,69.41850280761719,69.339599609375,27738000,0.0,0.0
2020-05-11,68.91400146484375,70.82649993896484,68.85759735107422,70.16300201416016,70.083251953125,28242000,0.0,0.0
2020-05-12,70.35600280761719,70.75,68.7385025024414,68.78700256347656,68.70881652832031,27812000,0.0,0.0
2020-05-13,68.85250091552734,69.27410125732422,66.41999816894531,67.46649932861328,67.38981628417969,36252000,0.0,0.0
2020-05-14,66.7509994506836,67.87100219726562,66.19550323486328,67.80650329589844,67.72943115234375,32062000,0.0,0.0
2020-05-15,67.5,68.7239990234375,66.94999694824219,68.65950012207031,68.58145904541016,34154000,0.0,0.0
2020-05-18,68.0875015258789,69.61624908447266,67.7125015258789,69.1969985961914,69.11834716796875,36448000,0.0,0.0
2020-05-19,69.349853515625,69.5999984741211,68.67424774169922,68.67424774169922,68.59619141,25612000,0.0,0.0
2020-05-20,69.47899627685547,70.52100372314453,69.36250305175781,70.33599853515625,70.25605010986328,33108000,0.0,0.0
2020-05-21,70.4000015258789,70.77449798583984,69.67250061035156,70.13999938964844,70.06027221679688,27700000,0.0,0.0
2020-05-22,69.83550262451172,70.63800048828125,69.59149932861328,70.52100372314453,70.44084167480469,26188000,0.0,0.0
2020-05-26,71.8635025024414,72.05000305175781,70.60649871826172,70.85099792480469,70.77046203613281,41212000,0.0,0.0
2020-05-27,70.86250305175781,71.08699798583984,69.56449890136719,70.89199829101562,70.81141662597656,33716000,0.0,0.0
2020-05-28,69.84300231933594,72.04199981689453,69.80000305175781,70.83650207519531,70.7559814453125,33844000,0.0,0.0
2020-05-29,70.84700012207031,71.62850189208984,70.6675033569336,71.44599914550781,71.36479187011719,36418000,0.0,0.0
2020-06-01,70.91950225830078,71.89800262451172,70.9000015258789,71.59100341796875,71.50962829589844,24342000,0.0,0.0
2020-06-02,71.52749633789062,71.98049926757812,70.94149780273438,71.96099853515625,71.87920379638672,25562000,0.0,0.0
2020-06-03,71.91500091552734,72.32759857177734,71.48885345458984,71.81900024414062,71.73736572265625,25124000,0.0,0.0
2020-06-04,71.5199966430664,71.947998046875,70.23650360107422,70.60900115966797,70.52873992919922,29686000,0.0,0.0
2020-06-05,70.65850067138672,72.25250244140625,70.30000305175781,71.91950225830078,71.83775329589844,34698000,0.0,0.0
2020-06-08,71.11699676513672,72.39949798583984,71.11699676513672,72.33049774169922,72.24828338623047,28084000,0.0,0.0
2020-06-09,72.26799774169922,73.4000015258789,72.1604995727539,72.80799865722656,72.7252426147461,28184000,0.0,0.0
2020-06-10,72.97699737548828,73.71295166015625,72.8134994506836,73.2925033569336,73.20919799804688,30504000,0.0,0.0
2020-06-11,72.1240005493164,72.72374725341797,70.0999984741211,70.19200134277344,70.11221313476562,39826000,0.0,0.0
2020-06-12,71.42449951171875,71.8499984741211,69.3010025024414,70.65899658203125,70.57868194580078,38928000,0.0,0.0
2020-06-15,69.54000091552734,71.23999786376953,69.39600372314453,70.99250030517578,70.91180419921875,30078000,0.0,0.0
2020-06-16,72.26100158691406,72.7509994506836,71.29499816894531,72.13600158691406,72.05400848388672,34184000,0.0,0.0
2020-06-17,72.35800170898438,73.0,71.56900024414062,72.55599975585938,72.47352600097656,30992000,0.0,0.0
2020-06-18,72.45800018310547,72.57050323486328,71.35050201416016,71.7979965209961,71.71638488769531,31638000,0.0,0.0
2020-06-19,72.19999694824219,72.38999938964844,71.06749725341797,71.58599853515625,71.50463104248047,63158000,0.0,0.0
2020-06-22,71.44999694824219,72.63749694824219,71.1604995727539,72.59300231933594,72.51049041748047,30848000,0.0,0.0
2020-06-23,72.78199768066406,73.79705047607422,72.26200103759766,73.22049713134766,73.13726806640625,28596000,0.0,0.0
2020-06-24,73.07550048828125,73.77100372314453,71.48750305175781,71.59850311279297,71.51712036132812,35120000,0.0,0.0
2020-06-25,71.49500274658203,72.1449966430664,71.0,72.06649780273438,71.98458099365234,24610000,0.0,0.0
2020-06-26,71.56950378417969,71.67250061035156,67.59950256347656,67.99500274658203,67.91771697998047,85354000,0.0,0.0
2020-06-29,67.90899658203125,69.77999877929688,67.35050201416016,69.74849700927734,69.66921997070312,36204000,0.0,0.0
2020-06-30,69.52200317382812,70.93250274658203,69.197998046875,70.68049621582031,70.60015869140625,40848000,0.0,0.0
2020-07-01,70.55500030517578,72.1500015258789,70.49099731445312,71.9020004272461,71.82027435302734,35504000,0.0,0.0
2020-07-02,72.34700012207031,74.14749908447266,72.32099914550781,73.23500061035156,73.1517562866211,37182000,0.0,0.0
2020-07-06,74.00299835205078,75.32949829101562,73.64299774169922,74.78500366210938,74.69999694824219,31280000,0.0,0.0
2020-07-07,74.5,75.83999633789062,74.17749786376953,74.25900268554688,74.17459869384766,29164000,0.0,0.0
2020-07-08,74.71600341796875,75.29399871826172,74.28150177001953,74.80000305175781,74.71498107910156,24994000,0.0,0.0
2020-07-09,75.32250213623047,76.13600158691406,74.40425109863281,75.54949951171875,75.463623046875,28466000,0.0,0.0
2020-07-10,75.30750274658203,77.19149780273438,74.8270034790039,77.08699798583984,76.99937438964844,37126000,0.0,0.0
2020-07-13,77.5,78.85659790039062,75.26215362548828,75.56700134277344,75.48110961914062,36928000,0.0,0.0
2020-07-14,74.5155029296875,76.14749908447266,74.17500305175781,76.02899932861328,75.94258117675781,31700000,0.0,0.0
2020-07-15,76.15650177001953,76.7665023803711,74.9000015258789,75.68199920654297,75.59597778320312,32214000,0.0,0.0
2020-07-16,75.0,75.93450164794922,74.31549835205078,75.9000015258789,75.81372833251953,30386000,0.0,0.0
2020-07-17,76.08100128173828,76.1719970703125,74.9209976196289,75.77749633789062,75.69136047363281,29134000,0.0,0.0
2020-07-20,75.76300048828125,78.5145034790039,75.18000030517578,78.28600311279297,78.197021484375,31146000,0.0,0.0
2020-07-21,79.34950256347656,79.34950256347656,77.71399688720703,77.9209976196289,77.83242797851562,24324000,0.0,0.0
2020-07-22,78.0250015258789,78.5,77.30500030517578,78.42449951171875,78.33535766601562,18640000,0.0,0.0
2020-07-23,78.34850311279297,78.59349822998047,75.36959838867188,75.78399658203125,75.6978530883789,32552000,0.0,0.0
2020-07-24,74.94650268554688,75.88179779052734,74.41999816894531,75.59349822998047,75.50757598876953,30880000,0.0,0.0
2020-07-27,75.77999877929688,77.04850006103516,75.760498046875,76.51000213623047,76.42303466796875,24920000,0.0,0.0
2020-07-28,76.25900268554688,76.3239974975586,74.88300323486328,75.01699829101562,74.93173217773438,34044000,0.0,0.0
2020-07-29,75.31600189208984,76.5625991821289,75.06649780273438,76.10099792480469,76.01449584960938,22130000,0.0,0.0
2020-07-30,74.8499984741211,76.89350128173828,74.61100006103516,76.57250213623047,76.48546600341797,33428000,0.0,0.0
2020-07-31,75.25050354003906,75.44750213623047,72.70149993896484,74.14800262451172,74.063720703125,68798000,0.0,0.0
2020-08-03,74.33200073242188,74.52349853515625,73.28199768066406,73.72250366210938,73.63870239257812,46604000,0.0,0.0
2020-08-04,73.82849884033203,74.27799987792969,72.93250274658203,73.24849700927734,73.16523742675781,38070000,0.0,0.0
2020-08-05,73.46499633789062,74.12049865722656,73.1729965209961,73.68049621582031,73.59674835205078,39590000,0.0,0.0
2020-08-06,73.5875015258789,75.11949920654297,73.30000305175781,75.00499725341797,74.91973876953125,39908000,0.0,0.0
2020-08-07,75.0,75.84224700927734,74.08200073242188,74.72450256347656,74.63956451416016,31556000,0.0,0.0
2020-08-10,74.35900115966797,75.20375061035156,73.65399932861328,74.80500030517578,74.719970703125,25786000,0.0,0.0
2020-08-11,74.62200164794922,75.5,73.9000015258789,74.01599884033203,73.93186950683594,29088000,0.0,0.0
2020-08-12,74.27899932861328,75.61930084228516,74.26249694824219,75.33100128173828,75.24537658691406,28740000,0.0,0.0
2020-08-13,75.51699829101562,76.86250305175781,75.40025329589844,75.92250061035156,75.8362045288086,29104000,0.0,0.0
2020-08-14,75.78299713134766,76.09500122070312,75.14399719238281,75.3864974975586,75.30081176757812,27096000,0.0,0.0
2020-08-17,75.7334976196289,76.28050231933594,75.39849853515625,75.89900207519531,75.81272888183594,27566000,0.0,0.0
2020-08-18,76.30899810791016,78.12349700927734,76.18550109863281,77.93000030517578,77.84142303466797,40542000,0.0,0.0
2020-08-19,77.66549682617188,78.68399810791016,77.19750213623047,77.37650299072266,77.2885513305664,33212000,0.0,0.0
2020-08-20,77.17250061035156,79.29350280761719,76.91000366210938,79.0875015258789,78.99760437011719,34138000,0.0,0.0
2020-08-21,78.85150146484375,79.88600158691406,78.40025329589844,79.02100372314453,78.93118286132812,28930000,0.0,0.0
2020-08-24,79.6989974975586,80.70850372314453,79.02850341796875,79.41000366210938,79.31974029541016,28198000,0.0,0.0
2020-08-25,79.10350036621094,80.58100128173828,79.10350036621094,80.41100311279297,80.3196029663086,44942000,0.0,0.0
2020-08-26,80.4000015258789,82.96099853515625,80.18000030517578,82.61900329589844,82.52509307861328,79868000,0.0,0.0
2020-08-27,82.68399810791016,82.75,81.2874984741211,81.71649932861328,81.62361907958984,37232000,0.0,0.0
2020-08-28,81.67449951171875,82.3584976196289,81.5374984741211,82.22049713134766,82.12703704833984,29980000,0.0,0.0
2020-08-31,82.39450073242188,82.39824676513672,81.5155029296875,81.70899963378906,81.61612701416016,36468000,0.0,0.0
2020-09-01,81.83149719238281,83.2864990234375,81.61100006103516,83.0354995727539,82.94111633300781,36506000,0.0,0.0
2020-09-02,83.68875122070312,86.65899658203125,83.31649780273438,86.41400146484375,86.31578063964844,50224000,0.0,0.0
2020-09-03,85.48570251464844,85.48570251464844,80.75299835205078,82.09200286865234,81.99869537353516,62156000,0.0,0.0
2020-09-04,81.21299743652344,82.25550079345703,77.38065338134766,79.552001953125,79.46157836914062,52172000,0.0,0.0
2020-09-08,76.67549896240234,78.19325256347656,76.40049743652344,76.61949920654297,76.53240966796875,52218000,0.0,0.0
2020-09-09,77.87650299072266,78.44999694824219,76.80255126953125,77.8479995727539,77.75951385498047,35494000,0.0,0.0
2020-09-10,78.03199768066406,79.20404815673828,76.29025268554688,76.60099792480469,76.51393127441406,32372000,0.0,0.0
2020-09-11,76.80000305175781,78.76000213623047,74.86799621582031,76.03600311279297,75.94957733154297,31942000,0.0,0.0
2020-09-14,76.95024871826172,78.19999694824219,75.78700256347656,75.96399688720703,75.87765502929688,33932000,0.0,0.0
2020-09-15,76.80000305175781,77.97850036621094,76.59175109863281,77.0719985961914,76.98439025878906,26622000,0.0,0.0
2020-09-16,77.7770004272461,78.0999984741211,75.99099731445312,76.04499816894531,75.95855712890625,26234000,0.0,0.0
2020-09-17,74.80000305175781,75.41490173339844,73.5,74.77649688720703,74.69149780273438,37596000,0.0,0.0
2020-09-18,74.90049743652344,75.150146484375,71.85649871826172,72.99949645996094,72.91651916503906,62078000,0.0,0.0
2020-09-21,72.00299835205078,72.41799926757812,70.32749938964844,71.55799865722656,71.4766616821289,57776000,0.0,0.0
2020-09-22,72.50450134277344,73.47599792480469,71.72650146484375,73.27300262451172,73.18971252441406,31664000,0.0,0.0
2020-09-23,72.93900299072266,73.0479965209961,70.38500213623047,70.760498046875,70.68006896972656,33148000,0.0,0.0
2020-09-24,70.55149841308594,72.1854476928711,70.49250030517578,71.41449737548828,71.33332061767578,29004000,0.0,0.0
2020-09-25,71.63150024414062,72.5,70.66699981689453,72.24800109863281,72.16587829589844,26460000,0.0,0.0
2020-09-28,73.71050262451172,73.83999633789062,72.46504974365234,73.22599792480469,73.14276123046875,40158000,0.0,0.0
2020-09-29,73.51950073242188,73.8331527709961,72.94024658203125,73.46649932861328,73.38299560546875,19564000,0.0,0.0
2020-09-30,73.33999633789062,74.48750305175781,72.99400329589844,73.4800033569336,73.39648438,34032000,0.0,0.0
2020-10-01,74.2135009765625,74.9520034790039,73.96050262451172,74.50450134277344,74.41981506347656,35590000,0.0,0.0
2020-10-02,73.10150146484375,74.16000366210938,72.5459976196289,72.9209976196289,72.8381118774414,25682000,0.0,0.0
2020-10-05,73.31050109863281,74.4104995727539,73.2135009765625,74.3010025024414,74.21654510498047,22266000,0.0,0.0
2020-10-06,73.77899932861328,74.33799743652344,72.42949676513672,72.6719970703125,72.58939361572266,24908000,0.0,0.0
2020-10-07,73.2145004272461,73.447998046875,71.80000305175781,73.0145034790039,72.93151092529297,34924000,0.0,0.0
2020-10-08,73.25450134277344,74.5,73.25450134277344,74.29650115966797,74.21205139160156,23756000,0.0,0.0
2020-10-09,74.73500061035156,75.82599639892578,74.47250366210938,75.76100158691406,75.67488861083984,28706000,0.0,0.0
2020-10-12,77.1500015258789,79.69300079345703,76.62850189208984,78.4574966430664,78.36831665039062,49652000,0.0,0.0
2020-10-13,79.1865005493164,79.5,78.16000366210938,78.58399963378906,78.49467468261719,32020000,0.0,0.0
2020-10-14,78.92949676513672,79.38420104980469,77.52649688720703,78.40399932861328,78.31488037109375,38586000,0.0,0.0
2020-10-15,77.35749816894531,78.7552490234375,77.25150299072266,77.95649719238281,77.86788940429688,30800000,0.0,0.0
2020-10-16,78.2925033569336,79.05650329589844,78.1500015258789,78.65049743652344,78.56109619140625,28694000,0.0,0.0
2020-10-19,79.02300262451172,79.40750122070312,76.4000015258789,76.73049926757812,76.64328002929688,32142000,0.0,0.0
2020-10-20,76.35250091552734,78.875,76.28350067138672,77.79650115966797,77.70807647705078,44834000,0.0,0.0
2020-10-21,78.66649627685547,80.9365005493164,78.58149719238281,79.66549682617188,79.57494354248047,51366000,0.0,0.0
2020-10-22,79.65249633789062,81.09950256347656,79.25,80.7665023803711,80.67469787597656,28672000,0.0,0.0
2020-10-23,81.30349731445312,82.11799621582031,81.02549743652344,82.05000305175781,81.95674133300781,27516000,0.0,0.0
2020-10-26,81.25050354003906,81.91200256347656,78.82499694824219,79.52249908447266,79.4321060180664,37066000,0.0,0.0
2020-10-27,79.78350067138672,80.34224700927734,79.13899993896484,80.21299743652344,80.121826171875,24580000,0.0,0.0
2020-10-28,77.98699951171875,78.06749725341797,75.73100280761719,75.83100128173828,75.74480438232422,36680000,0.0,0.0
2020-10-29,76.11799621582031,79.68550109863281,76.11199951171875,78.36199951171875,78.2729263305664,40062000,0.0,0.0
2020-10-30,83.60549926757812,84.3499984741211,80.2229995727539,81.05049896240234,80.9583740234375,86582000,0.0,0.0
2020-11-02,81.40799713134766,83.03849792480469,80.80149841308594,81.30149841308594,81.2090835571289,50708000,0.0,0.0
2020-11-03,81.58899688720703,83.08499908447266,80.83100128173828,82.510498046875,82.41670989990234,33234000,0.0,0.0
2020-11-04,85.51399993896484,88.56825256347656,85.30149841308594,87.45649719238281,87.35708618164062,71418000,0.0,0.0
2020-11-05,89.05000305175781,89.68199920654297,87.52549743652344,88.16850280761719,88.06828308105469,41316000,0.0,0.0
2020-11-06,87.69750213623047,88.62149810791016,87.01750183105469,88.0875015258789,87.98737335205078,33218000,0.0,0.0
2020-11-09,89.54499816894531,90.90299987792967,88.0009994506836,88.1500015258789,88.04980469,45366000,0.0,0.0
2020-11-10,86.55449676513672,88.1500015258789,85.86499786376953,87.01950073242188,86.92058563232422,52722000,0.0,0.0
2020-11-11,87.5,88.21099853515625,87.36824798583984,87.635498046875,87.535888671875,25280000,0.0,0.0
2020-11-12,87.38150024414062,88.41349792480469,87.27999877929688,87.49199676513672,87.39254760742188,24950000,0.0,0.0
2020-11-13,87.88150024414062,89.052001953125,87.22750091552734,88.85099792480469,88.75000762939453,29998000,0.0,0.0
2020-11-16,88.58499908447266,89.95349884033203,88.3844985961914,89.06900024414062,88.96775817871094,24936000,0.0,0.0
2020-11-17,88.84700012207031,89.25,88.3499984741211,88.50749969482422,88.40689849853516,22942000,0.0,0.0
2020-11-18,88.2614974975586,88.67350006103516,87.30699920654297,87.33899688720703,87.2397232055664,23470000,0.0,0.0
2020-11-19,86.91899871826172,88.47949981689453,86.85025024414062,88.19599914550781,88.09574890136719,24998000,0.0,0.0
2020-11-20,88.260498046875,88.69999694824219,87.09300231933594,87.1094970703125,87.01048278808594,46270000,0.0,0.0
2020-11-23,87.4800033569336,87.69499969482422,85.88600158691406,86.74299621582031,86.64440155029297,43232000,0.0,0.0
2020-11-24,86.5250015258789,88.58000183105469,86.3844985961914,88.44400024414062,88.34346771240234,31560000,0.0,0.0
2020-11-25,88.64450073242188,88.927001953125,87.8270034790039,88.57150268554688,88.4708251953125,20916000,0.0,0.0
2020-11-27,88.65450286865234,90.1999969482422,88.62200164794922,89.65950012207031,89.55758666992188,17698000,0.0,0.0
2020-11-30,89.05919647216797,89.40325164794922,87.75,88.03700256347656,87.93693542480469,36476000,0.0,0.0
2020-12-01,88.71849822998047,91.2415008544922,88.46849822998047,89.90499877929688,89.80281066894531,34738000,0.0,0.0
2020-12-02,89.90499877929688,91.78250122070312,89.47364807128906,91.39749908447266,91.29360961914062,24440000,0.0,0.0
2020-12-03,91.20050048828124,92.36000061035156,91.13249969482422,91.3385009765625,91.23468017578124,24546000,0.0,0.0
2020-12-04,91.22599792480467,91.65799713134766,90.84950256347656,91.39949798583984,91.2956085205078,27564000,0.0,0.0
2020-12-07,90.9499969482422,91.61849975585938,90.28900146484376,90.9739990234375,90.87059020996094,26418000,0.0,0.0
2020-12-08,90.50499725341795,91.09500122070312,89.81024932861328,90.92749786376952,90.82414245605467,21926000,0.0,0.0
2020-12-09,90.60050201416016,91.7135009765625,88.3905029296875,89.20649719238281,89.1051025390625,30152000,0.0,0.0
2020-12-10,88.48999786376953,89.06549835205078,87.01599884033203,88.7665023803711,88.66560363769531,27256000,0.0,0.0
2020-12-11,88.15299987792969,89.22250366210938,88.0,89.0885009765625,88.98723602294922,24414000,0.0,0.0
2020-12-14,88.75,89.86949920654297,87.86074829101562,88.00299835205078,87.90296936035156,32004000,0.0,0.0
2020-12-15,88.22100067138672,88.57099914550781,87.49749755859375,88.38849639892578,88.28802490234375,29646000,0.0,0.0
2020-12-16,88.64399719238281,88.6500015258789,87.80400085449219,88.1500015258789,88.04980469,30270000,0.0,0.0
2020-12-17,88.42549896240234,88.58920288085938,86.93299865722656,87.3949966430664,87.29566192626953,32494000,0.0,0.0
2020-12-18,87.70899963378906,87.75550079345703,86.01100158691406,86.55049896240234,86.45211791992188,80328000,0.0,0.0
2020-12-21,85.67549896240234,87.0425033569336,84.94999694824219,86.96849822998047,86.86964416503906,36568000,0.0,0.0
2020-12-22,86.72149658203125,86.87024688720703,85.62875366210938,86.17500305175781,86.0770492553711,18734000,0.0,0.0
2020-12-23,86.40550231933594,87.39949798583984,86.25199890136719,86.61900329589844,86.52054595947266,20676000,0.0,0.0
2020-12-24,86.75,87.30000305175781,86.45549774169922,86.94249725341797,86.84367370605469,6936000,0.0,0.0
2020-12-28,87.58174896240234,89.5363998413086,87.3167495727539,88.80449676513672,88.70355987548828,27860000,0.0,0.0
2020-12-29,89.3895034790039,89.62200164794922,87.80449676513672,87.93599700927734,87.83604431152344,25988000,0.0,0.0
2020-12-30,88.10050201416016,88.25475311279297,86.27999877929688,86.97599792480469,86.87713623046875,26122000,0.0,0.0
2020-12-31,86.77100372314453,87.94650268554688,86.77100372314453,87.59400177001953,87.49443817138672,20238000,0.0,0.0
2021-01-04,87.87699890136719,88.03250122070312,85.39250183105469,86.41200256347656,86.31378173828125,38038000,0.0,0.0
2021-01-05,86.25,87.38349914550781,85.90074920654297,87.0459976196289,86.94705963134766,22906000,0.0,0.0
2021-01-06,85.13150024414062,87.4000015258789,84.94999694824219,86.7645034790039,86.66587829589844,52042000,0.0,0.0
2021-01-07,87.00299835205078,89.41999816894531,86.85250091552734,89.36250305175781,89.26092529296875,45300000,0.0,0.0
2021-01-08,89.39900207519531,90.49199676513672,88.67675018310547,90.3604965209961,90.2577896118164,41012000,0.0,0.0
2021-01-11,89.30349731445312,89.71575164794922,88.0260009765625,88.33599853515625,88.23558807373047,24194000,0.0,0.0
2021-01-12,87.69599914550781,88.9020004272461,86.2655029296875,87.32749938964844,87.22824096679688,27140000,0.0,0.0
2021-01-13,86.92900085449219,88.25174713134766,86.90049743652344,87.72000122070312,87.62029266357422,21882000,0.0,0.0
2021-01-14,87.68099975585938,88.75050354003906,86.66999816894531,87.00900268554688,86.91010284423828,23590000,0.0,0.0
2021-01-15,86.90950012207031,87.80000305175781,86.07749938964844,86.80950164794922,86.71083068847656,26844000,0.0,0.0
2021-01-19,87.61250305175781,90.46375274658205,87.072998046875,89.54299926757812,89.44121551513672,34692000,0.0,0.0
2021-01-20,91.572998046875,95.1855010986328,91.27649688720705,94.34500122070312,94.23776245117188,49806000,0.0,0.0
2021-01-21,94.9000015258789,96.74299621582033,94.35549926757812,94.5625,94.45501708984376,41278000,0.0,0.0
2021-01-22,94.78399658203124,95.54750061035156,94.08799743652344,95.05249786376952,94.9444580078125,25442000,0.0,0.0
2021-01-25,96.03350067138672,96.47899627685548,93.37650299072266,94.97000122070312,94.86205291748048,38546000,0.0,0.0
2021-01-26,94.44200134277344,96.25,94.21224975585938,95.86199951171876,95.75303649902344,26262000,0.0,0.0
2021-01-27,94.12650299072266,94.5,90.4499969482422,91.53949737548828,91.4354476928711,54966000,0.0,0.0
2021-01-28,92.1969985961914,94.94149780273438,92.13200378417967,93.15550231933594,93.04961395263672,35462000,0.0,0.0
2021-01-29,92.30850219726562,92.86399841308594,90.51000213623048,91.78700256347656,91.68267059326172,32252000,0.0,0.0
2021-02-01,92.67849731445312,96.11959838867188,92.54650115966795,95.06749725341795,94.95943450927734,32044000,0.0,0.0
2021-02-02,96.12799835205078,97.78800201416016,95.72450256347656,96.37550354003906,96.26596069335938,45474000,0.0,0.0
2021-02-03,103.6500015258789,105.8249969482422,100.91899871826172,103.50350189208984,103.38585662841795,82364000,0.0,0.0
2021-02-04,103.44450378417967,103.92749786376952,102.12950134277344,103.11849975585938,103.00128936767578,37046000,0.0,0.0
2021-02-05,103.5,105.12550354003906,102.96649932861328,104.9000015258789,104.78076934814452,30702000,0.0,0.0
2021-02-08,105.29550170898438,106.17735290527344,103.5999984741211,104.64550018310548,104.52655029296876,24838000,0.0,0.0
2021-02-09,103.927001953125,105.25650024414062,103.927001953125,104.17549896240234,104.0570831298828,17798000,0.0,0.0
2021-02-10,104.71050262451172,105.4185028076172,103.15450286865234,104.7689971923828,104.64990997314452,22710000,0.0,0.0
2021-02-11,104.97550201416016,105.10150146484376,103.86599731445312,104.79450225830078,104.67538452148438,18914000,0.0,0.0
2021-02-12,104.5124969482422,105.44100189208984,104.15650177001952,105.20549774169922,105.0859146118164,17114000,0.0,0.0
2021-02-16,105.21800231933594,107.63400268554688,105.21800231933594,106.09500122070312,105.9744110107422,22676000,0.0,0.0
2021-02-17,105.0,106.68299865722656,104.9459991455078,106.41549682617188,106.29454040527344,21418000,0.0,0.0
2021-02-18,105.51950073242188,106.63674926757812,105.1855010986328,105.86000061035156,105.73967742919922,22432000,0.0,0.0
2021-02-19,105.9635009765625,106.52649688720705,104.87049865722656,105.05699920654295,104.93758392333984,29148000,0.0,0.0
2021-02-22,103.3499984741211,104.5709991455078,103.10700225830078,103.24400329589844,103.12664794921876,27350000,0.0,0.0
2021-02-23,101.25050354003906,104.10050201416016,100.10099792480467,103.54299926757812,103.42530822753906,33348000,0.0,0.0
2021-02-24,102.09149932861328,105.03900146484376,101.90650177001952,104.7584991455078,104.6394271850586,24966000,0.0,0.0
2021-02-25,103.37249755859376,104.74400329589844,101.0644989013672,101.56800079345705,101.45255279541016,36568000,0.0,0.0
2021-02-26,102.5260009765625,103.55049896240234,100.8030014038086,101.84300231933594,101.72724151611328,41670000,0.0,0.0
2021-03-01,102.82599639892578,104.32599639892578,102.30500030517578,104.07550048828124,103.95719909667967,28090000,0.0,0.0
2021-03-02,103.80950164794922,105.21849822998048,103.56300354003906,103.79199981689452,103.6740264892578,22692000,0.0,0.0
2021-03-03,103.3604965209961,104.4259033203125,100.5,101.33550262451172,101.22032165527344,29684000,0.0,0.0
2021-03-04,101.1685028076172,104.46199798583984,101.01349639892578,102.45449829101562,102.33804321289062,42360000,0.0,0.0
2021-03-05,103.65599822998048,105.90550231933594,102.32074737548828,105.427001953125,105.30716705322266,43904000,0.0,0.0
2021-03-08,105.05650329589844,106.44049835205078,101.08049774169922,101.20850372314452,101.09346771240234,32948000,0.0,0.0
2021-03-09,103.5,103.9020004272461,102.3915023803711,102.63500213623048,102.51834106445312,33946000,0.0,0.0
2021-03-10,103.58799743652344,103.75,101.6685028076172,102.75150299072266,102.63471221923828,25372000,0.0,0.0
2021-03-11,103.7030029296875,106.28500366210938,103.61900329589844,105.7385025024414,105.61831665039062,24782000,0.0,0.0
2021-03-12,104.25,104.51300048828124,102.37750244140624,103.09600067138672,102.97881317138672,34516000,0.0,0.0
2021-03-15,103.11499786376952,103.35299682617188,102.17549896240234,103.32450103759766,103.2070541381836,25962000,0.0,0.0
2021-03-16,103.94950103759766,106.1780014038086,103.5,104.6259994506836,104.50707244873048,29832000,0.0,0.0
2021-03-17,103.80149841308594,105.48899841308594,102.6999969482422,104.5540008544922,104.4351577758789,25980000,0.0,0.0
2021-03-18,103.0500030517578,103.7750015258789,101.67749786376952,101.81099700927734,101.69527435302734,27228000,0.0,0.0
2021-03-19,102.10250091552734,102.65499877929688,100.88400268554688,102.16000366210938,102.04388427734376,46298000,0.0,0.0
2021-03-22,102.09200286865234,102.89949798583984,101.30349731445312,101.92949676513672,101.81363677978516,39096000,0.0,0.0
2021-03-23,102.58499908447266,103.61509704589844,101.96099853515624,102.64800262451172,102.53132629394533,27340000,0.0,0.0
2021-03-24,103.26850128173828,103.9104995727539,102.07775115966795,102.25299835205078,102.13677215576172,23080000,0.0,0.0
2021-03-25,102.2405014038086,102.94349670410156,100.5364990234375,102.21800231933594,102.10181427001952,28378000,0.0,0.0
2021-03-26,101.94300079345705,102.54949951171876,100.70099639892578,101.77749633789062,101.66181182861328,29870000,0.0,0.0
2021-03-29,101.3939971923828,102.92150115966795,100.78099822998048,102.79750061035156,102.68065643310548,24596000,0.0,0.0
2021-03-30,102.88150024414062,103.53900146484376,102.20149993896484,102.7770004272461,102.6601791381836,20732000,0.0,0.0
2021-03-31,102.95600128173828,104.66635131835938,102.83724975585938,103.43150329589844,103.31393432617188,29198000,0.0,0.0
2021-04-01,104.89749908447266,107.14700317382812,104.84449768066406,106.8874969482422,106.76599884033205,33980000,0.0,0.0
2021-04-05,107.64700317382812,111.8655014038086,107.58100128173828,111.27749633789062,111.15100860595705,43298000,0.0,0.0
2021-04-06,111.125,111.88300323486328,110.73999786376952,111.2375030517578,111.1110610961914,27060000,0.0,0.0
2021-04-07,111.30650329589844,112.75,111.2665023803711,112.48400115966795,112.35614776611328,25798000,0.0,0.0
2021-04-08,113.89800262451172,114.20024871826172,112.88400268554688,113.27200317382812,113.14324951171876,27166000,0.0,0.0
2021-04-09,112.83499908447266,114.4520034790039,112.68569946289062,114.29399871826172,114.1640853881836,20888000,0.0,0.0
2021-04-12,113.3125,113.76599884033205,111.92324829101562,112.739501953125,112.61135864257812,31318000,0.0,0.0
2021-04-13,113.07350158691406,113.8604965209961,112.80449676513672,113.3635025024414,113.23464965820312,23310000,0.0,0.0
2021-04-14,113.75800323486328,113.89949798583984,112.45950317382812,112.74199676513672,112.61384582519533,20220000,0.0,0.0
2021-04-15,113.8489990234375,115.32984924316406,113.3000030517578,114.83300018310548,114.70247650146484,27472000,0.0,0.0
2021-04-16,115.1500015258789,115.3219985961914,114.22250366210938,114.88800048828124,114.75740814208984,22596000,0.0,0.0
2021-04-19,114.5989990234375,115.92250061035156,114.39225006103516,115.12000274658205,114.98915100097656,24688000,0.0,0.0
2021-04-20,115.39450073242188,115.4800033569336,113.58550262451172,114.68150329589844,114.5511474609375,21774000,0.0,0.0
2021-04-21,114.2624969482422,114.76599884033205,112.92849731445312,114.66449737548828,114.53416442871094,23930000,0.0,0.0
2021-04-22,114.6614990234375,115.18810272216795,112.82250213623048,113.39600372314452,113.2671127319336,21096000,0.0,0.0
2021-04-23,114.17350006103516,116.29100036621094,113.9104995727539,115.76499938964844,115.63341522216795,28670000,0.0,0.0
2021-04-26,115.99649810791016,117.06300354003906,115.69200134277344,116.33699798583984,116.20476531982422,20834000,0.0,0.0
2021-04-27,116.8000030517578,116.87249755859376,115.2135009765625,115.3560028076172,115.22488403320312,31972000,0.0,0.0
2021-04-28,120.35724639892578,122.618896484375,118.74250030517578,118.99549865722656,118.86024475097656,59728000,0.0,0.0
2021-04-29,120.5165023803711,121.82599639892578,120.11399841308594,121.49449920654295,121.3563995361328,39554000,0.0,0.0
2021-04-30,120.22450256347656,121.35700225830078,120.10800170898438,120.50599670410156,120.3690185546875,39142000,0.0,0.0
2021-05-03,120.13600158691406,120.98500061035156,119.2249984741211,119.7584991455078,119.62237548828124,33788000,0.0,0.0
2021-05-04,118.48699951171876,118.96299743652344,115.58499908447266,117.7125015258789,117.57870483398438,35120000,0.0,0.0
2021-05-05,118.4209976196289,119.11000061035156,117.57050323486328,117.83699798583984,117.70305633544922,21806000,0.0,0.0
2021-05-06,117.53199768066406,119.135498046875,117.1168975830078,119.06749725341795,118.93215942382812,20618000,0.0,0.0
2021-05-07,120.0,120.82050323486328,119.5,119.93450164794922,119.79817962646484,23272000,0.0,0.0
2021-05-10,118.74449920654295,118.9000015258789,116.73650360107422,117.08300018310548,116.94991302490234,26006000,0.0,0.0
2021-05-11,114.59300231933594,116.0999984741211,114.1500015258789,115.43800354003906,115.30679321289062,32110000,0.0,0.0
2021-05-12,113.08550262451172,114.26850128173828,111.50250244140624,111.9540023803711,111.82675170898438,34934000,0.0,0.0
2021-05-13,113.05449676513672,113.83004760742188,112.13600158691406,113.09850311279295,112.9699478149414,26670000,0.0,0.0
2021-05-14,114.59149932861328,116.05699920654295,114.16600036621094,115.80799865722656,115.67636108398438,26624000,0.0,0.0
2021-05-17,115.46600341796876,116.16699981689452,114.75,116.07050323486328,115.93856811523438,19842000,0.0,0.0
2021-05-18,116.84529876708984,117.15750122070312,115.15799713134766,115.17150115966795,115.04058837890624,17302000,0.0,0.0
2021-05-19,113.22000122070312,115.83799743652344,113.1760025024414,115.4355010986328,115.30429077148438,19350000,0.0,0.0
2021-05-20,116.4020004272461,118.01699829101562,116.05449676513672,117.80449676513672,117.67059326171876,23832000,0.0,0.0
2021-05-21,118.29949951171876,118.4499969482422,117.11849975585938,117.25499725341795,117.12171936035156,22832000,0.0,0.0
2021-05-24,118.3499984741211,120.92400360107422,118.00550079345705,120.33350372314452,120.19672393798828,21244000,0.0,0.0
2021-05-25,121.0,121.64450073242188,120.14949798583984,120.45349884033205,120.31658172607422,18838000,0.0,0.0
2021-05-26,120.6417465209961,122.14720153808594,120.62574768066406,121.67649841308594,121.53819274902344,21856000,0.0,0.0
2021-05-27,121.84700012207033,122.0,120.0999984741211,120.12550354003906,119.98896026611328,38962000,0.0,0.0
2021-05-28,121.0979995727539,121.40699768066406,120.3844985961914,120.5780029296875,120.44094848632812,24108000,0.0,0.0
2021-06-01,121.0999984741211,121.89855194091795,120.24400329589844,121.4905014038086,121.35240936279295,19166000,0.0,0.0
2021-06-02,121.7655029296875,122.0999984741211,120.20999908447266,121.06400299072266,120.9263916015625,17158000,0.0,0.0
2021-06-03,119.7509994506836,120.48725128173828,119.1415023803711,120.23049926757812,120.09384155273438,18346000,0.0,0.0
2021-06-04,121.1259994506836,122.69294738769533,120.88849639892578,122.58799743652344,122.44865417480467,25948000,0.0,0.0
2021-06-07,122.56600189208984,123.4000015258789,122.05364990234376,123.30449676513672,123.16434478759766,23850000,0.0,0.0
2021-06-08,123.99500274658205,124.72474670410156,123.41200256347656,124.14250183105467,124.00139617919922,25060000,0.0,0.0
2021-06-09,124.9749984741211,125.25,124.3665008544922,124.56999969482422,124.42840576171876,20126000,0.0,0.0
2021-06-10,124.70050048828124,126.16300201416016,124.6999969482422,126.08000183105467,125.93669128417967,31234000,0.0,0.0
2021-06-11,126.24600219726562,126.34950256347656,124.91449737548828,125.69650268554688,125.55362701416016,25240000,0.0,0.0
2021-06-14,125.66950225830078,126.4114990234375,125.0469970703125,126.35199737548828,126.20838165283205,22550000,0.0,0.0
2021-06-15,126.52200317382812,126.86199951171876,125.64849853515624,126.03299713134766,125.88973999023438,22182000,0.0,0.0
2021-06-16,126.24749755859376,126.52349853515624,124.1499481201172,125.69650268554688,125.55362701416016,26316000,0.0,0.0
2021-06-17,125.52300262451172,127.19650268554688,125.51499938964844,126.37100219726562,126.22736358642578,25756000,0.0,0.0
2021-06-18,125.70549774169922,126.38899993896484,124.60299682617188,125.56749725341795,125.42476654052734,53306000,0.0,0.0
2021-06-21,125.73999786376952,127.03675079345705,125.13424682617188,126.45500183105467,126.31126403808594,26256000,0.0,0.0
2021-06-22,126.4499969482422,127.2699966430664,126.02649688720705,126.99949645996094,126.85514068603516,20984000,0.0,0.0
2021-06-23,126.5500030517578,127.7959976196289,126.2519989013672,126.46150207519533,126.31775665283205,19694000,0.0,0.0
2021-06-24,127.05349731445312,127.5354995727539,126.95999908447266,127.28199768066406,127.13732147216795,18934000,0.0,0.0
2021-06-25,126.95700073242188,127.50499725341795,126.44400024414062,126.99500274658205,126.85065460205078,33484000,0.0,0.0
2021-06-28,127.0,127.33699798583984,125.97380065917967,126.81950378417967,126.67535400390624,28110000,0.0,0.0
2021-06-29,126.77249908447266,127.0,125.43699645996094,126.01850128173828,125.87525939941406,20950000,0.0,0.0
2021-06-30,125.65354919433594,125.8000030517578,124.75749969482422,125.31600189208984,125.1735610961914,24006000,0.0,0.0
2021-07-01,124.84974670410156,126.4625015258789,124.84974670410156,126.36849975585938,126.22486114501952,17120000,0.0,0.0
2021-07-02,126.8395004272461,128.84800720214844,126.7689971923828,128.718994140625,128.5726776123047,21160000,0.0,0.0
2021-07-06,129.44949340820312,129.88450622558594,128.40899658203125,129.77099609375,129.6234893798828,21350000,0.0,0.0
2021-07-07,130.34100341796875,130.639892578125,129.75999450683594,130.07749938964844,129.9296417236328,16680000,0.0,0.0
2021-07-08,128.25,130.03250122070312,128.0399932861328,129.177001953125,129.03016662597656,19780000,0.0,0.0
2021-07-09,128.9445037841797,129.84950256347656,128.94349670410156,129.57449340820312,129.42721557617188,15106000,0.0,0.0
2021-07-12,129.83349609375,130.77000427246094,129.60000610351562,130.56399536132812,130.41558837890625,16944000,0.0,0.0
2021-07-13,130.88150024414062,132.04200744628906,130.63699340820312,130.9945068359375,130.84561157226562,16618000,0.0,0.0
2021-07-14,131.90150451660156,132.99600219726562,131.8979949951172,132.08250427246094,131.932373046875,17912000,0.0,0.0
2021-07-15,132.5,132.59500122070312,130.59800720214844,131.26649475097656,131.11729431152344,16586000,0.0,0.0
2021-07-16,131.64100646972656,132.18299865722656,130.82150268554688,131.8455047607422,131.69564819335938,14856000,0.0,0.0
2021-07-19,131.15550231933594,131.2469940185547,128.53700256347656,129.25399780273438,129.10708618164062,25710000,0.0,0.0
2021-07-20,130.00399780273438,132.0013427734375,129.1884002685547,131.10150146484375,130.95248413085938,19084000,0.0,0.0
2021-07-21,130.78700256347656,132.61724853515625,130.60150146484375,132.60049438476562,132.44976806640625,14742000,0.0,0.0
2021-07-22,132.64999389648438,133.50450134277344,132.39999389648438,133.32850646972656,133.1769561767578,13608000,0.0,0.0
2021-07-23,135.25999450683594,138.80850219726562,134.70050048828125,137.8159942626953,137.6593475341797,26378000,0.0,0.0
2021-07-26,138.25,139.71299743652344,137.6510009765625,139.64450073242188,139.48577880859375,23052000,0.0,0.0
2021-07-27,140.01100158691406,140.01100158691406,135.10000610351562,136.79649353027344,136.64100646972656,42164000,0.0,0.0
2021-07-28,138.56199645996094,139.67599487304688,136.35000610351562,136.38150024414062,136.2264862060547,54688000,0.0,0.0
2021-07-29,136.38059997558594,137.15150451660156,136.13800048828125,136.54049682617188,136.3852996826172,19284000,0.0,0.0
2021-07-30,135.51100158691406,135.77134704589844,134.81419372558594,135.2209930419922,135.06729125976562,23954000,0.0,0.0
2021-08-02,135.4844970703125,136.02049255371094,134.66949462890625,135.989501953125,135.83493041992188,20140000,0.0,0.0
2021-08-03,136.0,136.3354949951172,134.18350219726562,136.27999877929688,136.12509155273438,19064000,0.0,0.0
2021-08-04,136.24949645996094,136.53799438476562,135.4149932861328,136.02850341796875,135.87388610839844,16528000,0.0,0.0
2021-08-05,136.02850341796875,136.9499969482422,135.60000610351562,136.94000244140625,136.7843475341797,11866000,0.0,0.0
2021-08-06,136.2949981689453,137.08004760742188,136.04649353027344,137.03599548339844,136.88023376464844,13560000,0.0,0.0
2021-08-09,136.94900512695312,138.32150268554688,136.4287567138672,138.0019989013672,137.8451385498047,12374000,0.0,0.0
2021-08-10,138.07949829101562,138.55149841308594,137.22650146484375,138.09649658203125,137.9395294189453,16034000,0.0,0.0
2021-08-11,138.2830047607422,138.84774780273438,137.35000610351562,137.6894989013672,137.53298950195312,15204000,0.0,0.0
2021-08-12,137.71299743652344,138.41799926757812,136.7790069580078,138.38949584960938,138.23219299316406,14646000,0.0,0.0
2021-08-13,138.3574981689453,138.6739959716797,138.0050048828125,138.406005859375,138.24868774414062,12580000,0.0,0.0
2021-08-16,138.0,138.99049377441406,136.16575622558594,138.91600036621094,138.7581024169922,18040000,0.0,0.0
2021-08-17,138.1909942626953,138.718505859375,136.78750610351562,137.30050659179688,137.14443969726562,21272000,0.0,0.0
2021-08-18,137.11549377441406,138.29400634765625,136.42100524902344,136.57000732421875,136.41477966308594,14934000,0.0,0.0
2021-08-19,135.46749877929688,137.45199584960938,135.3560028076172,136.9134979248047,136.75787353515625,18296000,0.0,0.0
2021-08-20,137.08299255371094,138.614501953125,136.4669952392578,138.43699645996094,138.27964782714844,15564000,0.0,0.0
2021-08-23,138.99850463867188,142.177001953125,138.74795532226562,141.09950256347656,140.93911743164062,21090000,0.0,0.0
2021-08-24,141.5435028076172,143.00750732421875,141.35350036621094,142.39849853515625,142.23663330078125,15126000,0.0,0.0
2021-08-25,142.88299560546875,143.31300354003906,142.4394989013672,142.9499969482422,142.78750610351562,12838000,0.0,0.0
2021-08-26,142.61849975585938,143.13479614257812,142.0915069580078,142.1230010986328,141.96145629882812,14922000,0.0,0.0
2021-08-27,142.1125030517578,145.01100158691406,142.02000427246094,144.55050659179688,144.38619995117188,24562000,0.0,0.0
2021-08-30,144.70449829101562,146.489501953125,144.60000610351562,145.46949768066406,145.3041534423828,16916000,0.0,0.0
2021-08-31,145.88450622558594,146.11199951171875,145.0,145.46200561523438,145.29666137695312,26756000,0.0,0.0
2021-09-01,145.64999389648438,146.82049560546875,145.614501953125,145.8419952392578,145.6762237548828,15824000,0.0,0.0
2021-09-02,145.94949340820312,146.3249969482422,144.10650634765625,144.218994140625,144.05506896972656,21844000,0.0,0.0
2021-09-03,144.14599609375,145.3769989013672,143.5050048828125,144.77499389648438,144.6104278564453,19104000,0.0,0.0
2021-09-07,144.74949645996094,145.82400512695312,144.54100036621094,145.5189971923828,145.3535919189453,15170000,0.0,0.0
2021-09-08,145.39349365234375,145.55099487304688,144.1999969482422,144.8834991455078,144.71881103515625,15486000,0.0,0.0
2021-09-09,144.8834991455078,145.66949462890625,144.4340057373047,144.9134979248047,144.748779296875,14798000,0.0,0.0
2021-09-10,145.44349670410156,146.0189971923828,141.7415008544922,141.92100524902344,141.7596893310547,32896000,0.0,0.0
2021-09-13,143.2010040283203,144.1909942626953,142.28250122070312,143.46499633789062,143.3019256591797,20176000,0.0,0.0
2021-09-14,144.16099548339844,144.7274932861328,142.90550231933594,143.406005859375,143.2429962158203,18916000,0.0,0.0
2021-09-15,143.75900268554688,145.5814971923828,142.25599670410156,145.20599365234375,145.0409393310547,20648000,0.0,0.0
2021-09-16,145.12100219726562,145.1999969482422,143.41635131835938,144.37350463867188,144.2093963623047,20292000,0.0,0.0
2021-09-17,143.79849243164062,144.24949645996094,141.06149291992188,141.4635009765625,141.30270385742188,60040000,0.0,0.0
2021-09-20,139.0001983642578,139.3625030517578,137.05299377441406,139.01699829101562,138.85897827148438,34918000,0.0,0.0
2021-09-21,140.11700439453125,140.8115997314453,138.90550231933594,139.64649963378906,139.48776245117188,18130000,0.0,0.0
2021-09-22,140.05050659179688,141.58349609375,139.4717559814453,140.93850708007812,140.77830505371094,22068000,0.0,0.0
2021-09-23,141.6094970703125,142.25245666503906,141.09649658203125,141.82650756835938,141.66529846191406,17272000,0.0,0.0
2021-09-24,140.9459991455078,142.90350341796875,140.85049438476562,142.63299560546875,142.4708709716797,14950000,0.0,0.0
2021-09-27,141.5854949951172,142.5,140.5,141.50100708007812,141.3401641845703,18844000,0.0,0.0
2021-09-28,139.0885009765625,139.60650634765625,135.6999969482422,136.1840057373047,136.02920532226562,42190000,0.0,0.0
2021-09-29,137.1096954345703,137.39849853515625,134.25,134.52099609375,134.3680877685547,26338000,0.0,0.0
2021-09-30,134.3249969482422,135.58999633789062,133.0,133.2655029296875,133.11402893066406,35294000,0.0,0.0
2021-10-01,133.55450439453125,137.0709991455078,133.37750244140625,136.46249389648438,136.30738830566406,28388000,0.0,0.0
2021-10-04,135.69949340820312,135.6999969482422,131.16650390625,133.76499938964844,133.6129608154297,31530000,0.0,0.0
2021-10-05,134.0,137.36199951171875,134.0,136.177001953125,136.022216796875,24126000,0.0,0.0
2021-10-06,134.62550354003906,137.8520050048828,134.4864959716797,137.35400390625,137.1978759765625,19764000,0.0,0.0
2021-10-07,138.86300659179688,140.15444946289062,138.56300354003906,139.1855010986328,139.0272979736328,18250000,0.0,0.0
2021-10-08,139.906005859375,140.31700134277344,139.42935180664062,140.05599975585938,139.8968048095703,18924000,0.0,0.0
2021-10-11,139.8000030517578,140.76365661621094,138.80650329589844,138.84750366210938,138.68968200683594,16584000,0.0,0.0
2021-10-12,139.6374969482422,139.69500732421875,136.25,136.71299743652344,136.55760192871094,22536000,0.0,0.0
2021-10-13,137.75,138.5500030517578,136.97650146484375,137.89999389648438,137.74325561523438,16380000,0.0,0.0
2021-10-14,139.95199584960938,141.65150451660156,139.33900451660156,141.41200256347656,141.2512664794922,21426000,0.0,0.0
2021-10-15,142.1999969482422,142.1999969482422,141.0644989013672,141.6750030517578,141.5139617919922,21250000,0.0,0.0
2021-10-18,141.2135009765625,142.99874877929688,141.2135009765625,142.9604949951172,142.79800415039062,16564000,0.0,0.0
2021-10-19,143.29150390625,144.10699462890625,143.0959930419922,143.82200622558594,143.6585235595703,15316000,0.0,0.0
2021-10-20,144.22250366210938,144.2477569580078,141.91200256347656,142.4149932861328,142.25311279296875,17940000,0.0,0.0
2021-10-21,142.19200134277344,142.84950256347656,141.63699340820312,142.78050231933594,142.6182098388672,14850000,0.0,0.0
2021-10-22,140.3509979248047,141.55850219726562,137.17050170898438,138.625,138.46743774414062,30182000,0.0,0.0
2021-10-25,138.8105010986328,139.20579528808594,136.74850463867188,138.7729949951172,138.61524963378906,21082000,0.0,0.0
2021-10-26,140.6060028076172,140.83949279785156,139.0054931640625,139.6719970703125,139.51324462890625,28258000,0.0,0.0
2021-10-27,139.90249633789062,149.1179962158203,139.90249633789062,146.42750549316406,146.2610626220703,51850000,0.0,0.0
2021-10-28,147.2989959716797,147.42449951171875,144.7635040283203,146.12899780273438,145.96290588378906,32418000,0.0,0.0
2021-10-29,145.52000427246094,148.61300659179688,145.16650390625,148.27049255371094,148.10195922851562,28954000,0.0,0.0
2021-11-01,148.1649932861328,148.39950561523438,143.57949829101562,143.7740020751953,143.61058044433594,32272000,0.0,0.0
2021-11-02,144.8094024658203,146.92050170898438,144.64100646972656,145.86300659179688,145.69720458984375,21150000,0.0,0.0
2021-11-03,146.27499389648438,146.91050720214844,145.05349731445312,146.7899932861328,146.62313842773438,17886000,0.0,0.0
2021-11-04,147.1999969482422,149.9499969482422,146.63499450683594,148.68299865722656,148.5139923095703,24700000,0.0,0.0
2021-11-05,149.35350036621094,150.5707550048828,148.65199279785156,149.24099731445312,149.0713653564453,20408000,0.0,0.0
2021-11-08,150.0,151.0345001220703,149.1199951171875,149.35150146484375,149.18173217773438,18388000,0.0,0.0
2021-11-09,149.74600219726562,150.3784942626953,147.5070037841797,149.24850463867188,149.078857421875,16876000,0.0,0.0
2021-11-10,148.00975036621094,148.6999969482422,145.3249969482422,146.62600708007812,146.4593505859375,22708000,0.0,0.0
2021-11-11,147.10699462890625,148.5022430419922,146.6945037841797,146.7480010986328,146.58119201660156,12464000,0.0,0.0
2021-11-12,147.8314971923828,149.8594970703125,146.45399475097656,149.64549255371094,149.47540283203125,17048000,0.0,0.0
2021-11-15,150.0,150.4770050048828,148.65249633789062,149.38800048828125,149.21820068359375,16248000,0.0,0.0
2021-11-16,149.17050170898438,149.83250427246094,148.35000610351562,149.0760040283203,148.90655517578125,17254000,0.0,0.0
2021-11-17,149.22900390625,149.62600708007812,148.56300354003906,149.06199645996094,148.89256286621094,15290000,0.0,0.0
2021-11-18,149.14599609375,151.61000061035156,148.99850463867188,150.70899963378906,150.53768920898438,26658000,0.0,0.0
2021-11-19,151.0,151.85000610351562,149.8874969482422,149.95249938964844,149.7820587158203,19766000,0.0,0.0
2021-11-22,150.14175415039062,150.7445068359375,147.0054931640625,147.07850646972656,146.9113311767578,24608000,0.0,0.0
2021-11-23,147.11300659179688,147.69400024414062,144.88949584960938,146.7570037841797,146.59019470214844,18126000,0.0,0.0
2021-11-24,146.35000610351562,147.0,145.19900512695312,146.71749877929688,146.5507354736328,16464000,0.0,0.0
2021-11-26,145.0155029296875,145.2969970703125,142.48550415039062,142.80599975585938,142.6436767578125,16992000,0.0,0.0
2021-11-29,144.29849243164062,146.86199951171875,144.29849243164062,146.11399841308594,145.9479217529297,26276000,0.0,0.0
2021-11-30,145.45025634765625,146.6284942626953,142.0659942626953,142.45199584960938,142.29006958007812,41590000,0.0,0.0
2021-12-01,144.21249389648438,146.4991455078125,141.5,141.6179962158203,141.4570313,28476000,0.0,0.0
2021-12-02,141.82400512695312,144.6750030517578,140.98199462890625,143.77650451660156,143.6130828857422,21250000,0.0,0.0
2021-12-03,144.49549865722656,145.21299743652344,141.14999389648438,142.52049255371094,142.35848999023438,26688000,0.0,0.0
2021-12-06,143.57400512695312,144.35150146484375,140.64700317382812,143.79649353027344,143.63304138183594,22198000,0.0,0.0
2021-12-07,145.9499969482422,148.3000030517578,145.70249938964844,148.0364990234375,147.86822509765625,23258000,0.0,0.0
2021-12-08,148.3314971923828,149.156494140625,147.1999969482422,148.7205047607422,148.55145263671875,18964000,0.0,0.0
2021-12-09,148.17599487304688,149.60499572753906,147.5290069580078,148.1060028076172,147.93765258789062,18580000,0.0,0.0
2021-12-10,149.10000610351562,149.39999389648438,147.3574981689453,148.6750030517578,148.50601196289062,21634000,0.0,0.0
2021-12-13,148.44400024414062,148.5625,146.36000061035156,146.70449829101562,146.53775024414062,24104000,0.0,0.0
2021-12-14,144.77000427246094,145.44200134277344,142.24249267578125,144.9705047607422,144.80572509765625,24778000,0.0,0.0
2021-12-15,144.36599731445312,147.51724243164062,142.70550537109375,147.36849975585938,147.20098876953125,27280000,0.0,0.0
2021-12-16,148.07699584960938,148.55149841308594,144.09249877929688,144.8385009765625,144.6738739013672,27400000,0.0,0.0
2021-12-17,142.71449279785156,144.46009826660156,141.78799438476562,142.80299377441406,142.6406707763672,43404000,0.0,0.0
2021-12-20,140.67959594726562,142.61050415039062,140.25,142.40150451660156,142.23963928222656,20264000,0.0,0.0
2021-12-21,143.14999389648438,144.69204711914062,141.73500061035156,144.2205047607422,144.05657958984375,19548000,0.0,0.0
2021-12-22,144.10000610351562,147.30299377441406,143.96299743652344,146.94900512695312,146.78196716308594,18438000,0.0,0.0
2021-12-23,147.08949279785156,148.57260131835938,146.9508514404297,147.1425018310547,146.97525024414062,13818000,0.0,0.0
2021-12-27,147.4635009765625,148.42649841308594,147.25,148.06399536132812,147.89569091796875,13256000,0.0,0.0
2021-12-28,148.37449645996094,148.37449645996094,145.9355010986328,146.447998046875,146.2815399169922,18624000,0.0,0.0
2021-12-29,146.42950439453125,147.18374633789062,145.50450134277344,146.50450134277344,146.33798217773438,17022000,0.0,0.0
2021-12-30,146.4499969482422,147.0625,145.7584991455078,146.00250244140625,145.8365478515625,12978000,0.0,0.0
2021-12-31,145.54400634765625,146.36500549316406,144.67750549316406,144.67950439453125,144.5150604248047,17298000,0.0,0.0
2022-01-03,144.47549438476562,145.5500030517578,143.50250244140625,145.07449340820312,144.9095916748047,25214000,0.0,0.0
2022-01-04,145.55050659179688,146.61000061035156,143.81614685058594,144.41650390625,144.25234985351562,22928000,0.0,0.0
2022-01-05,144.18099975585938,144.29800415039062,137.52349853515625,137.65350341796875,137.49703979492188,49642000,0.0,0.0
2022-01-06,137.49749755859375,139.68600463867188,136.7635040283203,137.55099487304688,137.3946533203125,29050000,0.0,0.0
2022-01-07,137.90499877929688,138.25474548339844,135.78900146484375,137.00450134277344,136.84877014160156,19408000,0.0,0.0
2022-01-10,135.0989990234375,138.63999938964844,133.1405029296875,138.57400512695312,138.41648864746094,34096000,0.0,0.0
2022-01-11,138.1804962158203,140.32949829101562,136.81350708007812,140.0175018310547,139.8583526611328,23502000,0.0,0.0
2022-01-12,141.55450439453125,142.8142547607422,141.11199951171875,141.6479949951172,141.4869842529297,23642000,0.0,0.0
2022-01-13,141.8404998779297,143.1855010986328,138.91400146484375,139.13099670410156,138.9728546142578,26566000,0.0,0.0
2022-01-14,137.5,141.20050048828125,137.5,139.7864990234375,139.6276092529297,23826000,0.0,0.0
2022-01-18,136.60000610351562,137.39149475097656,135.61700439453125,136.29049682617188,136.1355743408203,27382000,0.0,0.0
2022-01-19,136.93850708007812,138.39950561523438,135.5,135.65199279785156,135.497802734375,20796000,0.0,0.0
2022-01-20,136.51400756835938,137.91200256347656,133.14450073242188,133.50650024414062,133.35475158691406,21930000,0.0,0.0
2022-01-21,133.01199340820312,134.760498046875,130.00100708007812,130.0919952392578,129.94412231445312,41920000,0.0,0.0
2022-01-24,126.02749633789062,130.77850341796875,124.64195251464844,130.3719940185547,130.2238006591797,55148000,0.0,0.0
2022-01-25,128.4355010986328,129.3385009765625,126.37799835205078,126.7354965209961,126.59143829345705,36008000,0.0,0.0
2022-01-26,130.59249877929688,132.8074951171875,127.15350341796876,129.24000549316406,129.09310913085938,39630000,0.0,0.0
2022-01-27,131.36099243164062,132.60995483398438,128.94500732421875,129.12100219726562,128.97422790527344,30248000,0.0,0.0
2022-01-28,130.0,133.37049865722656,128.6945037841797,133.2895050048828,133.13800048828125,30518000,0.0,0.0
2022-01-31,134.197998046875,135.843505859375,132.2740020751953,135.69850158691406,135.5442657470703,34056000,0.0,0.0
2022-02-01,137.8350067138672,138.1999969482422,134.56825256347656,137.8784942626953,137.72177124023438,51204000,0.0,0.0
2022-02-02,151.86349487304688,152.10000610351562,145.5574951171875,148.0364990234375,147.86822509765625,89750000,0.0,0.0
2022-02-03,145.2949981689453,149.11770629882812,142.2050018310547,142.65049743652344,142.4883575439453,56930000,0.0,0.0
2022-02-04,143.01699829101562,144.53524780273438,139.8175048828125,143.01600646972656,142.8534393310547,49224000,0.0,0.0
2022-02-07,143.70899963378906,143.84649658203125,138.69900512695312,138.93800354003906,138.7800750732422,44610000,0.0,0.0
2022-02-08,138.9912567138672,139.83709716796875,136.8730010986328,139.21299743652344,139.0547637939453,34256000,0.0,0.0
2022-02-09,140.84974670410156,142.17550659179688,140.3769989013672,141.4530029296875,141.29222106933594,28628000,0.0,0.0
2022-02-10,139.5,141.43099975585938,138.0500030517578,138.6024932861328,138.4449462890625,33018000,0.0,0.0
2022-02-11,138.75,139.2832489013672,133.2884979248047,134.1300048828125,133.9775391,38808000,0.0,0.0
2022-02-14,133.36549377441406,136.16650390625,133.302001953125,135.3000030517578,135.14620971679688,26792000,0.0,0.0
2022-02-15,137.47149658203125,137.89999389648438,135.5395050048828,136.42550659179688,136.2704315185547,26578000,0.0,0.0
2022-02-16,136.4304962158203,137.9459991455078,134.8236541748047,137.4875030517578,137.3312225341797,25610000,0.0,0.0
2022-02-17,136.14999389648438,136.83949279785156,132.20199584960938,132.30850219726562,132.15811157226562,30968000,0.0,0.0
2022-02-18,133.03750610351562,133.82400512695312,130.3070526123047,130.46749877929688,130.31919860839844,31858000,0.0,0.0
2022-02-22,129.98500061035156,131.9007568359375,127.74099731445312,129.40249633789062,129.2554168701172,38906000,0.0,0.0
2022-02-23,131.07850646972656,131.74899291992188,127.50350189208984,127.58499908447266,127.43997955322266,26432000,0.0,0.0
2022-02-24,125.0,133.03700256347656,124.7645034790039,132.67349243164062,132.52268981933594,43166000,0.0,0.0
2022-02-25,133.52549743652344,135.38900756835938,131.76499938964844,134.51950073242188,134.36659240722656,26236000,0.0,0.0
2022-02-28,133.2845001220703,135.6405029296875,132.82525634765625,134.89100646972656,134.73768615722656,29676000,0.0,0.0
2022-03-01,134.47999572753906,136.11099243164062,133.3784942626953,134.16799926757812,134.0155029296875,24640000,0.0,0.0
2022-03-02,134.60824584960938,135.61549377441406,133.4324951171875,134.75149536132812,134.59832763671875,23966000,0.0,0.0
2022-03-03,135.97850036621094,136.71380615234375,133.43099975585938,134.30799865722656,134.15533447265625,19780000,0.0,0.0
2022-03-04,133.38250732421875,134.19900512695312,130.4084930419922,132.1219940185547,131.97181701660156,24446000,0.0,0.0
2022-03-07,131.9040069580078,131.9040069580078,126.41000366210938,126.4645004272461,126.3207550048828,39178000,0.0,0.0
2022-03-08,126.25050354003906,131.2465057373047,125.86074829101562,127.27850341796876,127.13382720947266,35250000,0.0,0.0
2022-03-09,131.39999389648438,134.19850158691406,130.08799743652344,133.86599731445312,133.71383666992188,32258000,0.0,0.0
2022-03-10,131.46249389648438,133.5384979248047,131.4010009765625,132.6820068359375,132.53118896484375,24266000,0.0,0.0
2022-03-11,133.99949645996094,134.1999969482422,130.29649353027344,130.47549438476562,130.3271942138672,26600000,0.0,0.0
2022-03-14,130.572998046875,131.0260009765625,126.41300201416016,126.74099731445312,126.59693908691406,30254000,0.0,0.0
2022-03-15,127.7415008544922,130.51724243164062,126.56800079345705,129.66050720214844,129.51312255859375,30292000,0.0,0.0
2022-03-16,131.0,133.77099609375,129.2010040283203,133.6905059814453,133.53854370117188,32058000,0.0,0.0
2022-03-17,133.3209991455078,134.739501953125,132.718994140625,134.60049438476562,134.44749450683594,23994000,0.0,0.0
2022-03-18,133.88400268554688,136.9134979248047,132.9320068359375,136.80149841308594,136.64599609375,45900000,0.0,0.0
2022-03-21,136.84750366210938,137.58250427246094,134.6114959716797,136.47850036621094,136.3233642578125,26632000,0.0,0.0
2022-03-22,136.5,141.5,136.5,140.27749633789062,140.1180419921875,29776000,0.0,0.0
2022-03-23,139.1385040283203,140.02499389648438,138.16650390625,138.5034942626953,138.3460693359375,25302000,0.0,0.0
2022-03-24,139.2725067138672,141.39649963378906,138.03939819335938,141.31199645996094,141.1513672,20544000,0.0,0.0
2022-03-25,141.75399780273438,141.95950317382812,139.69949340820312,141.52149963378906,141.3606414794922,19270000,0.0,0.0
2022-03-28,140.6844940185547,141.97650146484375,139.82815551757812,141.9499969482422,141.7886505126953,23774000,0.0,0.0
2022-03-29,143.16050720214844,144.16250610351562,142.48399353027344,143.25,143.08717346191406,28678000,0.0,0.0
2022-03-30,142.8699951171875,143.48049926757812,142.16799926757812,142.64450073242188,142.48236083984375,21046000,0.0,0.0
2022-03-31,142.44850158691406,142.64450073242188,139.61900329589844,139.64950561523438,139.4907684326172,29516000,0.0,0.0
2022-04-01,140.00999450683594,140.9499969482422,138.7969970703125,140.6999969482422,140.54006958007812,23480000,0.0,0.0
2022-04-04,140.82449340820312,144.0437469482422,140.82449340820312,143.6425018310547,143.47923278808594,19076000,0.0,0.0
2022-04-05,143.39950561523438,143.58999633789062,140.94349670410156,141.06300354003906,140.9026641845703,19256000,0.0,0.0
2022-04-06,139.1614990234375,139.84849548339844,136.41810607910156,137.17599487304688,137.0200653076172,23574000,0.0,0.0
2022-04-07,136.6179962158203,137.70150756835938,134.8572540283203,136.46499633789062,136.30987548828125,19448000,0.0,0.0
2022-04-08,136.25,136.25,133.75250244140625,134.010498046875,133.85816955566406,16434000,0.0,0.0
2022-04-11,132.89999389648438,132.93919372558594,129.61749267578125,129.79649353027344,129.64895629882812,24188000,0.0,0.0
2022-04-12,132.42349243164062,132.42349243164062,127.57599639892578,128.37449645996094,128.22857666015625,23004000,0.0,0.0
2022-04-13,128.62649536132812,130.65574645996094,128.4385986328125,130.28599548339844,130.13790893554688,19542000,0.0,0.0
2022-04-14,130.64950561523438,130.7102508544922,127.11150360107422,127.25299835205078,127.1083526611328,23484000,0.0,0.0
2022-04-18,127.41000366210938,128.71200561523438,126.57845306396484,127.96099853515624,127.8155517578125,14918000,0.0,0.0
2022-04-19,128.07699584960938,130.90374755859375,127.45149993896484,130.531005859375,130.38262939453125,22720000,0.0,0.0
2022-04-20,131.28399658203125,131.92349243164062,127.89405059814452,128.24549865722656,128.0997314453125,22610000,0.0,0.0
2022-04-21,129.35000610351562,130.3074951171875,124.6500015258789,124.9375,124.79548645019533,30158000,0.0,0.0
2022-04-22,125.0,125.4520034790039,119.1405029296875,119.61399841308594,119.47803497314452,46410000,0.0,0.0
2022-04-25,119.42949676513672,123.27799987792967,118.76924896240234,123.25,123.1099090576172,34522000,0.0,0.0
2022-04-26,122.75,122.75,119.16184997558594,119.50599670410156,119.37015533447266,49394000,0.0,0.0
2022-04-27,114.3730010986328,117.5,113.12425231933594,115.02050018310548,114.88976287841795,62238000,0.0,0.0
2022-04-28,117.11499786376952,120.4384994506836,115.1438980102539,119.4114990234375,119.27577209472656,36790000,0.0,0.0
2022-04-29,117.5780029296875,118.95999908447266,114.69400024414062,114.96649932861328,114.83582305908205,33694000,0.0,0.0
2022-05-02,113.90650177001952,117.3395004272461,113.39949798583984,117.15699768066406,117.0238265991211,30280000,0.0,0.0
2022-05-03,116.76499938964844,119.3000030517578,116.6269989013672,118.12950134277344,117.99523162841795,21216000,0.0,0.0
2022-05-04,118.00350189208984,123.14299774169922,115.7385025024414,122.5749969482422,122.4356689453125,33232000,0.0,0.0
2022-05-05,120.22049713134766,121.2332534790039,115.18250274658205,116.74649810791016,116.61380004882812,43090000,0.0,0.0
2022-05-06,115.5189971923828,117.49849700927734,114.14299774169922,115.66000366210938,115.52853393554688,35310000,0.0,0.0
2022-05-09,113.30349731445312,115.56289672851562,112.55149841308594,113.08399963378906,112.95545959472656,34520000,0.0,0.0
2022-05-10,116.04049682617188,116.69100189208984,113.38330078125,114.58450317382812,114.45426177978516,31158000,0.0,0.0
2022-05-11,113.71050262451172,116.6709976196289,113.6500015258789,113.96099853515624,113.83146667480467,36502000,0.0,0.0
2022-05-12,111.93800354003906,114.85649871826172,110.1135025024414,113.16100311279295,113.03237915039062,41464000,0.0,0.0
2022-05-13,114.84549713134766,118.08499908447266,114.0,116.5155029296875,116.38306427001952,29738000,0.0,0.0
2022-05-16,115.38400268554688,116.60749816894533,114.33499908447266,114.7925033569336,114.66202545166016,23282000,0.0,0.0
2022-05-17,117.22750091552734,117.22750091552734,115.3375015258789,116.70149993896484,116.56884765625,21576000,0.0,0.0
2022-05-18,115.2375030517578,115.69564819335938,112.14199829101562,112.4010009765625,112.2732391357422,27982000,0.0,0.0
2022-05-19,111.84100341796876,113.5875015258789,110.46800231933594,110.74549865722656,110.61962127685548,29192000,0.0,0.0
2022-05-20,112.08550262451172,112.5500030517578,106.3730010986328,109.31300354003906,109.18875122070312,37586000,0.0,0.0
2022-05-23,110.10399627685548,112.00550079345705,109.1542510986328,111.66649627685548,111.53956604003906,31558000,0.0,0.0
2022-05-24,106.37750244140624,106.3949966430664,102.20800018310548,105.9260025024414,105.80560302734376,60386000,0.0,0.0
2022-05-25,105.14199829101562,106.5447006225586,104.21125030517578,105.8395004272461,105.71920013427734,37900000,0.0,0.0
2022-05-26,106.05049896240234,108.95525360107422,105.48799896240234,108.2959976196289,108.17290496826172,30288000,0.0,0.0
2022-05-27,109.78849792480467,112.86799621582033,109.5500030517578,112.79900360107422,112.67079162597656,29924000,0.0,0.0
2022-05-31,113.0790023803711,116.43350219726562,112.57250213623048,114.03900146484376,113.9093780517578,51302000,0.0,0.0
2022-06-01,114.93150329589844,117.39900207519533,113.55049896240234,114.13700103759766,114.00726318359376,28630000,0.0,0.0
2022-06-02,114.18800354003906,117.89800262451172,113.30799865722656,117.74600219726562,117.61216735839844,27472000,0.0,0.0
2022-06-03,115.99250030517578,116.364501953125,113.66799926757812,114.56400299072266,114.43378448486328,25052000,0.0,0.0
2022-06-06,116.74250030517578,119.39849853515624,116.5282974243164,117.010498046875,116.87749481201172,23786000,0.0,0.0
2022-06-07,115.64800262451172,117.74864959716795,115.12550354003906,117.22949981689452,117.09625244140624,26414000,0.0,0.0
2022-06-08,116.87650299072266,118.64600372314452,116.69674682617188,117.23799896240234,117.104736328125,22544000,0.0,0.0
2022-06-09,116.34149932861328,118.3499984741211,114.86699676513672,114.91799926757812,114.7873764038086,23142000,0.0,0.0
2022-06-10,112.78125,113.49700164794922,110.86100006103516,111.42749786376952,111.30084228515624,31324000,0.0,0.0
2022-06-13,107.4459991455078,109.21849822998048,106.58805084228516,106.87650299072266,106.75502014160156,36756000,0.0,0.0
2022-06-14,106.88999938964844,108.4574966430664,106.35199737548828,107.19400024414062,107.07215881347656,25480000,0.0,0.0
2022-06-15,108.89949798583984,112.06300354003906,108.1187515258789,110.3905029296875,110.26502990722656,33192000,0.0,0.0
2022-06-16,108.14949798583984,109.29049682617188,105.7925033569336,106.63600158691406,106.5147933959961,35314000,0.0,0.0
2022-06-17,106.53500366210938,109.24949645996094,105.62854766845705,107.8655014038086,107.7428970336914,43516000,0.0,0.0
2022-06-21,109.7020034790039,112.6729965209961,109.2935028076172,112.01499938964844,111.88768005371094,39010000,0.0,0.0
2022-06-22,111.16300201416016,113.76950073242188,110.72429656982422,112.03399658203124,111.90665435791016,23922000,0.0,0.0
2022-06-23,112.9499969482422,113.19650268554688,111.02899932861328,112.68450164794922,112.5564193725586,24710000,0.0,0.0
2022-06-24,113.60299682617188,118.6374969482422,113.60299682617188,118.53800201416016,118.40326690673828,39122000,0.0,0.0
2022-06-27,118.93499755859376,119.25,116.00074768066406,116.62249755859376,116.48993682861328,32840000,0.0,0.0
2022-06-28,116.35099792480467,117.85649871826172,112.44400024414062,112.57150268554688,112.44355010986328,28232000,0.0,0.0
2022-06-29,112.14849853515624,113.66449737548828,111.5540008544922,112.25650024414062,112.1289063,18628000,0.0,0.0
2022-06-30,110.49949645996094,111.32980346679688,107.30999755859376,109.37249755859376,109.24817657470705,38046000,0.0,0.0
2022-07-01,108.33699798583984,109.8063507080078,107.1050033569336,109.08100128173828,108.95701599121094,31028000,0.0,0.0
2022-07-05,107.5145034790039,114.05259704589844,106.24949645996094,113.88700103759766,113.75755310058594,36398000,0.0,0.0
2022-07-06,114.09200286865234,116.35199737548828,112.25050354003906,115.2135009765625,115.0825424194336,28852000,0.0,0.0
2022-07-07,116.00800323486328,119.86199951171876,115.53399658203124,119.30599975585938,119.1703872680664,32184000,0.0,0.0
2022-07-08,117.5500030517578,120.43499755859376,117.51399993896484,120.1685028076172,120.03191375732422,29082000,0.0,0.0
2022-07-11,118.6500015258789,118.79450225830078,116.2344970703125,116.52249908447266,116.39005279541016,26718000,0.0,0.0
2022-07-12,116.8385009765625,117.84950256347656,114.61499786376952,114.84950256347656,114.71895599365234,24970000,0.0,0.0
2022-07-13,112.63899993896484,115.15699768066406,111.822998046875,112.18699645996094,112.05947875976562,38958000,0.0,0.0
2022-07-14,110.82599639892578,111.9875030517578,109.32550048828124,111.44000244140624,111.3133316040039,32366000,0.0,0.0
2022-07-15,112.96299743652344,114.00050354003906,111.82250213623048,112.76699829101562,112.6388168334961,34330000,0.0,0.0
2022-07-18,113.44000244140624,114.8000030517578,109.3000030517578,109.91000366210938,109.78507232666016,33354000,0.0,20.0
2022-07-19,111.7300033569336,114.80999755859376,110.5,114.62000274658205,114.48971557617188,30992300,0.0,0.0
2022-07-20,114.05999755859376,116.33000183105467,113.26000213623048,114.6999969482422,114.56961822509766,26780100,0.0,0.0
2022-07-21,115.08999633789062,115.20999908447266,111.91000366210938,115.04000091552734,114.90924072265624,27267800,0.0,0.0
2022-07-22,111.80999755859376,113.18000030517578,107.5999984741211,108.36000061035156,108.23683166503906,44455300,0.0,0.0
2022-07-25,108.87999725341795,110.58000183105467,107.01000213623048,108.20999908447266,108.08699798583984,28289900,0.0,0.0
2022-07-26,107.43000030517578,107.73999786376952,104.76000213623048,105.44000244140624,105.32015228271484,36626600,0.0,0.0
2022-07-27,109.5999984741211,114.4000015258789,108.41999816894533,113.5999984741211,113.47087097167967,41474600,0.0,0.0
2022-07-28,112.8000030517578,114.6999969482422,111.85099792480467,114.58999633789062,114.45974731445312,23303800,0.0,0.0
2022-07-29,113.4000015258789,116.9000015258789,113.2300033569336,116.63999938964844,116.50741577148438,31336200,0.0,0.0
2022-08-01,115.52999877929688,117.12000274658205,114.69000244140624,115.4800033569336,115.34873962402344,22856200,0.0,0.0
2022-08-02,114.43000030517578,117.08000183105467,114.26000213623048,115.9000015258789,115.7682647705078,17911000,0.0,0.0
2022-08-03,116.33999633789062,119.41999816894533,116.1500015258789,118.77999877929688,118.64498901367188,25302800,0.0,0.0
2022-08-04,118.3000030517578,119.5,117.70999908447266,118.87000274658205,118.7348861694336,15757700,0.0,0.0
2022-08-05,116.93000030517578,118.86000061035156,116.70999908447266,118.22000122070312,118.08562469482422,15615700,0.0,0.0
2022-08-08,119.12000274658205,120.86000061035156,117.83000183105467,118.13999938964844,118.0057144165039,17061100,0.0,0.0
2022-08-09,117.98999786376952,118.1999969482422,116.55999755859376,117.5,117.36643981933594,15424300,0.0,0.0
2022-08-10,119.58999633789062,121.77999877929688,119.36000061035156,120.6500015258789,120.51286315917967,20497000,0.0,0.0
2022-08-11,122.08000183105467,122.33999633789062,119.5500030517578,119.81999969482422,119.68380737304688,16671600,0.0,0.0
2022-08-12,121.16000366210938,122.6500015258789,120.4000015258789,122.6500015258789,122.51058959960938,16121100,0.0,0.0
2022-08-15,122.20999908447266,123.26000213623048,121.56999969482422,122.87999725341795,122.74032592773438,15525000,0.0,0.0
2022-08-16,122.31999969482422,123.22799682617188,121.53500366210938,122.51000213623048,122.3707504272461,15626200,0.0,0.0
2022-08-17,120.93000030517578,122.1500015258789,120.1999969482422,120.31999969482422,120.18323516845705,17589200,0.0,0.0
2022-08-18,120.2300033569336,121.69000244140624,119.5500030517578,120.86000061035156,120.72262573242188,15652000,0.0,0.0
2022-08-19,119.87000274658205,120.0,117.66999816894533,118.12000274658205,117.9857406616211,20187000,0.0,0.0
2022-08-22,116.0999984741211,116.5,114.66999816894533,115.06999969482422,114.93920135498048,19316000,0.0,0.0
2022-08-23,114.31999969482422,115.93000030517578,114.3000030517578,114.7699966430664,114.63954162597656,14390700,0.0,0.0
2022-08-24,114.4499969482422,115.71700286865234,113.77999877929688,114.6999969482422,114.56961822509766,16051200,0.0,0.0
2022-08-25,115.1500015258789,117.77999877929688,115.0500030517578,117.6999969482422,117.56621551513672,14874700,0.0,0.0
2022-08-26,115.80999755859376,116.5999984741211,111.22000122070312,111.3000030517578,111.17349243164062,31698700,0.0,0.0
2022-08-29,110.77999877929688,111.95999908447266,109.80999755859376,110.33999633789062,110.2145767211914,20386100,0.0,0.0
2022-08-30,111.02999877929688,111.37000274658205,108.8000030517578,109.91000366210938,109.78507232666016,20548200,0.0,0.0
2022-08-31,111.62999725341795,111.7699966430664,109.0500030517578,109.1500015258789,109.02593231201172,25898000,0.0,0.0
2022-09-01,109.1999969482422,111.22000122070312,108.19000244140624,110.5500030517578,110.42434692382812,22784400,0.0,0.0
2022-09-02,111.33999633789062,111.6750030517578,108.12999725341795,108.68000030517578,108.55646514892578,20618100,0.0,0.0
2022-09-06,108.13500213623048,108.87999725341795,106.51000213623048,107.4800033569336,107.35783386230467,20565100,0.0,0.0
2022-09-07,107.76000213623048,110.98999786376952,107.61499786376952,110.4800033569336,110.35442352294922,22987200,0.0,0.0
2022-09-08,109.18000030517578,110.58000183105467,108.05999755859376,109.41999816894533,109.29562377929688,21660700,0.0,0.0
2022-09-09,110.0500030517578,112.0,110.0,111.77999877929688,111.65294647216795,21732900,0.0,0.0
2022-09-12,111.98999786376952,112.63999938964844,110.93000030517578,111.87000274658205,111.74284362792967,19732900,0.0,0.0
2022-09-13,108.88999938964844,109.37000274658205,105.0,105.30999755859376,105.19029235839844,33015000,0.0,0.0
2022-09-14,105.44000244140624,106.0999984741211,104.5,105.87000274658205,105.74966430664062,22115800,0.0,0.0
2022-09-15,105.01000213623048,106.20999908447266,103.30999755859376,103.9000015258789,103.78190612792967,26494900,0.0,0.0
2022-09-16,102.97000122070312,104.02999877929688,101.8550033569336,103.62999725341795,103.51220703125,64540100,0.0,0.0
2022-09-19,102.54000091552734,104.0199966430664,102.37000274658205,103.8499984741211,103.7319564819336,19738600,0.0,0.0
2022-09-20,102.87999725341795,103.16999816894533,101.12000274658205,101.83000183105467,101.7142562866211,24001700,0.0,0.0
2022-09-21,102.23999786376952,103.48999786376952,99.98999786376952,100.01000213623048,99.89632415771484,26596800,0.0,0.0
2022-09-22,99.4499969482422,101.68000030517578,99.41000366210938,100.56999969482422,100.4556884765625,21272700,0.0,0.0
2022-09-23,100.05999755859376,100.11000061035156,98.01000213623048,99.16999816894533,99.0572738647461,25657000,0.0,0.0
2022-09-26,98.61000061035156,100.44000244140624,98.37999725341795,98.80999755859376,98.69768524169922,22437900,0.0,0.0
2022-09-27,99.91000366210938,100.45999908447266,97.33999633789062,98.08999633789062,97.97850036621094,24225000,0.0,0.0
2022-09-28,98.0199966430664,101.4000015258789,97.8000030517578,100.73999786376952,100.62548828125,24617000,0.0,0.0
2022-09-29,99.3000030517578,99.3000030517578,96.5199966430664,98.08999633789062,97.97850036621094,21921500,0.0,0.0
2022-09-30,97.7300033569336,99.49400329589844,96.02999877929688,96.1500015258789,96.04071044921876,26277800,0.0,0.0
2022-10-03,97.22000122070312,99.97000122070312,97.0199966430664,99.3000030517578,99.1871337890625,24840000,0.0,0.0
2022-10-04,101.04000091552734,102.72000122070312,101.04000091552734,102.41000366210938,102.2936019897461,22580900,0.0,0.0
2022-10-05,100.69000244140624,102.73999786376952,99.73999786376952,102.22000122070312,102.10381317138672,18475500,0.0,0.0
2022-10-06,101.5,103.7300033569336,101.5,102.23999786376952,102.12378692626952,17156200,0.0,0.0
2022-10-07,100.6500015258789,101.41999816894533,99.20999908447266,99.56999969482422,99.45682525634766,24249900,0.0,0.0
2022-10-10,99.8499984741211,99.98999786376952,97.87000274658205,98.70999908447266,98.5978012084961,16529900,0.0,0.0
2022-10-11,98.25,100.12000274658205,97.25,98.0500030517578,97.93855285644533,21617700,0.0,0.0
2022-10-12,98.2699966430664,99.64800262451172,97.66999816894533,98.3000030517578,98.18827056884766,17343400,0.0,0.0
2022-10-13,95.93000030517578,100.52999877929688,95.2699966430664,99.70999908447266,99.59666442871094,32812200,0.0,0.0
2022-10-14,100.625,101.29000091552734,97.02999877929688,97.18000030517578,97.06954193115234,22624800,0.0,0.0
2022-10-17,99.5199966430664,101.7699966430664,99.51000213623048,100.77999877929688,100.66544342041016,23311600,0.0,0.0
2022-10-18,103.94000244140624,104.22000122070312,100.6500015258789,101.38999938964844,101.27474975585938,21610500,0.0,0.0
2022-10-19,100.6999969482422,101.65899658203124,99.63500213623048,100.29000091552734,100.1760025024414,21573700,0.0,0.0
2022-10-20,100.81999969482422,103.0,99.97000122070312,100.52999877929688,100.41573333740234,25125100,0.0,0.0
2022-10-21,98.45999908447266,101.62000274658205,98.2300033569336,101.4800033569336,101.36465454101562,28988700,0.0,0.0
2022-10-24,102.08999633789062,103.0999984741211,100.3000030517578,102.97000122070312,102.85295867919922,24680800,0.0,0.0
2022-10-25,103.3000030517578,105.0999984741211,103.0199966430664,104.93000030517578,104.81072998046876,29910200,0.0,0.0
2022-10-26,96.76000213623048,98.54000091552734,94.56999969482422,94.81999969482422,94.71221923828124,71504300,0.0,0.0
2022-10-27,94.30999755859376,95.16999816894533,91.9000015258789,92.5999984741211,92.49474334716795,54036500,0.0,0.0
2022-10-28,92.52999877929688,96.86000061035156,92.322998046875,96.58000183105467,96.47022247314452,35696900,0.0,0.0
2022-10-31,95.77999877929688,96.3499984741211,94.37999725341795,94.66000366210938,94.55240631103516,29868700,0.0,0.0
2022-11-01,95.58999633789062,96.16500091552734,90.43000030517578,90.5,90.39713287353516,43220600,0.0,0.0
2022-11-02,90.91000366210938,91.3000030517578,87.01000213623047,87.06999969482422,86.97103118896484,43553600,0.0,0.0
2022-11-03,86.34500122070312,86.55000305175781,83.44999694824219,83.48999786376953,83.39509582519531,48510400,0.0,0.0
2022-11-04,85.51000213623047,86.7300033569336,83.87999725341797,86.69999694824219,86.60144805908203,40173300,0.0,0.0
2022-11-07,87.33999633789062,88.94000244140625,86.95999908447266,88.6500015258789,88.54924011230469,26899900,0.0,0.0
2022-11-08,89.16000366210938,90.40499877929688,87.6500015258789,88.91000366210938,88.80894470214844,30172000,0.0,0.0
2022-11-09,88.54499816894531,89.48999786376953,87.36000061035156,87.4000015258789,87.3006591796875,26743900,0.0,0.0
2022-11-10,92.33999633789062,94.5500030517578,91.6500015258789,94.16999816894533,94.06295776367188,42371200,0.0,0.0
2022-11-11,94.70999908447266,97.36000061035156,94.16000366210938,96.7300033569336,96.62005615234376,30569100,0.0,0.0
2022-11-14,95.5,97.18000030517578,95.11299896240234,96.02999877929688,95.92084503173828,24170100,0.0,0.0
2022-11-15,98.66999816894533,100.41999816894533,97.0199966430664,98.72000122070312,98.6077880859375,31831000,0.0,0.0
2022-11-16,98.0199966430664,99.8499984741211,97.9020004272461,98.98999786376952,98.87747955322266,24660200,0.0,0.0
2022-11-17,97.18000030517578,99.4800033569336,97.0999984741211,98.5,98.3880386352539,21818700,0.0,0.0
2022-11-18,99.01000213623048,99.16000366210938,96.73999786376952,97.8000030517578,97.68883514404295,24969900,0.0,0.0
2022-11-21,97.55999755859376,98.72000122070312,95.66999816894533,95.83000183105467,95.72107696533205,18696900,0.0,0.0
2022-11-22,96.16000366210938,97.5479965209961,94.41000366210938,97.33000183105467,97.21936798095705,18868900,0.0,0.0
2022-11-23,97.33999633789062,99.06900024414062,97.33999633789062,98.81999969482422,98.70767211914062,17568900,0.0,0.0
2022-11-25,98.46499633789062,98.94000244140624,97.52999877929688,97.5999984741211,97.4890594482422,8567800,0.0,0.0
2022-11-28,97.1999969482422,97.83000183105467,95.88999938964844,96.25,96.14059448242188,19974500,0.0,0.0
2022-11-29,96.0,96.38999938964844,94.38999938964844,95.44000244140624,95.3315200805664,20220000,0.0,0.0
2022-11-30,95.12000274658205,101.4499969482422,94.66999816894533,101.4499969482422,101.33468627929688,39888100,0.0,0.0
2022-12-01,101.4000015258789,102.58999633789062,100.66999816894533,101.27999877929688,101.16487884521484,21771500,0.0,0.0
2022-12-02,99.37000274658205,101.1500015258789,99.16999816894533,100.83000183105467,100.71539306640624,18821500,0.0,0.0
2022-12-05,99.81500244140624,101.75,99.3550033569336,99.87000274658205,99.75648498535156,19955500,0.0,0.0
2022-12-06,99.66999816894533,100.20999908447266,96.76000213623048,97.30999755859376,97.19938659667967,20877600,0.0,0.0
2022-12-07,96.7699966430664,97.30999755859376,95.0250015258789,95.1500015258789,95.0418472290039,26647900,0.0,0.0
2022-12-08,95.69000244140624,95.87000274658205,93.8000030517578,93.9499969482422,93.84320831298828,25593200,0.0,0.0
2022-12-09,93.9000015258789,94.48999786376952,93.0199966430664,93.06999969482422,92.9642105102539,21885300,0.0,0.0
2022-12-12,93.08999633789062,93.875,91.9000015258789,93.55999755859376,93.45365142822266,27380900,0.0,0.0
2022-12-13,98.06999969482422,99.8000030517578,95.37999725341795,95.8499984741211,95.74105072021484,34788500,0.0,0.0
2022-12-14,95.54000091552734,97.22000122070312,93.94000244140624,95.30999755859376,95.20166016,26452900,0.0,0.0
2022-12-15,93.54000091552734,94.02999877929688,90.43000030517578,91.1999969482422,91.0963363647461,28298800,0.0,0.0
2022-12-16,91.1999969482422,91.75,90.01000213623047,90.86000061035156,90.75672149658205,48485500,0.0,0.0
2022-12-19,90.87999725341795,91.1999969482422,88.92500305175781,89.1500015258789,89.04866790771484,23020500,0.0,0.0
2022-12-20,88.7300033569336,89.77999877929688,88.04000091552734,89.62999725341797,89.52812194824219,21976800,0.0,0.0
2022-12-21,89.7300033569336,90.91500091552734,88.91000366210938,90.25,90.1474151611328,20336400,0.0,0.0
2022-12-22,88.93000030517578,89.18000030517578,86.94000244140625,88.26000213623047,88.15968322753906,23656100,0.0,0.0
2022-12-23,87.62000274658203,90.0999984741211,87.62000274658203,89.80999755859375,89.70791625976562,17815000,0.0,0.0
2022-12-27,89.30999755859375,89.5,87.53500366210938,87.93000030517578,87.8300552368164,15470900,0.0,0.0
2022-12-28,87.5,88.5199966430664,86.37000274658203,86.45999908447266,86.36172485351562,17879600,0.0,0.0
2022-12-29,87.02999877929688,89.36499786376953,86.98999786376953,88.94999694824219,88.84889221191406,18280700,0.0,0.0
2022-12-30,87.36499786376953,88.83000183105469,87.02999877929688,88.7300033569336,88.629150390625,19190300,0.0,0.0
2023-01-03,89.83000183105469,91.5500030517578,89.0199966430664,89.69999694824219,89.59803771972656,20738500,0.0,0.0
2023-01-04,91.01000213623048,91.23999786376952,87.80000305175781,88.70999908447266,88.60916900634766,27046500,0.0,0.0
2023-01-05,88.06999969482422,88.20999908447266,86.55999755859375,86.7699966430664,86.67137145996094,23136100,0.0,0.0
2023-01-06,87.36000061035156,88.47000122070312,85.56999969482422,88.16000366210938,88.05979919433594,26612600,0.0,0.0
2023-01-09,89.19499969482422,90.83000183105467,88.58000183105469,88.80000305175781,88.69906616210938,22996700,0.0,0.0
2023-01-10,86.72000122070312,89.4749984741211,86.69999694824219,89.23999786376953,89.13856506347656,22855600,0.0,0.0
2023-01-11,90.05999755859375,92.4499969482422,89.73999786376953,92.26000213623048,92.15513610839844,25998800,0.0,0.0
2023-01-12,92.4000015258789,92.62000274658205,90.56999969482422,91.91000366210938,91.80553436279295,22754200,0.0,0.0
2023-01-13,91.52799987792967,92.9800033569336,90.93000030517578,92.8000030517578,92.69451904296876,18630700,0.0,0.0
2023-01-17,92.77999877929688,92.97000122070312,90.83999633789062,92.16000366210938,92.05525207519533,22935800,0.0,0.0
2023-01-18,92.94000244140624,93.58799743652344,91.4000015258789,91.77999877929688,91.67567443847656,19641600,0.0,0.0
2023-01-19,91.38999938964844,94.4000015258789,91.37999725341795,93.91000366210938,93.80326080322266,28707700,0.0,0.0
2023-01-20,95.9499969482422,99.41999816894533,95.91000366210938,99.27999877929688,99.16715240478516,53704800,0.0,0.0
2023-01-23,99.12999725341795,101.4000015258789,98.75,101.20999908447266,101.09495544433594,31791800,0.0,0.0
2023-01-24,99.5500030517578,101.08999633789062,98.6999969482422,99.20999908447266,99.09722900390624,27391400,0.0,0.0
2023-01-25,97.1999969482422,97.72000122070312,95.26200103759766,96.7300033569336,96.62005615234376,31000900,0.0,0.0
2023-01-26,98.27999877929688,99.20999908447266,96.81999969482422,99.16000366210938,99.04729461669922,24542100,0.0,0.0
2023-01-27,99.0500030517578,101.58000183105467,98.97000122070312,100.70999908447266,100.59552764892578,29020400,0.0,0.0
2023-01-30,98.74500274658205,99.40899658203124,97.5199966430664,97.9499969482422,97.83866119384766,24365100,0.0,0.0
2023-01-31,97.86000061035156,99.91000366210938,97.79000091552734,99.87000274658205,99.75648498535156,22306800,0.0,0.0
2023-02-01,99.73999786376952,102.19000244140624,98.41999816894533,101.43000030517578,101.31471252441406,26392600,0.0,0.0
2023-02-02,106.79000091552734,108.81999969482422,106.54000091552734,108.8000030517578,108.67633056640624,46622600,0.0,0.0
2023-02-03,103.51000213623048,108.0199966430664,103.3000030517578,105.22000122070312,105.10040283203124,36823400,0.0,0.0
2023-02-06,102.68499755859376,104.6999969482422,102.20999908447266,103.47000122070312,103.3523941040039,25573000,0.0,0.0
2023-02-07,103.62999725341795,108.66999816894533,103.5479965209961,108.04000091552734,107.91719818115234,33738800,0.0,0.0
2023-02-08,102.69000244140624,103.58000183105467,98.45500183105467,100.0,99.88633728027344,73546000,0.0,0.0
2023-02-09,100.54000091552734,100.61000061035156,93.86000061035156,95.45999908447266,95.35149383544922,97798600,0.0,0.0
2023-02-10,95.73999786376952,97.0199966430664,94.52999877929688,94.86000061035156,94.7521743774414,49325300,0.0,0.0
2023-02-13,95.01000213623048,95.3499984741211,94.0500030517578,95.0,94.89201354980467,43116600,0.0,0.0
2023-02-14,94.66000366210938,95.1750030517578,92.6500015258789,94.9499969482422,94.84207153320312,42513100,0.0,0.0
2023-02-15,94.73999786376952,97.33999633789062,94.36000061035156,97.0999984741211,96.98963165283205,36964500,0.0,0.0
2023-02-16,95.54000091552734,97.87999725341795,94.97000122070312,95.77999877929688,95.67112731933594,35642100,0.0,0.0
2023-02-17,95.06999969482422,95.75,93.4499969482422,94.58999633789062,94.48248291015624,31095100,0.0,0.0
2023-02-21,93.23999786376952,93.41500091552734,92.0,92.0500030517578,91.94537353515624,28367200,0.0,0.0
2023-02-22,91.93399810791016,92.36000061035156,90.87000274658205,91.8000030517578,91.6956558227539,29891100,0.0,0.0
2023-02-23,92.12999725341795,92.12999725341795,90.01000213623047,91.06999969482422,90.96648406982422,32423700,0.0,0.0
2023-02-24,89.62999725341797,90.12999725341795,88.86000061035156,89.3499984741211,89.2484359741211,31295600,0.0,0.0
2023-02-27,90.08999633789062,90.4499969482422,89.61000061035156,90.0999984741211,89.99758911132812,22724300,0.0,0.0
2023-02-28,89.54000091552734,91.4499969482422,89.5199966430664,90.3000030517578,90.1973648071289,30546900,0.0,0.0
2023-03-01,90.16000366210938,91.1999969482422,89.8499984741211,90.51000213623048,90.40711975097656,26323900,0.0,0.0
2023-03-02,89.86000061035156,92.4800033569336,89.7699966430664,92.30999755859376,92.20507049560548,23328600,0.0,0.0
2023-03-03,92.73999786376952,94.11000061035156,92.66000366210938,94.0199966430664,93.91312408447266,30242500,0.0,0.0
2023-03-06,94.36000061035156,96.3000030517578,94.3000030517578,95.58000183105467,95.47135925292967,28288200,0.0,0.0
2023-03-07,95.41999816894533,96.08999633789062,93.84400177001952,94.16999816894533,94.06295776367188,24101500,0.0,0.0
2023-03-08,94.40499877929688,96.23999786376952,94.40499877929688,94.6500015258789,94.54241943359376,25395200,0.0,0.0
2023-03-09,94.48999786376952,95.91999816894533,92.3550033569336,92.66000366210938,92.55467987060548,24438900,0.0,0.0
2023-03-10,92.5,93.18000030517578,90.8000030517578,91.01000213623048,90.90655517578124,32850100,0.0,0.0
2023-03-13,90.56500244140624,93.08000183105467,89.94000244140625,91.66000366210938,91.55581665039062,31508600,0.0,0.0
2023-03-14,93.06999969482422,94.83000183105467,92.77999877929688,94.25,94.1428680419922,32303900,0.0,0.0
2023-03-15,93.54000091552734,97.25,93.04000091552734,96.5500030517578,96.44026184082033,38367300,0.0,0.0
2023-03-16,96.56999969482422,101.97000122070312,95.87000274658205,101.06999969482422,100.95511627197266,54499500,0.0,0.0
2023-03-17,100.83999633789062,103.48999786376952,100.75,102.45999908447266,102.34353637695312,76140300,0.0,0.0
2023-03-20,101.05999755859376,102.58000183105467,100.79000091552734,101.93000030517578,101.81414031982422,26033900,0.0,0.0
2023-03-21,101.9800033569336,105.95999908447266,101.86000061035156,105.83999633789062,105.71968841552734,33122800,0.0,0.0
2023-03-22,105.13999938964844,107.51000213623048,104.20999908447266,104.22000122070312,104.1015396118164,32336900,0.0,0.0
2023-03-23,105.88999938964844,107.10099792480467,105.41000366210938,106.26000213623048,106.13922119140624,31385800,0.0,0.0
2023-03-24,105.73999786376952,106.16000366210938,104.73999786376952,106.05999755859376,105.93944549560548,25236200,0.0,0.0
2023-03-27,105.31999969482422,105.4000015258789,102.62999725341795,103.05999755859376,102.94285583496094,25393400,0.0,0.0
2023-03-28,103.0,103.0,100.27999877929688,101.36000061035156,101.24478912353516,24913500,0.0,0.0
2023-03-29,102.72000122070312,102.81999969482422,101.02999877929688,101.9000015258789,101.78417205810548,26148300,0.0,0.0
2023-03-30,101.44000244140624,101.61000061035156,100.29000091552734,101.31999969482422,101.204833984375,25009800,0.0,0.0
2023-03-31,101.70999908447266,104.19000244140624,101.44000244140624,104.0,103.8817901611328,28108000,0.0,0.0
2023-04-03,102.66999816894533,104.9499969482422,102.37999725341795,104.91000366210938,104.79075622558594,20719900,0.0,0.0
2023-04-04,104.83999633789062,106.0999984741211,104.5999984741211,105.12000274658205,105.00051879882812,20377200,0.0,0.0
2023-04-05,106.12000274658205,106.54000091552734,104.10199737548828,104.9499969482422,104.83070373535156,21864200,0.0,0.0
2023-04-06,105.7699966430664,109.62999725341795,104.81500244140624,108.9000015258789,108.7762222290039,34684200,0.0,0.0
2023-04-10,107.38999938964844,107.97000122070312,105.5999984741211,106.9499969482422,106.82843017578124,19741500,0.0,0.0
2023-04-11,106.91999816894533,107.22000122070312,105.27999877929688,106.12000274658205,105.99938201904295,18721300,0.0,0.0
2023-04-12,107.38999938964844,107.58699798583984,104.97000122070312,105.22000122070312,105.10040283203124,22761600,0.0,0.0
2023-04-13,106.47000122070312,108.26499938964844,106.44000244140624,108.19000244140624,108.06702423095705,21650700,0.0,0.0
2023-04-14,107.69000244140624,109.58000183105467,107.58999633789062,109.45999908447266,109.33557891845705,20758700,0.0,0.0
2023-04-17,105.43000030517578,106.70999908447266,105.31999969482422,106.41999816894533,106.29903411865234,29043400,0.0,0.0
2023-04-18,107.0,107.0500030517578,104.77999877929688,105.12000274658205,105.00051879882812,17641400,0.0,0.0
2023-04-19,104.21499633789062,105.7249984741211,103.8000030517578,105.0199966430664,104.90062713623048,16732000,0.0,0.0
2023-04-20,104.6500015258789,106.88800048828124,104.63999938964844,105.9000015258789,105.77963256835938,22515300,0.0,0.0
2023-04-21,106.08999633789062,106.63999938964844,105.48500061035156,105.91000366210938,105.78961944580078,22379000,0.0,0.0
2023-04-24,106.0500030517578,107.31999969482422,105.36000061035156,106.77999877929688,106.65862274169922,21410900,0.0,0.0
2023-04-25,106.61000061035156,107.44000244140624,104.55999755859376,104.61000061035156,104.49109649658205,31408100,0.0,0.0
2023-04-26,105.55999755859376,107.0199966430664,103.2699966430664,104.4499969482422,104.3312759399414,37068200,0.0,0.0
2023-04-27,105.2300033569336,109.1500015258789,104.41999816894533,108.37000274658205,108.246826171875,38235200,0.0,0.0
2023-04-28,107.8000030517578,108.29000091552734,106.04000091552734,108.22000122070312,108.09699249267578,23957900,0.0,0.0
2023-05-01,107.72000122070312,108.68000030517578,107.5,107.70999908447266,107.58757019042967,20926300,0.0,0.0
2023-05-02,107.66000366210938,107.7300033569336,104.5,105.9800033569336,105.85954284667967,20343100,0.0,0.0
2023-05-03,106.22000122070312,108.12999725341795,105.62000274658205,106.12000274658205,105.99938201904295,17116300,0.0,0.0
2023-05-04,106.16000366210938,106.3000030517578,104.6999969482422,105.20999908447266,105.09040832519533,19780600,0.0,0.0
2023-05-05,105.31999969482422,106.44000244140624,104.73899841308594,106.21499633789062,106.09426879882812,20705300,0.0,0.0
2023-05-08,105.79499816894533,108.41999816894533,105.79000091552734,108.23999786376952,108.1169662475586,17266000,0.0,0.0
2023-05-09,108.77999877929688,110.59500122070312,107.7249984741211,107.94000244140624,107.81731414794922,24782400,0.0,0.0
2023-05-10,108.5500030517578,113.51000213623048,108.4800033569336,112.27999877929688,112.15237426757812,47533500,0.0,0.0
2023-05-11,115.86000061035156,118.44000244140624,114.93000030517578,116.9000015258789,116.76712799072266,57115100,0.0,0.0
2023-05-12,117.0,118.26000213623048,116.5500030517578,117.91999816894533,117.78596496582033,31272500,0.0,0.0
2023-05-15,116.48999786376952,118.79499816894533,116.4800033569336,116.95999908447266,116.82705688476562,22107900,0.0,0.0
2023-05-16,116.83000183105467,121.1999969482422,116.83000183105467,120.08999633789062,119.9534912109375,32370100,0.0,0.0
2023-05-17,120.18000030517578,122.27999877929688,119.45999908447266,121.4800033569336,121.3419189453125,26659600,0.0,0.0
2023-05-18,121.55999755859376,123.9000015258789,121.48999786376952,123.5199966430664,123.3795928955078,27014500,0.0,0.0
2023-05-19,124.1999969482422,126.47899627685548,122.72000122070312,123.25,123.1099090576172,30251300,0.0,0.0
2023-05-22,123.51000213623048,127.0500030517578,123.4499969482422,125.87000274658205,125.7269287109375,29760200,0.0,0.0
2023-05-23,124.93000030517578,125.41999816894533,123.0500030517578,123.29000091552734,123.14986419677734,24477900,0.0,0.0
2023-05-24,121.87999725341795,122.75,120.75,121.63999938964844,121.50173950195312,23087900,0.0,0.0
2023-05-25,125.20999908447266,125.9800033569336,122.9000015258789,124.3499984741211,124.20865631103516,33812700,0.0,0.0
2023-05-26,124.06500244140624,126.0,123.29000091552734,125.43000030517578,125.28742980957033,25154700,0.0,0.0
2023-05-30,126.29000091552734,126.37999725341795,122.88999938964844,124.63999938964844,124.49832916259766,27230700,0.0,0.0
2023-05-31,123.6999969482422,124.9000015258789,123.0999984741211,123.37000274658205,123.22977447509766,41548800,0.0,0.0
2023-06-01,123.5,125.04000091552734,123.3000030517578,124.37000274658205,124.2286376953125,25017700,0.0,0.0
2023-06-02,124.48999786376952,126.74500274658205,124.3499984741211,125.2300033569336,125.08766174316406,19362400,0.0,0.0
2023-06-05,124.61000061035156,127.98999786376952,124.37999725341795,126.62999725341795,126.4860610961914,22672500,0.0,0.0
2023-06-06,126.5999984741211,128.8800048828125,125.97000122070312,127.91000366210938,127.76461029052734,19450100,0.0,0.0
2023-06-07,127.5749969482422,129.5500030517578,122.62999725341795,122.94000244140624,122.80026245117188,34179300,0.0,0.0
2023-06-08,122.58499908447266,123.7300033569336,122.01000213623048,122.66999816894533,122.5305633544922,24815000,0.0,0.0
2023-06-09,122.55999755859376,124.28500366210938,122.41999816894533,122.87000274658205,122.73033905029295,20304500,0.0,0.0
2023-06-12,123.3949966430664,124.75,122.3499984741211,124.3499984741211,124.20865631103516,22255700,0.0,0.0
2023-06-13,125.6500015258789,125.86000061035156,123.84500122070312,124.43000030517578,124.28856658935548,19287700,0.0,0.0
2023-06-14,123.8000030517578,124.79000091552734,122.16000366210938,124.37999725341795,124.23861694335938,24659600,0.0,0.0
2023-06-15,123.87999725341795,126.16000366210938,123.13999938964844,125.79000091552734,125.6470184326172,24517100,0.0,0.0
2023-06-16,126.6999969482422,126.6999969482422,123.79000091552734,124.05999755859376,123.91898345947266,56686800,0.0,0.0
2023-06-20,123.53500366210938,125.1750030517578,122.83000183105467,123.8499984741211,123.70922088623048,22698000,0.0,0.0
2023-06-21,123.23500061035156,123.41000366210938,120.86000061035156,121.26000213623048,121.1221694946289,22612000,0.0,0.0
2023-06-22,120.66000366210938,123.93499755859376,119.5999984741211,123.87000274658205,123.7292022705078,20781900,0.0,0.0
2023-06-23,122.04000091552734,123.44000244140624,121.86000061035156,123.0199966430664,122.88016510009766,29542900,0.0,0.0
2023-06-26,121.46600341796876,122.72000122070312,118.98999786376952,119.08999633789062,118.95462799072266,23185000,0.0,0.0
2023-06-27,117.83999633789062,119.8949966430664,116.91000366210938,119.01000213623048,118.87472534179688,27221700,0.0,0.0
2023-06-28,117.95999908447266,121.2699966430664,117.5999984741211,121.08000183105467,120.94237518310548,19753100,0.0,0.0
2023-06-29,120.08999633789062,120.91000366210938,119.20999908447266,120.01000213623048,119.87358856201172,18517500,0.0,0.0
2023-06-30,121.0999984741211,122.02999877929688,120.87999725341795,120.97000122070312,120.8324966430664,23865800,0.0,0.0
2023-07-03,120.31999969482422,121.0199966430664,119.70500183105467,120.55999755859376,120.42295837402344,13888300,0.0,0.0
2023-07-05,120.05999755859376,123.37000274658205,120.05999755859376,122.62999725341795,122.49060821533205,17830300,0.0,0.0
2023-07-06,120.63999938964844,121.1500015258789,119.25,120.93000030517578,120.79254150390624,17732500,0.0,0.0
2023-07-07,120.88999938964844,121.75,120.08999633789062,120.13999938964844,120.0034408569336,20982400,0.0,0.0
2023-07-10,119.06999969482422,119.06999969482422,116.63999938964844,116.87000274658205,116.7371597290039,32960100,0.0,0.0
2023-07-11,116.76000213623048,118.2249984741211,115.83000183105467,117.70999908447266,117.57620239257812,18286600,0.0,0.0
2023-07-12,119.3000030517578,120.95999908447266,119.0,119.62000274658205,119.4840316772461,22059600,0.0,0.0
2023-07-13,121.54000091552734,125.33499908447266,121.05999755859376,124.83000183105467,124.6881103515625,31535900,0.0,0.0
2023-07-14,125.12999725341795,127.08999633789062,124.9000015258789,125.6999969482422,125.55712127685548,20482800,0.0,0.0
2023-07-17,126.05999755859376,127.27999877929688,124.5,125.05999755859376,124.9178466796875,20675300,0.0,0.0
2023-07-18,124.90499877929688,124.98999786376952,123.3000030517578,124.08000183105467,123.93896484375,21071200,0.0,0.0
2023-07-19,124.79000091552734,125.47000122070312,122.47000122070312,122.77999877929688,122.64044189453124,22313800,0.0,0.0
2023-07-20,122.12000274658205,124.6999969482422,118.68499755859376,119.52999877929688,119.39413452148438,27541700,0.0,0.0
2023-07-21,120.87000274658205,121.3000030517578,119.06999969482422,120.30999755859376,120.17324829101562,56498100,0.0,0.0
2023-07-24,121.9260025024414,123.3499984741211,121.37999725341795,121.87999725341795,121.74146270751952,22276100,0.0,0.0
2023-07-25,121.87999725341795,123.69000244140624,121.52999877929688,122.79000091552734,122.65042877197266,31820800,0.0,0.0
2023-07-26,130.36000061035156,131.3699951171875,128.7100067138672,129.66000366210938,129.5126190185547,46216900,0.0,0.0
2023-07-27,131.8000030517578,133.60000610351562,129.17999267578125,129.8699951171875,129.72238159179688,35931600,0.0,0.0
2023-07-28,130.97000122070312,134.07000732421875,130.9199981689453,133.00999450683594,132.8588104248047,26971000,0.0,0.0
2023-07-31,133.00999450683594,133.8300018310547,132.1300048828125,133.11000061035156,132.9586944580078,18381900,0.0,0.0
2023-08-01,130.85499572753906,132.9199981689453,130.75,131.88999938964844,131.74008178710938,22154300,0.0,0.0
2023-08-02,129.83999633789062,130.4199981689453,127.8499984741211,128.63999938964844,128.4937744140625,22705800,0.0,0.0
2023-08-03,128.3699951171875,129.77000427246094,127.7750015258789,128.77000427246094,128.62364196777344,15018100,0.0,0.0
2023-08-04,129.60000610351562,131.92999267578125,128.31500244140625,128.5399932861328,128.39389038085938,20509500,0.0,0.0
2023-08-07,129.50999450683594,132.05999755859375,129.42999267578125,131.94000244140625,131.7900391,17621000,0.0,0.0
2023-08-08,130.97999572753906,131.94000244140625,130.1300048828125,131.83999633789062,131.6901397705078,16836000,0.0,0.0
2023-08-09,132.19000244140625,132.47000122070312,129.5050048828125,130.14999389648438,130.00205993652344,17745200,0.0,0.0
2023-08-10,131.97000122070312,132.64700317382812,130.03500366210938,130.2100067138672,130.06199645996094,17855700,0.0,0.0
2023-08-11,129.20199584960938,130.44000244140625,128.75,130.1699981689453,130.02203369140625,15191500,0.0,0.0
2023-08-14,129.85000610351562,131.91000366210938,129.58999633789062,131.8300018310547,131.68016052246094,17526200,0.0,0.0
2023-08-15,131.58999633789062,131.99000549316406,129.81900024414062,130.27000427246094,130.12193298339844,14769200,0.0,0.0
2023-08-16,129.27999877929688,130.8979949951172,128.4600067138672,129.11000061035156,128.96324157714844,17548400,0.0,0.0
2023-08-17,130.4499969482422,132.49099731445312,129.85000610351562,130.4600067138672,130.3117218017578,23665600,0.0,0.0
2023-08-18,129.05999755859375,129.8300018310547,127.0,128.11000061035156,127.96438598632812,23619400,0.0,0.0
2023-08-21,127.8499984741211,129.25999450683594,127.16000366210938,128.92999267578125,128.783447265625,21851100,0.0,0.0
2023-08-22,129.1300048828125,130.9499969482422,128.9250030517578,129.69000244140625,129.54258728027344,15569400,0.0,0.0
2023-08-23,130.85000610351562,134.07000732421875,130.50999450683594,133.2100067138672,133.0585938,26497000,0.0,0.0
2023-08-24,134.7270050048828,134.97000122070312,130.3000030517578,130.4199981689453,130.27175903320312,18680400,0.0,0.0
2023-08-25,130.13999938964844,131.39999389648438,128.0399932861328,130.69000244140625,130.5414581298828,20678100,0.0,0.0
2023-08-28,132.0800018310547,133.24000549316406,130.85000610351562,131.7899932861328,131.64019775390625,16715500,0.0,0.0
2023-08-29,132.9980010986328,137.2949981689453,132.97999572753906,135.49000549316406,135.33599853515625,30803300,0.0,0.0
2023-08-30,135.57000732421875,137.25,135.02099609375,136.92999267578125,136.77435302734375,21773400,0.0,0.0
2023-08-31,137.0500030517578,138.39999389648438,136.82000732421875,137.35000610351562,137.19387817382812,28147900,0.0,0.0
2023-09-01,138.42999267578125,138.5800018310547,135.94000244140625,136.8000030517578,136.64450073242188,16665700,0.0,0.0
2023-09-05,136.44000244140625,137.3699951171875,135.55999755859375,136.7100067138672,136.5546112060547,17730200,0.0,0.0
2023-09-06,137.01499938964844,137.47999572753906,134.69000244140625,135.3699951171875,135.21612548828125,15814300,0.0,0.0
2023-09-07,134.60000610351562,136.5800018310547,133.9600067138672,136.1999969482422,136.04518127441406,16976000,0.0,0.0
2023-09-08,135.8699951171875,137.51499938964844,135.8699951171875,137.1999969482422,137.04405212402344,17810700,0.0,0.0
2023-09-11,137.3800048828125,138.26400756835938,136.5500030517578,137.74000549316406,137.58343505859375,17180800,0.0,0.0
2023-09-12,137.1300048828125,137.63999938964844,135.92999267578125,136.07000732421875,135.91534423828125,15212900,0.0,0.0
2023-09-13,135.89999389648438,137.6999969482422,134.92999267578125,137.5,137.3437042236328,16394900,0.0,0.0
2023-09-14,138.38999938964844,139.5500030517578,137.05999755859375,138.99000549316406,138.83201599121094,19064600,0.0,0.0
2023-09-15,138.8000030517578,139.36000061035156,137.17999267578125,138.3000030517578,138.14280700683594,48947600,0.0,0.0
2023-09-18,137.6300048828125,139.92999267578125,137.6300048828125,138.9600067138672,138.80206298828125,16233600,0.0,0.0
2023-09-19,138.25,139.1750030517578,137.5,138.8300018310547,138.6721954345703,15479100,0.0,0.0
2023-09-20,138.8300018310547,138.83999633789062,134.52000427246094,134.58999633789062,134.43701171875,21473500,0.0,0.0
2023-09-21,132.38999938964844,133.19000244140625,131.08999633789062,131.36000061035156,131.210693359375,22042700,0.0,0.0
2023-09-22,131.67999267578125,133.00999450683594,130.50999450683594,131.25,131.10081481933594,17348700,0.0,0.0
2023-09-25,130.77000427246094,132.22000122070312,130.02999877929688,132.1699981689453,132.01976013183594,14650000,0.0,0.0
2023-09-26,130.91400146484375,131.40499877929688,128.19000244140625,129.4499969482422,129.3028564453125,20378800,0.0,0.0
2023-09-27,129.44000244140625,131.72000122070312,129.3800048828125,131.4600067138672,131.31057739257812,18764200,0.0,0.0
2023-09-28,130.69000244140625,134.17999267578125,130.69000244140625,133.1300048828125,132.9786834716797,18201400,0.0,0.0
2023-09-29,134.0800018310547,134.88999938964844,131.32000732421875,131.85000610351562,131.70013427734375,23224200,0.0,0.0
2023-10-02,132.15499877929688,135.36000061035156,132.06500244140625,135.1699981689453,135.016357421875,19210400,0.0,0.0
2023-10-03,134.92999267578125,135.24000549316406,132.81500244140625,133.3000030517578,133.1484832763672,19628700,0.0,0.0
2023-10-04,133.66000366210938,136.57000732421875,133.42999267578125,136.27000427246094,136.1151123046875,22848000,0.0,0.0
2023-10-05,136.1300048828125,136.5,134.4550018310547,135.99000549316406,135.83543395996094,15922900,0.0,0.0
2023-10-06,134.94000244140625,139.18600463867188,134.94000244140625,138.72999572753906,138.5723114013672,20819300,0.0,0.0
2023-10-09,137.99000549316406,139.97000122070312,136.6999969482422,139.5,139.3414306640625,16599100,0.0,0.0
2023-10-10,139.50999450683594,140.74000549316406,138.42999267578125,139.1999969482422,139.04177856445312,19554900,0.0,0.0
2023-10-11,139.85000610351562,142.22000122070312,139.83999633789062,141.6999969482422,141.53892517089844,20146300,0.0,0.0
2023-10-12,142.16000366210938,142.3800048828125,139.4499969482422,140.2899932861328,140.13052368164062,18173100,0.0,0.0
2023-10-13,140.64999389648438,141.33999633789062,137.97000122070312,138.5800018310547,138.4224853515625,19438700,0.0,0.0
2023-10-16,139.72999572753906,140.90499877929688,139.32000732421875,140.49000549316406,140.330322265625,17345600,0.0,0.0
2023-10-17,140.02999877929688,141.25,138.5290069580078,140.99000549316406,140.82974243164062,17424000,0.0,0.0
2023-10-18,140.75,141.99000549316406,138.7050018310547,139.27999877929688,139.12168884277344,18304900,0.0,0.0
2023-10-19,139.8000030517578,141.0050048828125,138.60000610351562,138.97999572753906,138.822021484375,21831200,0.0,0.0
2023-10-20,138.58999633789062,139.0399932861328,136.2449951171875,136.74000549316406,136.58457946777344,24953900,0.0,0.0
2023-10-23,136.22999572753906,139.02000427246094,135.11000061035156,137.89999389648438,137.74325561523438,20780700,0.0,0.0
2023-10-24,139.16000366210938,140.7100067138672,138.75,140.1199951171875,139.96072387695312,26535200,0.0,0.0
2023-10-25,129.77000427246094,130.10000610351562,126.08999633789062,126.66999816894533,126.52601623535156,58796100,0.0,0.0
2023-10-26,124.47000122070312,125.45999908447266,122.31999969482422,123.44000244140624,123.29969024658205,33907400,0.0,0.0
2023-10-27,124.02999877929688,124.44000244140624,121.45999908447266,123.4000015258789,123.25973510742188,37367700,0.0,0.0
2023-10-30,124.45999908447266,126.5500030517578,123.87999725341795,125.75,125.60706329345705,24165600,0.0,0.0
2023-10-31,126.2699966430664,126.55999755859376,123.9250030517578,125.3000030517578,125.15757751464844,21123400,0.0,0.0
2023-11-01,125.33999633789062,127.73999786376952,124.9250030517578,127.56999969482422,127.42499542236328,26536600,0.0,0.0
2023-11-02,129.55999755859375,130.08999633789062,128.11000061035156,128.5800018310547,128.43385314941406,24091700,0.0,0.0
2023-11-03,129.08999633789062,130.72999572753906,129.00999450683594,130.3699951171875,130.2218017578125,19517900,0.0,0.0
2023-11-06,130.22000122070312,131.55999755859375,129.92999267578125,131.4499969482422,131.3005828857422,15360400,0.0,0.0
2023-11-07,131.97999572753906,133.27999877929688,131.13999938964844,132.39999389648438,132.24949645996094,19223800,0.0,0.0
2023-11-08,132.36000061035156,133.5399932861328,132.16000366210938,133.25999450683594,133.1085205078125,15093600,0.0,0.0
2023-11-09,133.36000061035156,133.9600067138672,131.50999450683594,131.69000244140625,131.54031372070312,17976500,0.0,0.0
2023-11-10,131.52999877929688,134.27000427246094,130.8699951171875,134.05999755859375,133.90762329101562,20872900,0.0,0.0
2023-11-13,133.36000061035156,134.11000061035156,132.77000427246094,133.63999938964844,133.48809814453125,16409900,0.0,0.0
2023-11-14,135.64999389648438,137.24000549316406,135.10000610351562,135.42999267578125,135.27606201171875,22317300,0.0,0.0
2023-11-15,136.63999938964844,136.83999633789062,135.3300018310547,136.3800048828125,136.22499084472656,15840900,0.0,0.0
2023-11-16,136.9600067138672,138.8800048828125,136.0800018310547,138.6999969482422,138.54234313964844,17615100,0.0,0.0
2023-11-17,137.82000732421875,138.0,135.47999572753906,136.94000244140625,136.7843475341797,25565300,0.0,0.0
2023-11-20,135.5,138.4250030517578,135.49000549316406,137.9199981689453,137.7632293701172,19569400,0.0,0.0
2023-11-21,137.94000244140625,138.96499633789062,137.7050018310547,138.6199951171875,138.46243286132812,17648100,0.0,0.0
2023-11-22,139.10000610351562,141.10000610351562,139.0,140.02000427246094,139.86085510253906,17306400,0.0,0.0
2023-11-24,139.5399932861328,139.677001953125,137.47000122070312,138.22000122070312,138.06289672851562,8828600,0.0,0.0
2023-11-27,137.57000732421875,139.6300048828125,137.5399932861328,138.0500030517578,137.89308166503906,17886400,0.0,0.0
2023-11-28,137.6300048828125,138.66000366210938,137.0399932861328,138.6199951171875,138.46243286132812,17046900,0.0,0.0
2023-11-29,138.98500061035156,139.6699981689453,136.2949981689453,136.39999389648438,136.2449493408203,21014700,0.0,0.0
2023-11-30,136.39999389648438,136.9600067138672,132.7899932861328,133.9199981689453,133.7677764892578,29913500,0.0,0.0
2023-12-01,133.32000732421875,133.5,132.15199279785156,133.32000732421875,133.16847229003906,24258400,0.0,0.0
2023-12-04,131.29400634765625,131.4499969482422,129.39999389648438,130.6300048828125,130.4815216064453,24117100,0.0,0.0
2023-12-05,130.3699951171875,133.5399932861328,129.72999572753906,132.38999938964844,132.23951721191406,19235100,0.0,0.0
2023-12-06,132.89999389648438,133.30999755859375,131.30999755859375,131.42999267578125,131.2805938720703,16360600,0.0,0.0
2023-12-07,136.60000610351562,140.0,136.22999572753906,138.4499969482422,138.29263305664062,38419400,0.0,0.0
2023-12-08,135.66000366210938,137.99000549316406,135.57000732421875,136.63999938964844,136.48468017578125,22990900,0.0,0.0
2023-12-11,133.82000732421875,134.7899932861328,132.88999938964844,134.6999969482422,134.54689025878906,24502900,0.0,0.0
2023-12-12,133.27000427246094,134.5399932861328,132.8300018310547,133.63999938964844,133.48809814453125,26584000,0.0,0.0
2023-12-13,134.5449981689453,134.77999877929688,132.9499969482422,133.97000122070312,133.81771850585938,25414500,0.0,0.0
2023-12-14,134.77000427246094,135.03500366210938,131.05999755859375,133.1999969482422,133.04859924316406,29619100,0.0,0.0
2023-12-15,132.9199981689453,134.8300018310547,132.6300048828125,133.83999633789062,133.6878662109375,58569400,0.0,0.0
2023-12-18,133.86000061035156,138.3800048828125,133.77000427246094,137.19000244140625,137.0340576171875,25699800,0.0,0.0
2023-12-19,138.0,138.77000427246094,137.4499969482422,138.10000610351562,137.9430389404297,20661000,0.0,0.0
2023-12-20,140.3300018310547,143.0780029296875,139.41000366210938,139.66000366210938,139.50125122070312,33507300,0.0,0.0
2023-12-21,140.77000427246094,142.02999877929688,140.47300720214844,141.8000030517578,141.63882446289062,18101500,0.0,0.0
2023-12-22,142.1300048828125,143.25,142.05499267578125,142.72000122070312,142.55776977539062,18494700,0.0,0.0
2023-12-26,142.97999572753906,143.94500732421875,142.5,142.82000732421875,142.6576690673828,11170100,0.0,0.0
2023-12-27,142.8300018310547,143.32000732421875,141.05099487304688,141.44000244140625,141.27923583984375,17288400,0.0,0.0
2023-12-28,141.85000610351562,142.27000427246094,140.8280029296875,141.27999877929688,141.11941528320312,12192500,0.0,0.0
2023-12-29,140.67999267578125,141.43499755859375,139.89999389648438,140.92999267578125,140.76980590820312,14872700,0.0,0.0
2024-01-02,139.60000610351562,140.61500549316406,137.74000549316406,139.55999755859375,139.4013672,20071900,0.0,0.0
2024-01-03,138.60000610351562,141.08999633789062,138.42999267578125,140.36000061035156,140.20045471191406,18974300,0.0,0.0
2024-01-04,139.85000610351562,140.63499450683594,138.00999450683594,138.0399932861328,137.88308715820312,18253300,0.0,0.0
2024-01-05,138.3520050048828,138.80999755859375,136.85000610351562,137.38999938964844,137.2338409423828,15433200,0.0,0.0
2024-01-08,138.0,140.63999938964844,137.8800048828125,140.52999877929688,140.37026977539062,17645300,0.0,0.0
2024-01-09,140.05999755859375,142.8000030517578,139.7899932861328,142.55999755859375,142.39794921875,19579700,0.0,0.0
2024-01-10,142.52000427246094,144.52499389648438,142.4600067138672,143.8000030517578,143.6365509033203,16641900,0.0,0.0
2024-01-11,144.89500427246094,146.66000366210938,142.21499633789062,143.6699981689453,143.50669860839844,17471100,0.0,0.0
2024-01-12,144.33999633789062,144.74000549316406,143.36000061035156,144.24000549316406,144.0760498046875,13995200,0.0,0.0
2024-01-16,143.42999267578125,145.83999633789062,143.05599975585938,144.0800018310547,143.91622924804688,19198900,0.0,0.0
2024-01-17,142.91000366210938,143.41000366210938,140.50999450683594,142.88999938964844,142.7275848388672,17884500,0.0,0.0
2024-01-18,143.44000244140625,145.5850067138672,143.35000610351562,144.99000549316406,144.8251953,18876800,0.0,0.0
2024-01-19,146.30499267578125,148.0399932861328,145.8000030517578,147.97000122070312,147.8018035888672,27170900,0.0,0.0
2024-01-22,148.7100067138672,150.01499938964844,147.5800018310547,147.7100067138672,147.5421142578125,21829200,0.0,0.0
2024-01-23,147.72000122070312,148.86000061035156,147.19000244140625,148.67999267578125,148.51100158691406,14113600,0.0,0.0
2024-01-24,150.2899932861328,151.57000732421875,149.83999633789062,150.35000610351562,150.17910766601562,19245000,0.0,0.0
2024-01-25,151.74000549316406,154.75999450683594,151.22000122070312,153.63999938964844,153.46536254882812,21495100,0.0,0.0
2024-01-26,152.8699951171875,154.11000061035156,152.8000030517578,153.7899932861328,153.6151885986328,19494500,0.0,0.0
2024-01-29,153.63999938964844,155.1999969482422,152.9199981689453,154.83999633789062,154.66400146484375,20909300,0.0,0.0
2024-01-30,154.00999450683594,155.0399932861328,152.77499389648438,153.0500030517578,152.87603759765625,26578900,0.0,0.0
2024-01-31,145.38999938964844,145.58999633789062,141.5500030517578,141.8000030517578,141.63882446289062,43908600,0.0,0.0
2024-02-01,143.69000244140625,144.6199951171875,142.25999450683594,142.7100067138672,142.54779052734375,25526900,0.0,0.0
2024-02-02,140.88999938964844,143.8800048828125,138.1699981689453,143.5399932861328,143.3768310546875,42116900,0.0,0.0
2024-02-05,144.0399932861328,146.6699981689453,143.91000366210938,144.92999267578125,144.7652587890625,29254400,0.0,0.0
2024-02-06,145.9600067138672,146.74000549316406,144.52000427246094,145.41000366210938,145.24472045898438,21517700,0.0,0.0
2024-02-07,146.1199951171875,147.0,145.2100067138672,146.67999267578125,146.5132598876953,21436100,0.0,0.0
2024-02-08,146.97000122070312,147.61000061035156,146.4199981689453,147.22000122070312,147.0526580810547,18241300,0.0,0.0
2024-02-09,147.9499969482422,150.69500732421875,147.42999267578125,150.22000122070312,150.04925537109375,21877700,0.0,0.0
2024-02-12,149.5399932861328,150.58999633789062,148.55999755859375,148.72999572753906,148.56094360351562,17236100,0.0,0.0
2024-02-13,146.07000732421875,148.0399932861328,145.11000061035156,146.3699951171875,146.20362854003906,18138500,0.0,0.0
2024-02-14,147.3699951171875,147.8300018310547,145.55499267578125,147.13999938964844,146.97274780273438,16651800,0.0,0.0
2024-02-15,144.4600067138672,144.75999450683594,141.8800048828125,143.94000244140625,143.77639770507812,26724300,0.0,0.0
2024-02-16,144.2100067138672,144.47999572753906,141.52000427246094,141.75999450683594,141.59886169433594,21849700,0.0,0.0
2024-02-20,140.94000244140625,143.32899475097656,140.8000030517578,142.1999969482422,142.03836059570312,18625600,0.0,0.0
2024-02-21,142.63999938964844,143.97999572753906,141.91000366210938,143.83999633789062,143.67649841308594,16499600,0.0,0.0
2024-02-22,146.1199951171875,146.1999969482422,144.00999450683594,145.32000732421875,145.1548309326172,23024700,0.0,0.0
2024-02-23,144.97000122070312,145.9550018310547,144.7899932861328,145.2899932861328,145.12484741210938,14519400,0.0,0.0
2024-02-26,143.4499969482422,143.83999633789062,138.74000549316406,138.75,138.59228515625,33513000,0.0,0.0
2024-02-27,139.41000366210938,140.49000549316406,138.5,140.10000610351562,139.94076538085938,22364000,0.0,0.0
2024-02-28,139.10000610351562,139.27999877929688,136.63999938964844,137.42999267578125,137.27378845214844,30628700,0.0,0.0
2024-02-29,138.35000610351562,139.9499969482422,137.57000732421875,139.77999877929688,139.62110900878906,35485000,0.0,0.0
2024-03-01,139.61000061035156,140.0,137.97500610351562,138.0800018310547,137.9230499267578,28522000,0.0,0.0
2024-03-04,136.5399932861328,136.6300048828125,132.86000061035156,134.1999969482422,134.04745483398438,43571500,0.0,0.0
2024-03-05,132.74000549316406,134.02000427246094,131.5500030517578,133.77999877929688,133.6279297,28447600,0.0,0.0
2024-03-06,134.24000549316406,134.74000549316406,131.9499969482422,132.55999755859375,132.40931701660156,23175200,0.0,0.0
2024-03-07,133.88999938964844,135.82000732421875,132.66000366210938,135.24000549316406,135.08628845214844,24107300,0.0,0.0
2024-03-08,135.03500366210938,138.98500061035156,134.8000030517578,136.2899932861328,136.13507080078125,26472400,0.0,0.0
2024-03-11,137.07000732421875,139.97999572753906,137.07000732421875,138.94000244140625,138.78207397460938,22536400,0.0,0.0
2024-03-12,138.25,140.27999877929688,138.2100067138672,139.6199951171875,139.46128845214844,19019700,0.0,0.0
2024-03-13,140.05999755859375,142.19000244140625,140.00999450683594,140.77000427246094,140.61000061035156,19637000,0.0,0.0
2024-03-14,142.3000030517578,144.72999572753906,141.48500061035156,144.33999633789062,144.17593383789062,36117900,0.0,0.0
2024-03-15,143.41000366210938,144.33999633789062,141.1300048828125,142.1699981689453,142.00839233398438,41025900,0.0,0.0
2024-03-18,149.3699951171875,152.92999267578125,148.13999938964844,148.47999572753906,148.31121826171875,47676700,0.0,0.0
2024-03-19,148.97999572753906,149.6199951171875,147.00999450683594,147.9199981689453,147.75186157226562,17748400,0.0,0.0
2024-03-20,148.7899932861328,149.75999450683594,147.6649932861328,149.67999267578125,149.50985717773438,17730000,0.0,0.0
2024-03-21,150.32000732421875,151.30499267578125,148.00999450683594,148.74000549316406,148.57093811035156,19843900,0.0,0.0
2024-03-22,150.24000549316406,152.55999755859375,150.08999633789062,151.77000427246094,151.5974884033203,19226300,0.0,0.0
2024-03-25,150.9499969482422,151.45599365234375,148.8000030517578,151.14999389648438,150.9781951904297,15114700,0.0,0.0
2024-03-26,151.24000549316406,153.1999969482422,151.02999877929688,151.6999969482422,151.52757263183594,19312700,0.0,0.0
2024-03-27,152.14500427246094,152.69000244140625,150.1300048828125,151.94000244140625,151.76730346679688,16622000,0.0,0.0
2024-03-28,152.0,152.6699981689453,151.3300018310547,152.25999450683594,152.08692932128906,21105600,0.0,0.0
2024-04-01,151.8300018310547,157.0,151.64999389648438,156.5,156.32211303710938,24469800,0.0,0.0
2024-04-02,154.75,155.99000549316406,153.4600067138672,155.8699951171875,155.6928253173828,17598100,0.0,0.0
2024-04-03,154.9199981689453,156.5500030517578,154.1320037841797,156.3699951171875,156.1922607421875,17266200,0.0,0.0
2024-04-04,155.0800018310547,156.17999267578125,151.8800048828125,151.94000244140625,151.76730346679688,24184800,0.0,0.0
2024-04-05,151.67999267578125,154.83999633789062,151.08099365234375,153.94000244140625,153.76502990722656,16289800,0.0,0.0
2024-04-08,154.01499938964844,156.65499877929688,153.99000549316406,156.13999938964844,155.9625244140625,16641500,0.0,0.0
2024-04-09,157.35000610351562,159.88999938964844,156.63999938964844,158.13999938964844,157.9602508544922,21538100,0.0,0.0
2024-04-10,157.8800048828125,158.16000366210938,156.1999969482422,157.66000366210938,157.48080444335938,16339200,0.0,0.0
2024-04-11,158.33999633789062,161.1199951171875,157.92999267578125,160.7899932861328,160.6072235107422,17841700,0.0,0.0
2024-04-12,159.40499877929688,161.6999969482422,158.60000610351562,159.19000244140625,159.00906372070312,16968200,0.0,0.0
2024-04-15,160.27999877929688,160.8300018310547,156.14999389648438,156.3300018310547,156.15231323242188,21140900,0.0,0.0
2024-04-16,155.63999938964844,157.22999572753906,155.0500030517578,156.0,155.8226776123047,15413200,0.0,0.0
2024-04-17,157.19000244140625,158.68099975585938,156.13499450683594,156.8800048828125,156.70169067382812,16237800,0.0,0.0
2024-04-18,156.9250030517578,158.48500061035156,156.2100067138672,157.4600067138672,157.28102111816406,14016100,0.0,0.0
2024-04-19,157.75,157.99000549316406,153.91000366210938,155.72000122070312,155.54299926757812,20063900,0.0,0.0
2024-04-22,156.00999450683594,159.18499755859375,155.66000366210938,157.9499969482422,157.7704620361328,17243900,0.0,0.0
2024-04-23,158.58999633789062,160.47999572753906,157.96499633789062,159.9199981689453,159.73822021484375,16115400,0.0,0.0
2024-04-24,159.08999633789062,161.38999938964844,158.82000732421875,161.10000610351562,160.91688537597656,19485700,0.0,0.0
2024-04-25,153.36000061035156,158.27999877929688,152.76800537109375,157.9499969482422,157.7704620361328,36197800,0.0,0.0
2024-04-26,175.99000549316406,176.4199981689453,171.39999389648438,173.69000244140625,173.49256896972656,56500800,0.0,0.0
2024-04-29,170.77000427246094,171.3800048828125,167.05999755859375,167.89999389648438,167.7091522216797,35914600,0.0,0.0
2024-04-30,167.3800048828125,169.8699951171875,164.5,164.63999938964844,164.45286560058594,29420800,0.0,0.0
2024-05-01,166.17999267578125,168.80999755859375,164.89999389648438,165.57000732421875,165.38180541992188,25223200,0.0,0.0
2024-05-02,166.6699981689453,168.52999877929688,165.69000244140625,168.4600067138672,168.26852416992188,17041100,0.0,0.0
2024-05-03,169.5399932861328,169.85000610351562,164.97999572753906,168.99000549316406,168.7979278564453,22767100,0.0,0.0
2024-05-06,169.22000122070312,169.89999389648438,167.88999938964844,169.8300018310547,169.636962890625,15147900,0.0,0.0
2024-05-07,170.1199951171875,173.47000122070312,170.0,172.97999572753906,172.7833709716797,21102400,0.0,0.0
2024-05-08,170.75,171.90899658203125,170.52200317382812,171.16000366210938,170.9654541015625,14569900,0.0,0.0
2024-05-09,171.14999389648438,172.44000244140625,169.92999267578125,171.5800018310547,171.38497924804688,11937700,0.0,0.0
2024-05-10,169.69000244140625,171.33999633789062,167.91000366210938,170.2899932861328,170.096435546875,18740500,0.0,0.0
2024-05-13,165.8470001220703,170.9499969482422,165.75999450683594,170.89999389648438,170.7057342529297,19648600,0.0,0.0
2024-05-14,171.58999633789062,172.77999877929688,170.4199981689453,171.92999267578125,171.7345733642578,18729500,0.0,0.0
2024-05-15,172.3000030517578,174.04600524902344,172.02999877929688,173.8800048828125,173.68235778808594,20958200,0.0,0.0
2024-05-16,174.60000610351562,176.33999633789062,174.0500030517578,175.42999267578125,175.2305908203125,17247300,0.0,0.0
2024-05-17,175.5500030517578,177.4949951171875,174.97999572753906,177.2899932861328,177.08847045898438,16546400,0.0,0.0
2024-05-20,177.30999755859375,179.9499969482422,177.22500610351562,178.4600067138672,178.2571563720703,17495100,0.0,0.0
2024-05-21,178.39999389648438,179.82000732421875,177.30999755859375,179.5399932861328,179.33592224121094,14706000,0.0,0.0
2024-05-22,178.39999389648438,178.8520050048828,176.77999877929688,178.0,177.79766845703125,16189400,0.0,0.0
2024-05-23,178.77999877929688,179.91000366210938,174.5399932861328,175.05999755859375,174.8610076904297,14928400,0.0,0.0
2024-05-24,176.52000427246094,177.3040008544922,175.1999969482422,176.3300018310547,176.12957763671875,11400600,0.0,0.0
2024-05-28,175.74000549316406,178.50999450683594,175.67999267578125,178.02000427246094,177.81765747070312,15655300,0.0,0.0
2024-05-29,176.80999755859375,178.22999572753906,176.25999450683594,177.39999389648438,177.19834899902344,15023800,0.0,0.0
2024-05-30,176.69000244140625,176.69000244140625,173.22999572753906,173.55999755859375,173.3627166748047,18844000,0.0,0.0
2024-05-31,173.39999389648438,174.4199981689453,170.97000122070312,173.9600067138672,173.76226806640625,28085200,0.0,0.0
2024-06-03,173.8800048828125,175.86000061035156,172.4499969482422,174.4199981689453,174.22174072265625,20742800,0.0,0.0
2024-06-04,174.4499969482422,175.19000244140625,173.22000122070312,175.1300048828125,174.93093872070312,14066600,0.0,0.0
2024-06-05,176.53500366210938,177.97000122070312,175.2899932861328,177.07000732421875,176.86874389648438,15233900,0.0,0.0
2024-06-06,177.42999267578125,178.7100067138672,177.2100067138672,178.35000610351562,178.14727783203125,14255800,0.0,0.0
2024-06-07,178.4600067138672,179.4199981689453,175.7899932861328,175.9499969482422,175.75,14716300,0.0,0.0
2024-06-10,176.4499969482422,178.47000122070312,174.3800048828125,176.6300048828125,176.6300048828125,17122200,0.2,0.0
2024-06-11,177.72000122070312,178.38999938964844,175.44000244140625,178.19000244140625,178.19000244140625,14402400,0.0,0.0
2024-06-12,179.75,182.0800018310547,177.77999877929688,179.55999755859375,179.55999755859375,18600400,0.0,0.0
2024-06-13,177.83999633789062,178.50999450683594,176.66000366210938,176.74000549316406,176.74000549316406,15956900,0.0,0.0
2024-06-14,175.8520050048828,178.72999572753906,175.8520050048828,178.3699951171875,178.3699951171875,12361600,0.0,0.0
2024-06-17,176.97999572753906,179.9199981689453,176.49000549316406,178.77999877929688,178.77999877929688,15272900,0.0,0.0
2024-06-18,178.7899932861328,178.91000366210938,175.6199951171875,176.4499969482422,176.4499969482422,15640300,0.0,0.0
2024-06-20,176.7100067138672,178.74000549316406,176.4600067138672,177.7100067138672,177.7100067138672,16753200,0.0,0.0
2024-06-21,178.49000549316406,182.51199340820312,178.05999755859375,180.25999450683597,180.25999450683597,59728000,0.0,0.0
2024-06-24,181.27999877929688,182.0800018310547,180.22999572753903,180.7899932861328,180.7899932861328,18198300,0.0,0.0
2024-06-25,181.1450042724609,185.75,181.10499572753903,185.5800018310547,185.5800018310547,18917700,0.0,0.0
2024-06-26,184.1999969482422,185.92999267578125,183.9900054931641,185.3699951171875,185.3699951171875,13375700,0.0,0.0
2024-06-27,185.6450042724609,187.5,185.4499969482422,186.8600006103516,186.8600006103516,13025700,0.0,0.0
2024-06-28,185.72000122070312,186.5800018310547,183.3249969482422,183.4199981689453,183.4199981689453,23032400,0.0,0.0
2024-07-01,184.47999572753903,185.33999633789065,182.72999572753903,184.4900054931641,184.4900054931641,11815900,0.0,0.0
2024-07-02,183.47000122070312,186.9499969482422,183.05999755859372,186.6100006103516,186.6100006103516,12555500,0.0,0.0
2024-07-03,186.3000030517578,187.6199951171875,185.38499450683597,187.38999938964844,187.38999938964844,7409100,0.0,0.0
2024-07-05,187.32000732421875,192.25999450683597,187.32000732421875,191.9600067138672,191.9600067138672,14303400,0.0,0.0
2024-07-08,191.3650054931641,191.6790008544922,189.32000732421875,190.47999572753903,190.47999572753903,12097600,0.0,0.0
2024-07-09,191.75,192.8600006103516,190.22999572753903,190.44000244140625,190.44000244140625,10198500,0.0,0.0
2024-07-10,190.75,193.30999755859372,190.6199951171875,192.66000366210935,192.66000366210935,12052900,0.0,0.0
2024-07-11,191.33999633789065,192.41000366210935,186.82000732421875,187.3000030517578,187.3000030517578,16452000,0.0,0.0
2024-07-12,186.9199981689453,188.69000244140625,186.13999938964844,186.77999877929688,186.77999877929688,14449100,0.0,0.0
2024-07-15,186.4900054931641,189.8999938964844,186.4900054931641,188.19000244140625,188.19000244140625,12186000,0.0,0.0
2024-07-16,188.9600067138672,190.33999633789065,185.1199951171875,185.5,185.5,12760100,0.0,0.0
2024-07-17,184.67999267578125,185.22999572753903,181.6199951171875,182.6199951171875,182.6199951171875,17376600,0.0,0.0
2024-07-18,183.5399932861328,184.0500030517578,178.2100067138672,179.22000122070312,179.22000122070312,17877200,0.0,0.0
2024-07-19,180.3699951171875,181.97000122070312,178.86000061035156,179.38999938964844,179.38999938964844,14485900,0.0,0.0
2024-07-22,182.3500061035156,184.3000030517578,181.8999938964844,183.3500061035156,183.3500061035156,16303900,0.0,0.0
2024-07-23,183.83999633789065,185.22000122070312,183.3300018310547,183.6000061035156,183.6000061035156,23772600,0.0,0.0
2024-07-24,175.38999938964844,177.9499969482422,173.57000732421875,174.3699951171875,174.3699951171875,31250700,0.0,0.0
2024-07-25,174.25,175.1999969482422,169.0500030517578,169.16000366210938,169.16000366210938,28967900,0.0,0.0
2024-07-26,168.77000427246094,169.83999633789062,165.86500549316406,168.67999267578125,168.67999267578125,25150100,0.0,0.0
2024-07-29,170.5,172.16000366210938,169.72000122070312,171.1300048828125,171.1300048828125,13768900,0.0,0.0
2024-07-30,171.8300018310547,172.9499969482422,170.1199951171875,171.86000061035156,171.86000061035156,13681400,0.0,0.0
